# URDRFBR1 — the OBSERVATION record: the object beside the digest, every frame.
#
# Produced by the headless harness (hainuwele/parallel/fibre_build.py slices fpsdemo.rs
# between the exact-integer helpers and the entry door, appends a replay main, and rustc -O
# builds it) replaying spec/attest/fpsdemo-castle-walk.txt at reach 60 with --sky --third and
# no castle, at 1280x720 — the same configuration as spec/attest/fpsdemo-castle-r60-off-b.txt.
#
# Columns: frame  fnv64  px py qw qx qy qz pitch_acc av_state phase
# where the last nine are THE OBJECT: the full deterministic state a replay folds the input
# word into, read out of the code rather than chosen (step_cam's camera, plus the wanderer's
# clip state and its elapsed frames since the last transition, because `av_start = frame` is
# what makes concatenation of trace segments legal at all).
#
# WHAT THE GATE CERTIFIES FROM THIS FILE: that every checkpoint of the committed HOST record is
# reproduced here, on a different operating system and compiler. Nothing else. The census
# `fibre.py` derives from these bytes is REPORTED, not asserted as an invariant.
#
# does_not_show: that the digest is injective on the object (it is a finite fingerprint of a
# framebuffer — a divergence detector, never an attestation); that equal objects imply equal
# digests, which this corpus cannot test because all 2564 objects are DISTINCT; or anything
# about a walk other than this one.
0 c16be073bfb70840 0 0 4294967296 0 0 0 0 0 0
1 c16be073bfb70840 0 0 4294967296 0 0 0 0 0 1
2 c16be073bfb70840 0 0 4294967296 0 0 0 0 0 2
3 c16be073bfb70840 0 0 4294967296 0 0 0 0 0 3
4 c16be073bfb70840 0 0 4294967296 0 0 0 0 0 4
5 c16be073bfb70840 0 0 4294967296 0 0 0 0 0 5
6 c16be073bfb70840 0 0 4294967296 0 0 0 0 0 6
7 fdc9133f5d373d98 0 0 4294967296 0 0 0 0 0 7
8 afff716c9d2810f0 0 0 4294967296 0 0 0 0 0 8
9 afff716c9d2810f0 0 0 4294967296 0 0 0 0 0 9
10 afff716c9d2810f0 0 0 4294967296 0 0 0 0 0 10
11 afff716c9d2810f0 0 0 4294967296 0 0 0 0 0 11
12 afff716c9d2810f0 0 0 4294967296 0 0 0 0 0 12
13 26ed284f6298cb13 0 0 4294967296 0 0 0 0 0 13
14 26ed284f6298cb13 0 0 4294967296 0 0 0 0 0 14
15 26ed284f6298cb13 0 0 4294967296 0 0 0 0 0 15
16 279b013c0c29056b 0 0 4294967296 0 0 0 0 0 16
17 279b013c0c29056b 0 0 4294967296 0 0 0 0 0 17
18 279b013c0c29056b 0 0 4294967296 0 0 0 0 0 18
19 758b76e632092b4b 0 0 4294967296 0 0 0 0 0 19
20 758b76e632092b4b 0 0 4294967296 0 0 0 0 0 20
21 758b76e632092b4b 0 0 4294967296 0 0 0 0 0 21
22 758b76e632092b4b 0 0 4294967296 0 0 0 0 0 22
23 7fc0504958eca863 0 0 4294967296 0 0 0 0 0 23
24 7fc0504958eca863 0 0 4294967296 0 0 0 0 0 24
25 9be2d5e22a076c27 0 0 4294967296 0 0 0 0 0 25
26 9be2d5e22a076c27 0 0 4294967296 0 0 0 0 0 26
27 9be2d5e22a076c27 0 0 4294967296 0 0 0 0 0 27
28 9be2d5e22a076c27 0 0 4294967296 0 0 0 0 0 28
29 9be2d5e22a076c27 0 0 4294967296 0 0 0 0 0 29
30 9be2d5e22a076c27 0 0 4294967296 0 0 0 0 0 30
31 3c33b51cfaf443e0 0 0 4294967296 0 0 0 0 0 31
32 3c33b51cfaf443e0 0 0 4294967296 0 0 0 0 0 32
33 3c33b51cfaf443e0 0 0 4294967296 0 0 0 0 0 33
34 3c33b51cfaf443e0 0 0 4294967296 0 0 0 0 0 34
35 3c33b51cfaf443e0 0 0 4294967296 0 0 0 0 0 35
36 3c33b51cfaf443e0 0 0 4294967296 0 0 0 0 0 36
37 f2233784565387ff 0 0 4294967296 0 0 0 0 0 37
38 b7c21970420d67f7 0 0 4294967296 0 0 0 0 0 38
39 b7c21970420d67f7 0 0 4294967296 0 0 0 0 0 39
40 b7c21970420d67f7 0 0 4294967296 0 0 0 0 0 40
41 b7c21970420d67f7 0 0 4294967296 0 0 0 0 0 41
42 b7c21970420d67f7 0 0 4294967296 0 0 0 0 0 42
43 092d635a383aae4c 0 0 4294967296 0 0 0 0 0 43
44 092d635a383aae4c 0 0 4294967296 0 0 0 0 0 44
45 092d635a383aae4c 0 0 4294967296 0 0 0 0 0 45
46 867b143a2920a74c 0 0 4294967296 0 0 0 0 0 46
47 867b143a2920a74c 0 0 4294967296 0 0 0 0 0 47
48 867b143a2920a74c 0 0 4294967296 0 0 0 0 0 48
49 a5c25df20c695dfc 0 0 4294967296 0 0 0 0 0 49
50 a5c25df20c695dfc 0 0 4294967296 0 0 0 0 0 50
51 a5c25df20c695dfc 0 0 4294967296 0 0 0 0 0 51
52 a5c25df20c695dfc 0 0 4294967296 0 0 0 0 0 52
53 b1093d501a79624c 0 0 4294967296 0 0 0 0 0 53
54 b1093d501a79624c 0 0 4294967296 0 0 0 0 0 54
55 e82aab0483f4d598 0 0 4294967296 0 0 0 0 0 55
56 e82aab0483f4d598 0 0 4294967296 0 0 0 0 0 56
57 e82aab0483f4d598 0 0 4294967296 0 0 0 0 0 57
58 e82aab0483f4d598 0 0 4294967296 0 0 0 0 0 58
59 e82aab0483f4d598 0 0 4294967296 0 0 0 0 0 59
60 e82aab0483f4d598 0 0 4294967296 0 0 0 0 0 60
61 e82aab0483f4d598 0 0 4294967296 0 0 0 0 0 61
62 e82aab0483f4d598 0 0 4294967296 0 0 0 0 0 62
63 e82aab0483f4d598 0 0 4294967296 0 0 0 0 0 63
64 e82aab0483f4d598 0 0 4294967296 0 0 0 0 0 64
65 e82aab0483f4d598 0 0 4294967296 0 0 0 0 0 65
66 b1093d501a79624c 0 0 4294967296 0 0 0 0 0 66
67 b1093d501a79624c 0 0 4294967296 0 0 0 0 0 67
68 a5c25df20c695dfc 0 0 4294967296 0 0 0 0 0 68
69 a5c25df20c695dfc 0 0 4294967296 0 0 0 0 0 69
70 a5c25df20c695dfc 0 0 4294967296 0 0 0 0 0 70
71 a5c25df20c695dfc 0 0 4294967296 0 0 0 0 0 71
72 867b143a2920a74c 0 0 4294967296 0 0 0 0 0 72
73 867b143a2920a74c 0 0 4294967296 0 0 0 0 0 73
74 867b143a2920a74c 0 0 4294967296 0 0 0 0 0 74
75 092d635a383aae4c 0 0 4294967296 0 0 0 0 0 75
76 092d635a383aae4c 0 0 4294967296 0 0 0 0 0 76
77 092d635a383aae4c 0 0 4294967296 0 0 0 0 0 77
78 b7c21970420d67f7 0 0 4294967296 0 0 0 0 0 78
79 b7c21970420d67f7 0 0 4294967296 0 0 0 0 0 79
80 b7c21970420d67f7 0 0 4294967296 0 0 0 0 0 80
81 b7c21970420d67f7 0 0 4294967296 0 0 0 0 0 81
82 b7c21970420d67f7 0 0 4294967296 0 0 0 0 0 82
83 f2233784565387ff 0 0 4294967296 0 0 0 0 0 83
84 3c33b51cfaf443e0 0 0 4294967296 0 0 0 0 0 84
85 3c33b51cfaf443e0 0 0 4294967296 0 0 0 0 0 85
86 3c33b51cfaf443e0 0 0 4294967296 0 0 0 0 0 86
87 3c33b51cfaf443e0 0 0 4294967296 0 0 0 0 0 87
88 3c33b51cfaf443e0 0 0 4294967296 0 0 0 0 0 88
89 3c33b51cfaf443e0 0 0 4294967296 0 0 0 0 0 89
90 9be2d5e22a076c27 0 0 4294967296 0 0 0 0 0 90
91 9be2d5e22a076c27 0 0 4294967296 0 0 0 0 0 91
92 9be2d5e22a076c27 0 0 4294967296 0 0 0 0 0 92
93 9be2d5e22a076c27 0 0 4294967296 0 0 0 0 0 93
94 9be2d5e22a076c27 0 0 4294967296 0 0 0 0 0 94
95 9be2d5e22a076c27 0 0 4294967296 0 0 0 0 0 95
96 7fc0504958eca863 0 0 4294967296 0 0 0 0 0 96
97 7fc0504958eca863 0 0 4294967296 0 0 0 0 0 97
98 758b76e632092b4b 0 0 4294967296 0 0 0 0 0 98
99 758b76e632092b4b 0 0 4294967296 0 0 0 0 0 99
100 758b76e632092b4b 0 0 4294967296 0 0 0 0 0 100
101 758b76e632092b4b 0 0 4294967296 0 0 0 0 0 101
102 279b013c0c29056b 0 0 4294967296 0 0 0 0 0 102
103 279b013c0c29056b 0 0 4294967296 0 0 0 0 0 103
104 279b013c0c29056b 0 0 4294967296 0 0 0 0 0 104
105 26ed284f6298cb13 0 0 4294967296 0 0 0 0 0 105
106 26ed284f6298cb13 0 0 4294967296 0 0 0 0 0 106
107 26ed284f6298cb13 0 0 4294967296 0 0 0 0 0 107
108 afff716c9d2810f0 0 0 4294967296 0 0 0 0 0 108
109 afff716c9d2810f0 0 0 4294967296 0 0 0 0 0 109
110 afff716c9d2810f0 0 0 4294967296 0 0 0 0 0 110
111 afff716c9d2810f0 0 0 4294967296 0 0 0 0 0 111
112 afff716c9d2810f0 0 0 4294967296 0 0 0 0 0 112
113 fdc9133f5d373d98 0 0 4294967296 0 0 0 0 0 113
114 c16be073bfb70840 0 0 4294967296 0 0 0 0 0 114
115 c16be073bfb70840 0 0 4294967296 0 0 0 0 0 115
116 c16be073bfb70840 0 0 4294967296 0 0 0 0 0 116
117 c16be073bfb70840 0 0 4294967296 0 0 0 0 0 117
118 c16be073bfb70840 0 0 4294967296 0 0 0 0 0 118
119 c16be073bfb70840 0 0 4294967296 0 0 0 0 0 119
120 c16be073bfb70840 0 0 4294967296 0 0 0 0 0 120
121 c16be073bfb70840 0 0 4294967296 0 0 0 0 0 121
122 c16be073bfb70840 0 0 4294967296 0 0 0 0 0 122
123 c16be073bfb70840 0 0 4294967296 0 0 0 0 0 123
124 c16be073bfb70840 0 0 4294967296 0 0 0 0 0 124
125 c16be073bfb70840 0 0 4294967296 0 0 0 0 0 125
126 c16be073bfb70840 0 0 4294967296 0 0 0 0 0 126
127 fdc9133f5d373d98 0 0 4294967296 0 0 0 0 0 127
128 afff716c9d2810f0 0 0 4294967296 0 0 0 0 0 128
129 afff716c9d2810f0 0 0 4294967296 0 0 0 0 0 129
130 afff716c9d2810f0 0 0 4294967296 0 0 0 0 0 130
131 afff716c9d2810f0 0 0 4294967296 0 0 0 0 0 131
132 afff716c9d2810f0 0 0 4294967296 0 0 0 0 0 132
133 26ed284f6298cb13 0 0 4294967296 0 0 0 0 0 133
134 26ed284f6298cb13 0 0 4294967296 0 0 0 0 0 134
135 26ed284f6298cb13 0 0 4294967296 0 0 0 0 0 135
136 279b013c0c29056b 0 0 4294967296 0 0 0 0 0 136
137 279b013c0c29056b 0 0 4294967296 0 0 0 0 0 137
138 279b013c0c29056b 0 0 4294967296 0 0 0 0 0 138
139 758b76e632092b4b 0 0 4294967296 0 0 0 0 0 139
140 758b76e632092b4b 0 0 4294967296 0 0 0 0 0 140
141 758b76e632092b4b 0 0 4294967296 0 0 0 0 0 141
142 758b76e632092b4b 0 0 4294967296 0 0 0 0 0 142
143 7fc0504958eca863 0 0 4294967296 0 0 0 0 0 143
144 7fc0504958eca863 0 0 4294967296 0 0 0 0 0 144
145 9be2d5e22a076c27 0 0 4294967296 0 0 0 0 0 145
146 9be2d5e22a076c27 0 0 4294967296 0 0 0 0 0 146
147 9be2d5e22a076c27 0 0 4294967296 0 0 0 0 0 147
148 9be2d5e22a076c27 0 0 4294967296 0 0 0 0 0 148
149 9be2d5e22a076c27 0 0 4294967296 0 0 0 0 0 149
150 9be2d5e22a076c27 0 0 4294967296 0 0 0 0 0 150
151 3c33b51cfaf443e0 0 0 4294967296 0 0 0 0 0 151
152 3c33b51cfaf443e0 0 0 4294967296 0 0 0 0 0 152
153 3c33b51cfaf443e0 0 0 4294967296 0 0 0 0 0 153
154 3c33b51cfaf443e0 0 0 4294967296 0 0 0 0 0 154
155 3c33b51cfaf443e0 0 0 4294967296 0 0 0 0 0 155
156 3c33b51cfaf443e0 0 0 4294967296 0 0 0 0 0 156
157 f2233784565387ff 0 0 4294967296 0 0 0 0 0 157
158 b7c21970420d67f7 0 0 4294967296 0 0 0 0 0 158
159 b7c21970420d67f7 0 0 4294967296 0 0 0 0 0 159
160 b7c21970420d67f7 0 0 4294967296 0 0 0 0 0 160
161 b7c21970420d67f7 0 0 4294967296 0 0 0 0 0 161
162 b7c21970420d67f7 0 0 4294967296 0 0 0 0 0 162
163 092d635a383aae4c 0 0 4294967296 0 0 0 0 0 163
164 092d635a383aae4c 0 0 4294967296 0 0 0 0 0 164
165 092d635a383aae4c 0 0 4294967296 0 0 0 0 0 165
166 867b143a2920a74c 0 0 4294967296 0 0 0 0 0 166
167 867b143a2920a74c 0 0 4294967296 0 0 0 0 0 167
168 867b143a2920a74c 0 0 4294967296 0 0 0 0 0 168
169 a5c25df20c695dfc 0 0 4294967296 0 0 0 0 0 169
170 a5c25df20c695dfc 0 0 4294967296 0 0 0 0 0 170
171 a5c25df20c695dfc 0 0 4294967296 0 0 0 0 0 171
172 a5c25df20c695dfc 0 0 4294967296 0 0 0 0 0 172
173 b1093d501a79624c 0 0 4294967296 0 0 0 0 0 173
174 b1093d501a79624c 0 0 4294967296 0 0 0 0 0 174
175 e82aab0483f4d598 0 0 4294967296 0 0 0 0 0 175
176 e82aab0483f4d598 0 0 4294967296 0 0 0 0 0 176
177 e82aab0483f4d598 0 0 4294967296 0 0 0 0 0 177
178 e82aab0483f4d598 0 0 4294967296 0 0 0 0 0 178
179 e82aab0483f4d598 0 0 4294967296 0 0 0 0 0 179
180 e82aab0483f4d598 0 0 4294967296 0 0 0 0 0 180
181 e82aab0483f4d598 0 0 4294967296 0 0 0 0 0 181
182 e82aab0483f4d598 0 0 4294967296 0 0 0 0 0 182
183 e82aab0483f4d598 0 0 4294967296 0 0 0 0 0 183
184 e82aab0483f4d598 0 0 4294967296 0 0 0 0 0 184
185 e82aab0483f4d598 0 0 4294967296 0 0 0 0 0 185
186 b1093d501a79624c 0 0 4294967296 0 0 0 0 0 186
187 b1093d501a79624c 0 0 4294967296 0 0 0 0 0 187
188 a5c25df20c695dfc 0 0 4294967296 0 0 0 0 0 188
189 a5c25df20c695dfc 0 0 4294967296 0 0 0 0 0 189
190 a5c25df20c695dfc 0 0 4294967296 0 0 0 0 0 190
191 a5c25df20c695dfc 0 0 4294967296 0 0 0 0 0 191
192 867b143a2920a74c 0 0 4294967296 0 0 0 0 0 192
193 867b143a2920a74c 0 0 4294967296 0 0 0 0 0 193
194 867b143a2920a74c 0 0 4294967296 0 0 0 0 0 194
195 092d635a383aae4c 0 0 4294967296 0 0 0 0 0 195
196 092d635a383aae4c 0 0 4294967296 0 0 0 0 0 196
197 092d635a383aae4c 0 0 4294967296 0 0 0 0 0 197
198 b7c21970420d67f7 0 0 4294967296 0 0 0 0 0 198
199 b7c21970420d67f7 0 0 4294967296 0 0 0 0 0 199
200 b7c21970420d67f7 0 0 4294967296 0 0 0 0 0 200
201 b7c21970420d67f7 0 0 4294967296 0 0 0 0 0 201
202 b7c21970420d67f7 0 0 4294967296 0 0 0 0 0 202
203 f2233784565387ff 0 0 4294967296 0 0 0 0 0 203
204 3c33b51cfaf443e0 0 0 4294967296 0 0 0 0 0 204
205 3c33b51cfaf443e0 0 0 4294967296 0 0 0 0 0 205
206 3c33b51cfaf443e0 0 0 4294967296 0 0 0 0 0 206
207 3c33b51cfaf443e0 0 0 4294967296 0 0 0 0 0 207
208 3c33b51cfaf443e0 0 0 4294967296 0 0 0 0 0 208
209 3c33b51cfaf443e0 0 0 4294967296 0 0 0 0 0 209
210 9be2d5e22a076c27 0 0 4294967296 0 0 0 0 0 210
211 9be2d5e22a076c27 0 0 4294967296 0 0 0 0 0 211
212 9be2d5e22a076c27 0 0 4294967296 0 0 0 0 0 212
213 9be2d5e22a076c27 0 0 4294967296 0 0 0 0 0 213
214 9be2d5e22a076c27 0 0 4294967296 0 0 0 0 0 214
215 9be2d5e22a076c27 0 0 4294967296 0 0 0 0 0 215
216 7fc0504958eca863 0 0 4294967296 0 0 0 0 0 216
217 7fc0504958eca863 0 0 4294967296 0 0 0 0 0 217
218 758b76e632092b4b 0 0 4294967296 0 0 0 0 0 218
219 758b76e632092b4b 0 0 4294967296 0 0 0 0 0 219
220 758b76e632092b4b 0 0 4294967296 0 0 0 0 0 220
221 17ab86f9c0ba2524 0 40 4294967296 0 0 0 0 1 0
222 eb64d9725d4ac782 0 80 4294967296 0 0 0 0 1 1
223 7a4e59c9ead1a7d9 0 120 4294967296 0 0 0 0 1 2
224 df07054022ccfca7 0 160 4294967296 0 0 0 0 1 3
225 857454bf19a90667 0 200 4294967296 0 0 0 0 1 4
226 15b350b1f4b11520 0 240 4294967296 0 0 0 0 1 5
227 e99d01bb02d2c255 0 280 4294967296 0 0 0 0 1 6
228 166934b8f692fd63 0 320 4294967296 0 0 0 0 1 7
229 3bec43b835adb5b5 0 360 4294967296 0 0 0 0 1 8
230 31e2153fc3289e48 0 400 4294967296 0 0 0 0 1 9
231 78be0ee120bb56b1 0 440 4294967296 0 0 0 0 1 10
232 27c2f9d4a861ea78 0 480 4294967296 0 0 0 0 1 11
233 8dce1e0ed4fbfd60 0 520 4294967296 0 0 0 0 1 12
234 59e1a19d907dfc21 0 559 4294965856 1572864 1152 3145727 1572864 1 13
235 a6fd43c064ac0576 0 598 4294961536 3145724 4608 6291450 3145728 1 14
236 fa831421da6406da 0 637 4294957056 4194296 8192 8388597 4194304 1 15
237 f9fb4f286ddbcb92 0 676 4294951872 5767151 13376 9961452 5767168 1 16
238 f3a00d3de2ecbbdb 0 715 4294947936 5767146 15488 11534310 5767168 1 17
239 3192c508832f792c 0 754 4294947200 6291432 16896 11534308 6291456 1 18
240 bf9fabaea36e706f 0 793 4294947200 6291432 16896 11534308 6291456 1 19
241 e23d2fa09b3068d6 0 832 4294944256 6291428 18432 12582879 6291456 1 20
242 3cd540aec68b61c7 0 871 4294944256 6291428 18432 12582879 6291456 1 21
243 bc9890a5f2906a61 0 910 4294944256 6291428 18432 12582879 6291456 1 22
244 32eea5578082610a 0 949 4294944256 6291428 18432 12582879 6291456 1 23
245 a2dee45c3286534b 0 988 4294944256 6291428 18432 12582879 6291456 1 24
246 26d207bdd99a8195 0 1027 4294944256 6291428 18432 12582879 6291456 1 25
247 0e6c86c7d7b8043c 0 1066 4294944256 6291428 18432 12582879 6291456 1 26
248 f9b3a38574ed1f4f 0 1105 4294944256 6291428 18432 12582879 6291456 1 27
249 dcca7141c7da2704 0 1144 4294944256 6291428 18432 12582879 6291456 1 28
250 9b4011ec0f986753 0 1183 4294944256 6291428 18432 12582879 6291456 1 29
251 a68d188dae675651 0 1222 4294944256 6291428 18432 12582879 6291456 1 30
252 055e3b83044f9e90 0 1261 4294944256 6291428 18432 12582879 6291456 1 31
253 6b7139aaa42a65aa 0 1300 4294944256 6291428 18432 12582879 6291456 1 32
254 9ee967880d89d085 0 1339 4294944256 6291428 18432 12582879 6291456 1 33
255 c7e1543ec78a7044 0 1378 4294944256 6291428 18432 12582879 6291456 1 34
256 e0ab6bb70d9bad5b 39 1417 4294944256 6291428 18432 12582879 6291456 1 35
257 5ec85f0da4b7a731 78 1456 4294944256 6291428 18432 12582879 6291456 1 36
258 e26b6d80373d9c6d 117 1495 4294944256 6291428 18432 12582879 6291456 1 37
259 4f18f328c6f28364 156 1534 4294944256 6291428 18432 12582879 6291456 1 38
260 a9a111923ea9d78d 195 1573 4294944256 6291428 18432 12582879 6291456 1 39
261 f0ec8fdfbb59cca2 234 1612 4294944256 6291428 18432 12582879 6291456 1 40
262 0e1dc081ece29855 273 1651 4294944256 6291428 18432 12582879 6291456 1 41
263 83678c7071db5238 312 1690 4294944256 6291428 18432 12582879 6291456 1 42
264 7fada407ce2c4573 351 1729 4294944256 6291428 18432 12582879 6291456 1 43
265 8107c8ee6cac0935 390 1768 4294944256 6291428 18432 12582879 6291456 1 44
266 d6e7dc59640438c4 429 1807 4294944256 6291428 18432 12582879 6291456 1 45
267 da471b35fc8b8a7d 468 1846 4294944256 6291428 18432 12582879 6291456 1 46
268 eb6fc53f53f47dff 507 1885 4294944256 6291428 18432 12582879 6291456 1 47
269 86e278ea1481b777 546 1924 4294944256 6291428 18432 12582879 6291456 1 48
270 9961d7c46639448e 585 1963 4294944256 6291428 18432 12582879 6291456 1 49
271 8d2202f7f63d0bdc 624 2002 4294944256 6291428 18432 12582879 6291456 1 50
272 9e6d0661596f1ff0 663 2041 4294944256 6291428 18432 12582879 6291456 1 51
273 ee0d1a1f26010d3f 702 2080 4294944256 6291428 18432 12582879 6291456 1 52
274 13bea71a2097bf75 741 2119 4294944256 6291428 18432 12582879 6291456 1 53
275 ace4f10baa0a4905 780 2158 4294944256 6291428 18432 12582879 6291456 1 54
276 fd7b5e7aeb6522f9 819 2197 4294944256 6291428 18432 12582879 6291456 1 55
277 a2491fe6af4e0f05 858 2236 4294944256 6291428 18432 12582879 6291456 1 56
278 97207fef69b40682 897 2275 4294944256 6291428 18432 12582879 6291456 1 57
279 1486fcc8de36dd15 936 2314 4294944256 6291428 18432 12582879 6291456 1 58
280 42a5b3ebf6452015 975 2353 4294944256 6291428 18432 12582879 6291456 1 59
281 cdd528b047265fa6 1014 2392 4294944256 6291428 18432 12582879 6291456 1 60
282 a2f1cd682f0888a8 1053 2431 4294946784 2097145 6400 13107177 2097152 1 61
283 45ce9dbf35af446c 1092 2470 4294943168 -2621421 -8640 14155747 -2621440 1 62
284 20898e89f8b62905 1131 2509 4294933088 -6815689 -24960 15728585 -6815744 1 63
285 e526849bcb9243ee 1170 2548 4294923744 -10485667 -39680 16252841 -10485760 1 64
286 ef4b14c431cb9632 1209 2587 4294909632 -15204202 -57536 16252788 -15204352 1 65
287 27aba6888a95b867 1248 2626 4294890336 -19922718 -75392 16252715 -19922944 1 66
288 3b7feac7fdf24a28 1287 2665 4294874592 -23068383 -87296 16252655 -23068672 1 67
289 5f1631bedf02c02b 1326 2704 4294850497 -27786881 -98368 15204002 -27787264 1 68
290 66c9d3f2fc94366a 1365 2743 4294829025 -33554016 -61440 7864083 -33554432 1 69
291 6f7ea7505209c4ad 1404 2782 4294741442 -43515068 69054 -6815327 -43515904 1 70
292 6de695288cc0fbfe 1443 2821 4294421527 -60813614 445416 -31453510 -60817408 1 71
293 1f18efb9804c7843 1483 2859 4293384816 -87011195 1572108 -77572365 -87031808 1 72
294 e03ca921fe4d5f4f 1524 2896 4291959817 -107425594 2990559 -119481370 -107479040 1 73
295 6b389b7b69876c7c 1565 2932 4290041708 -124671817 4750396 -163464320 -124780544 1 74
296 28ca7475afbf3d02 1607 2968 4287840516 -136133670 6552294 -206379440 -136314880 1 75
297 36f65afb8b940168 1650 3003 4285834762 -142354688 8001723 -240905749 -142606336 1 76
298 463a6e8a2432dba5 1694 3037 4284054835 -142295567 8992010 -270720068 -142606336 1 77
299 a29bc1421c102e7e 1738 3071 4282610581 -142247596 9721425 -292680370 -142606336 1 78
300 b16d617cf9936a46 1782 3105 4281646880 -138029813 9941144 -308371546 -138412032 1 79
301 511e1a40cbd78847 1826 3139 4281536250 -134364006 9776053 -311515901 -134742016 1 80
302 6c89e01ba7937aa6 1870 3173 4281541279 -131748395 9618082 -312567117 -132120576 1 81
303 f7ba54eb74a5fbe8 1914 3207 4281766475 -128093220 9304083 -311007212 -128450560 1 82
304 75f7545bb8629e3d 1958 3241 4282010497 -124961544 9015277 -308923154 -125304832 1 83
305 9c3cfb7a3e0f0793 2002 3275 4282355607 -120786186 8625126 -305795403 -121110528 1 84
306 e0e2e6c321bc3ed2 2046 3309 4282680083 -117132997 8278034 -302666015 -117440512 1 85
307 424174c7d2df2cd2 2090 3343 4282838492 -113998201 8028522 -301626391 -114294784 1 86
308 644b97d4cb03daae 2134 3377 4282947776 -109815689 7733961 -301634088 -110100480 1 87
309 37a4153115e1ec07 2178 3411 4283028984 -105109335 7415402 -302165236 -105381888 1 88
310 59dc257d62b3b3ea 2222 3445 4282917127 -97259963 6957093 -306360987 -97517568 1 89
311 3b4d9dbed3b89455 2266 3479 4282947766 -85230348 6159351 -309516319 -85458944 1 90
312 cf7a0a02e59491bd 2310 3513 4282973053 -75816707 5516269 -311620439 -76021760 1 91
313 d11ca6b1c40cf266 2354 3547 4282938300 -66402756 4872074 -314245964 -66584576 1 92
314 7f822e30c292a716 2398 3581 4282905868 -58035445 4286642 -316346180 -58195968 1 93
315 46335bf09e81b3c7 2442 3615 4282850905 -53328626 3958621 -317919147 -53477376 1 94
316 325fe15b70a69148 2486 3649 4282772102 -50190391 3744150 -319490380 -50331648 1 95
317 845b8725016f96d6 2530 3682 4282712066 -48621103 3639019 -320537324 -48758784 1 96
318 83f8a1b6de882448 2574 3715 4282712066 -48621103 3639019 -320537324 -48758784 1 97
319 8fc1307a7db609fa 2579 3754 4282712066 -48621103 3639019 -320537324 -48758784 1 98
320 0235ddfc0d54835e 2584 3793 4282712066 -48621103 3639019 -320537324 -48758784 1 99
321 8620ba0a3e8f4d47 2589 3832 4282712066 -48621103 3639019 -320537324 -48758784 1 100
322 6f6955b43a0cda83 2594 3871 4282712066 -48621103 3639019 -320537324 -48758784 1 101
323 5fe9fe28bfa1df9b 2599 3910 4282712066 -48621103 3639019 -320537324 -48758784 1 102
324 18beffab5a3b8c3c 2604 3949 4282594395 -48619767 3656824 -322105679 -48758784 1 103
325 be4af1f2ff7df1fa 2610 3988 4282117966 -48614358 3728040 -328378658 -48758784 1 104
326 a7029a63e52a805b 2616 4027 4281095898 -48602755 3876381 -341445055 -48758784 1 105
327 8174c0c5937e413a 2622 4066 4279283122 -49104616 4169870 -363388751 -49283072 1 106
328 877729635ae566fb 2629 4105 4276651137 -49074414 4511431 -393154520 -49283072 1 107
329 172b547922893f0b 2636 4144 4273793863 -50606950 5007644 -422899450 -50855936 1 108
330 f59de6257dcf8187 2644 4182 4268262122 -54710305 6088883 -475028674 -55050240 1 109
331 b3be55f4dfa74e12 2653 4220 4261038617 -59820114 7516478 -535405481 -60293120 1 110
332 427021e3abc59501 2663 4258 4253974269 -64395488 8907114 -588405365 -65011712 1 111
333 14877212dd3e422a 2675 4295 4240837126 -75070821 11957171 -675474606 -76021760 1 112
334 860e4eabdf6d65ef 2688 4332 4230104079 -81079369 14165459 -739046024 -82313216 1 113
335 c55b24b7dbc352e4 2702 4369 4219590397 -86546032 16331890 -796268801 -88080384 1 114
336 9037daccdebcdd0b 2717 4405 4209137494 -91472035 18455353 -849233712 -93323264 1 115
337 df597428bfa2492b 2733 4441 4194076278 -102926368 22563811 -919437482 -105381888 1 116
338 72d91ed72ffd79fd 2750 4476 4187693476 -107373361 24295343 -947548477 -110100480 1 117
339 cd35723a07492e10 2767 4511 4179508761 -113800655 26744511 -982234560 -116916224 1 118
340 64268467a38522a0 2785 4546 4174672287 -117748925 28264597 -1002093643 -121110528 1 119
341 8bf1a8caed4813bc 2803 4581 4172787022 -119225102 28849929 -1009725506 -122683392 1 120
342 f8ddb148cea4e5ec 2821 4616 4172787022 -119225102 28849929 -1009725506 -122683392 1 121
343 14de806c0827e194 2839 4651 4174628886 -119277728 28631573 -1002083225 -122683392 1 122
344 b1e9deb1f6924817 2856 4686 4175849021 -119312590 28485949 -996986500 -122683392 1 123
345 86943b15d1a0e26d 2873 4721 4178073016 -117844844 27861971 -987818936 -121110528 1 124
346 3d17eb572ee04a5a 2890 4756 4180872859 -116391531 27173545 -976094676 -119537664 1 125
347 065e90142f0af96f 2907 4791 4183846368 -115963193 26700627 -963334445 -119013376 1 126
348 c8534ef19a59f60b 2924 4826 4187026887 -115028346 26086459 -949546152 -117964800 1 127
349 e180b3dda7c6fe8c 2941 4861 4187966195 -114542540 25858701 -945459971 -117440512 1 128
350 698867b5dd33de06 2958 4896 4188081576 -114545696 25844719 -944948738 -117440512 1 129
351 eb6ab1b5ae1fc462 2975 4931 4188081576 -114545696 25844719 -944948738 -117440512 1 130
352 a42b6a68df0e7f8a 2992 4966 4188081576 -114545696 25844719 -944948738 -117440512 1 131
353 bc7b40cbb22e2b66 3009 5001 4188081576 -114545696 25844719 -944948738 -117440512 1 132
354 e98c27635229a2d0 3026 5036 4188081576 -114545696 25844719 -944948738 -117440512 1 133
355 7824ca3a6a0cf034 3043 5071 4187850751 -114539383 25872683 -945971191 -117440512 1 134
356 025961817588a75e 3060 5106 4187504045 -114529900 25914627 -947504764 -117440512 1 135
357 c2a47d05c585d76d 3077 5141 4187156778 -114520402 25956567 -949038210 -117440512 1 136
358 b0af0690e08e7e1b 3094 5176 4186808949 -114510889 25998504 -950571529 -117440512 1 137
359 8fd58ac82cbbc78a 3111 5211 4186139434 -113469813 25849545 -953644123 -116391936 1 138
360 7307721df2053f65 3128 5246 4184386245 -113422291 26057271 -961307562 -116391936 1 139
361 f9e3cd4686ad8d6e 3145 5281 4181195163 -113335793 26430956 -975093578 -116391936 1 140
362 d3dfcd516862481a 3162 5316 4176990990 -113221834 26914933 -992948509 -116391936 1 141
363 e1096d174fa2942e 3180 5351 4169481617 -113018284 27757246 -1024023201 -116391936 1 142
364 142308854d8a2669 3198 5386 4162255702 -112822418 28542937 -1053008997 -116391936 1 143
365 c3fc60a81bb1204d 3217 5420 4152987016 -112063853 29386720 -1089045928 -115867648 1 144
366 55f291757e02e0e4 3236 5454 4148201828 -110414522 29473397 -1107296535 -114294784 1 145
367 3c24f368b204101e 3256 5488 4141682761 -108723212 29705440 -1131593934 -112721920 1 146
368 aae519cae1ff113b 3276 5522 4137130265 -107087612 29722657 -1148279605 -111149056 1 147
369 8f71d7127645cb75 3296 5556 4135098054 -104004402 29072110 -1155874583 -108003328 1 148
370 cdac7c154d965c26 3316 5590 4134749541 -100965396 28262492 -1157409834 -104857600 1 149
371 79a8edf5ff73900f 3336 5624 4134786239 -99451199 27838634 -1157420106 -103284736 1 150
372 40c18cecf62e787f 3356 5658 4134798348 -98946464 27697347 -1157423496 -102760448 1 151
373 7884531367a44df1 3376 5692 4134822381 -97936989 27414772 -1157430224 -101711872 1 152
374 f55309ab568c6c5d 3396 5726 4134822381 -97936989 27414772 -1157430224 -101711872 1 153
375 de640c5d48430435 3416 5759 4131556477 -97859633 27689632 -1169034614 -101711872 1 154
376 ab307a6bc7602b9f 3437 5792 4122297593 -97640328 28453292 -1201275739 -101711872 1 155
377 d1b9b66a0b382fa8 3459 5825 4111731719 -97390066 29298440 -1236957203 -101711872 1 156
378 7fe740411e5fd634 3513 5835 4100510380 -98626786 30631483 -1273535694 -103284736 1 157
379 5a1605b8b01678e3 3568 5844 4087793079 -101815985 32715507 -1313489633 -106954752 1 158
380 f0977138feb53d4b 3622 5851 4074009464 -105453762 35081296 -1355300617 -111149056 1 159
381 54aac6579f84dfd4 3677 5857 4054187554 -106921617 37273784 -1413324371 -113246208 1 160
382 b7cb7272a580a49c 3732 5862 4039811995 -107529463 38697062 -1453823602 -114294784 1 161
383 31291bbec91c6eca 3787 5866 4024314829 -107608567 40006352 -1496146423 -114819072 1 162
384 a3f34c58da1133cf 3843 5868 3998491198 -108871864 42576690 -1563696374 -116916224 1 163
385 15f55ab072fcc058 3899 5870 3996770858 -108825022 42696274 -1568088301 -116916224 1 164
386 e64f897488027c4d 3955 5872 3999825902 -108908205 42483644 -1560279132 -116916224 1 165
387 1a5bf1c7f5a4e5e7 3981 5901 4004973174 -108069861 41746756 -1547097947 -115867648 1 166
388 3b1a34ea66ebcc75 4007 5930 4009152870 -106713396 40893754 -1536351942 -114294784 1 167
389 5c57aace0f22458d 4033 5959 4011998127 -105318865 40138345 -1529023202 -112721920 1 168
390 70b9ce76225fa9ba 4059 5988 4012371304 -105328661 40112631 -1528043665 -112721920 1 169
391 52975cf4ca528a11 4085 6017 4012371304 -105328661 40112631 -1528043665 -112721920 1 170
392 e5ba1df0bcd0883e 4111 6046 4010690124 -105284528 40228324 -1532450863 -112721920 1 171
393 72c1613835be2e81 4137 6075 4007663608 -106184193 40809924 -1540271387 -113770496 1 172
394 9aee36542fe588c2 4163 6104 4002446366 -110446395 42866342 -1553425644 -118489088 1 173
395 14a7d0ceb107ab83 4190 6133 3998069184 -110325608 43176263 -1564656814 -118489088 1 174
396 631021239b26c549 4217 6162 3992863527 -111157529 43924859 -1577814797 -119537664 1 175
397 f9fd381572a292d2 4244 6190 3989193315 -111055354 44182552 -1587071320 -119537664 1 176
398 9d7e21b7ed174f77 4271 6218 3985111801 -110941729 44467094 -1597292275 -119537664 1 177
399 f119d792daaf6eac 4298 6246 3979249153 -110292395 44676312 -1611880848 -119013376 1 178
400 b53a61cadd395a62 4326 6274 3964728055 -109889915 45657329 -1647275063 -119013376 1 179
401 a17596cd335ecc38 4354 6301 3944105505 -109800152 47215634 -1696021948 -119537664 1 180
402 ee1a40ddc062d46d 4383 6327 3920642552 -113457783 50620746 -1749248673 -124256256 1 181
403 b692891295ff9c1d 4438 6322 3893107899 -118368782 55009969 -1809258879 -130547712 1 182
404 c7bf173ae85e621e 4494 6316 3872304292 -118209387 56576361 -1853329220 -131072000 1 183
405 1ba21c6abf4e80ae 4549 6309 3860616985 -112664058 54803953 -1877946727 -125304832 1 184
406 eab895fd66b81354 4604 6302 3860616984 -112664058 54803953 -1877946727 -125304832 1 185
407 356cf9af0d183199 4659 6295 3860616984 -112664058 54803953 -1877946727 -125304832 1 186
408 8ce7fbb19c26aacb 4714 6288 3860616984 -112664058 54803953 -1877946727 -125304832 1 187
409 ee3618001a6f3444 4769 6281 3860616984 -112664058 54803953 -1877946727 -125304832 1 188
410 65f8ee81d00ea47e 4824 6274 3860616984 -112664058 54803953 -1877946727 -125304832 1 189
411 a29cf0a8732f6d02 4879 6267 3860616984 -112664058 54803953 -1877946727 -125304832 1 190
412 ab8920771b747b9f 4934 6260 3860616984 -112664058 54803953 -1877946727 -125304832 1 191
413 171cfb807d5b45d6 4989 6253 3860616984 -112664058 54803953 -1877946727 -125304832 1 192
414 bba44efa7ee855eb 5044 6246 3860616984 -112664058 54803953 -1877946727 -125304832 1 193
415 50db407c89000364 5099 6239 3860616984 -112664058 54803953 -1877946727 -125304832 1 194
416 06441f01222154dc 5154 6232 3860616984 -112664058 54803953 -1877946727 -125304832 1 195
417 19c2bc13d8799604 5209 6225 3860616984 -112664058 54803953 -1877946727 -125304832 1 196
418 5b0088922f474966 5264 6218 3860616984 -112664058 54803953 -1877946727 -125304832 1 197
419 099da5454625277a 5319 6211 3860616984 -112664058 54803953 -1877946727 -125304832 1 198
420 daed45b70eca20a3 5374 6204 3860616984 -112664058 54803953 -1877946727 -125304832 1 199
421 61ccf5516a568447 5429 6197 3860616984 -112664058 54803953 -1877946727 -125304832 1 200
422 b52be5f172bb6efb 5484 6190 3860616984 -112664058 54803953 -1877946727 -125304832 1 201
423 2939c321f3075f24 5539 6183 3860616984 -112664058 54803953 -1877946727 -125304832 1 202
424 b1cda83d6b57167b 5594 6176 3860616984 -112664058 54803953 -1877946727 -125304832 1 203
425 d6b0acb600368bec 5649 6169 3860616984 -112664058 54803953 -1877946727 -125304832 1 204
426 cc15bb555785d59a 5704 6162 3860616984 -112664058 54803953 -1877946727 -125304832 1 205
427 7117106da569994c 5759 6155 3860616984 -112664058 54803953 -1877946727 -125304832 1 206
428 ae12f55a21c66dd0 5814 6148 3860616984 -112664058 54803953 -1877946727 -125304832 1 207
429 1879cd059ed3e457 5869 6141 3860616984 -112664058 54803953 -1877946727 -125304832 1 208
430 e4ffdad4f73c9571 5900 6165 3856738937 -111608503 54577194 -1885967581 -124256256 1 209
431 283a32f40c17c571 5931 6189 3849088484 -103863488 51325078 -1902062045 -115867648 1 210
432 0a82b026f0415492 5962 6213 3843611165 -99490022 49527067 -1913386027 -111149056 1 211
433 879a4c62a9004cf3 5993 6236 3838952517 -98431568 49300388 -1922776207 -110100480 1 212
434 dafd89a98592d5e4 6025 6259 3835189780 -98335091 49492543 -1930270479 -110100480 1 213
435 64eacc97ff9e5141 6057 6282 3816010093 -103437063 53332653 -1967553669 -116391936 1 214
436 6cce585e0538dde2 6090 6304 3784817852 -110914420 59382179 -2026343912 -125829120 1 215
437 06500402daccaf1e 6124 6324 3740897699 -119225997 67108684 -2105637686 -136839168 1 216
438 fe2f85b3380a2c08 6159 6342 3669482935 -133542756 81028049 -2226485986 -156237824 1 217
439 094ab27ada237c10 6195 6358 3597721040 -156003615 101401029 -2338488421 -186122240 1 218
440 c0900e7454859fb0 6232 6372 3532941617 -174804292 120386314 -2433108753 -212336640 1 219
441 d91e7a2420d623d2 6269 6384 3469049631 -190750923 138636153 -2521276031 -235929600 1 220
442 562294fe4c3601e6 6307 6394 3411628630 -197620384 150448602 -2597276567 -248512512 1 221
443 2b73e4399ddb8aa1 6345 6403 3374989803 -198391783 155443504 -2644364938 -252182528 1 222
444 35a146b38eb94519 6383 6411 3359437809 -197477591 156603268 -2664094537 -252182528 1 223
445 28eeb879a2a8d15b 6421 6419 3357533751 -196543134 156096844 -2666592537 -251133952 1 224
446 1ec3d349183ef40c 6459 6427 3351856451 -192926470 153916958 -2674115059 -246939648 1 225
447 8b8923ae7733ba7d 6497 6435 3338403214 -186837303 150633052 -2691506930 -240123904 1 226
448 664f7ef528c43b99 6542 6403 3309032649 -177900847 146681958 -2728347979 -230686720 1 227
449 8d2e424dcd4582d4 6587 6370 3275186626 -168864808 142800183 -2769655110 -221249536 1 228
450 6020ddb9944e0dc3 6632 6337 3257782712 -163183016 139781547 -2790596405 -214958080 1 229
451 814cf105ee0221ba 6676 6303 3252142201 -159716749 137388029 -2797486419 -210763776 1 230
452 65ae2b8bf96f6f62 6720 6269 3247356955 -152329996 131520037 -2803732321 -201326592 1 231
453 b56383d8e197b64f 6764 6235 3242271439 -143366108 124270284 -2810413322 -189792256 1 232
454 697fce99ad004898 6808 6201 3237005687 -120573060 104978055 -2818329293 -159907840 1 233
455 5aabb0e084655307 6852 6167 3225775371 -82316763 72308257 -2833568914 -109576192 1 234
456 e4787213a5f43f7c 6891 6171 3207035726 -46591947 41494716 -2856181595 -62390272 1 235
457 abce8171c832f9d0 6930 6174 3178841476 -29106213 26442592 -2887934306 -39321600 1 236
458 25e14922427ac506 6969 6177 3161924352 -21617292 19871452 -2906564344 -29360128 1 237
459 dcf190c2fe87227c 7008 6180 3160879320 -18523227 17039787 -2907740107 -25165824 1 238
460 aa6aef7e88b0b297 7047 6183 3160554493 -12348224 11362092 -2908153674 -16777216 1 239
461 cd5e796f7b6ebc24 7086 6186 3158440126 -6942192 6397180 -2910482936 -9437184 1 240
462 14fa800dc3e8d593 7125 6188 3138478405 -768472 717912 -2932012325 -1048576 1 241
463 08fa6b8f3fef78f0 7164 6189 3107888689 377161 -359756 -2964417598 524288 1 242
464 50bba258d87873be 7203 6189 3060092848 -2186 2146 -3013731214 0 1 243
465 cd18e6521f4e8d1a 7242 6189 3033487610 -1113063 1115632 -3040508923 -1572864 1 244
466 dc4d0dca1bbf3e00 7281 6189 3033116431 -1112927 1115768 -3040879198 -1572864 1 245
467 3ed6fbaf8985d2df 7320 6189 3033116432 -1112927 1115768 -3040879199 -1572864 1 246
468 8573362e9c4d6787 7359 6189 3033116431 -1112927 1115768 -3040879198 -1572864 1 247
469 77da26b60718b5cd 7398 6189 3033116432 -1112927 1115768 -3040879199 -1572864 1 248
470 3111cac90a06d7d7 7437 6189 3033116431 -1112927 1115768 -3040879198 -1572864 1 249
471 a2543464975fc388 7476 6189 3033116432 -1112927 1115768 -3040879199 -1572864 1 250
472 569ca3022bf4995e 7515 6189 3040525793 -5940702 5926888 -3033459503 -8388608 1 251
473 85d37707aa7a7d81 7554 6189 3043840621 -11520659 11468649 -3030101332 -16252928 1 252
474 02f9b650f4995f0e 7593 6189 3041230189 -15965795 15920905 -3032681096 -22544384 1 253
475 604931ba111f16de 7632 6189 3037877197 -19285816 19273896 -3036001116 -27262976 1 254
476 ce26ef07569c57bd 7671 6189 3054737316 -35055488 34642578 -3018757196 -49283072 1 255
477 fa98483f425747c8 7710 6189 3058779404 -35848746 35331473 -3014644122 -50331648 1 256
478 346c448bb45327fc 7749 6189 3058779404 -35848746 35331473 -3014644122 -50331648 1 257
479 5c7f3edba85e28d9 7788 6189 3058779404 -35848746 35331473 -3014644122 -50331648 1 258
480 5e48a8bd7d698836 7827 6189 3058779404 -35848746 35331473 -3014644122 -50331648 1 259
481 3bc851a6fe27a067 7827 6189 3058779404 -35848746 35331473 -3014644122 -50331648 0 0
482 45fa142dffc34a13 7827 6189 3058779404 -35848746 35331473 -3014644122 -50331648 0 1
483 45fa142dffc34a13 7827 6189 3058779404 -35848746 35331473 -3014644122 -50331648 0 2
484 45fa142dffc34a13 7827 6189 3058779404 -35848746 35331473 -3014644122 -50331648 0 3
485 45fa142dffc34a13 7827 6189 3058779404 -35848746 35331473 -3014644122 -50331648 0 4
486 45fa142dffc34a13 7827 6189 3058779404 -35848746 35331473 -3014644122 -50331648 0 5
487 45fa142dffc34a13 7827 6189 3058779404 -35848746 35331473 -3014644122 -50331648 0 6
488 5e0db4c14a450a3f 7827 6189 3062506398 -31405794 30877143 -3010956478 -44040192 0 7
489 95a85c9df7475b27 7827 6189 3065891505 22448069 -22021772 -3007667614 31457280 0 8
490 2cd34ff1c26b2807 7827 6189 3076334696 91636964 -89196945 -2994420726 127926272 0 9
491 64b4ab7430e05e50 7827 6189 3105141260 174885928 -166567772 -2957450240 241696768 0 10
492 8b43108ffd1aec16 7827 6189 3175399540 288321774 -260209536 -2865788440 389021696 0 11
493 c4cbec47c35bd83f 7827 6189 3252993762 388492004 -329351202 -2757784873 510656512 0 12
494 a7b90477ed6a00c3 7827 6189 3282619772 438439766 -362050587 -2710690216 570425344 0 13
495 e280d39e6981f51c 7827 6189 3288083280 457567187 -375596255 -2699039115 594018304 0 14
496 cbac04c3d8be3637 7827 6189 3297455470 469544353 -382272248 -2684572131 607649792 0 15
497 3e19d4096f44f6f5 7827 6189 3319345465 483828697 -386880906 -2654227328 621805568 0 16
498 13b26740ff38e27a 7827 6189 3334124714 490971726 -387898435 -2634167427 628097024 0 17
499 42100c9b51c6d8e4 7827 6189 3334767722 491066413 -387778557 -2633353353 628097024 0 18
500 42100c9b51c6d8e4 7827 6189 3334767722 491066413 -387778557 -2633353353 628097024 0 19
501 42100c9b51c6d8e4 7827 6189 3334767722 491066413 -387778557 -2633353353 628097024 0 20
502 530158a1f8ae898e 7827 6189 3334827641 490659333 -387457100 -2633400669 627572736 0 21
503 530158a1f8ae898e 7827 6189 3334827642 490659333 -387457100 -2633400670 627572736 0 22
504 f6de13e84ebb2981 7827 6189 3334947332 489845151 -386814168 -2633495186 626524160 0 23
505 af35114a26342727 7827 6189 3335186116 488216700 -385528236 -2633683745 624427008 0 24
506 af35114a26342727 7827 6189 3335186117 488216700 -385528236 -2633683746 624427008 0 25
507 af35114a26342727 7827 6189 3335186116 488216700 -385528236 -2633683745 624427008 0 26
508 af35114a26342727 7827 6189 3335186117 488216700 -385528236 -2633683746 624427008 0 27
509 70bdf2bd555ca89c 7827 6189 3333196668 488341088 -386207503 -2636078677 624951296 0 28
510 5c35ae13fe9961e5 7827 6189 3327038529 489928237 -389215559 -2643111853 628097024 0 29
511 83af7b54d9c28c8c 7827 6189 3322660541 490526797 -390962384 -2648245245 629669888 0 30
512 46f0a43e1fd2d3b1 7827 6189 3321690502 490383589 -391141994 -2649461862 629669888 0 31
513 726d480916cd976a 7835 6150 3319245661 491264760 -392532155 -2652155681 631242752 1 0
514 285310c70079a8be 7843 6111 3310486444 489968353 -394149173 -2663081113 631242752 1 1
515 8b5cd7c74a351b0a 7850 6072 3284737355 483289456 -396611757 -2695621450 627572736 1 2
516 aa10244c998fbdda 7856 6033 3240142204 465419329 -395348836 -2752327509 612892672 1 3
517 1d2a1a84709e0e5c 7861 5994 3199788724 450059111 -394084845 -2801827998 600309760 1 4
518 eebffb7123a65223 7865 5955 3169254986 437482407 -391838683 -2838597981 589299712 1 5
519 eea8cd37e4c7d197 7868 5916 3153149963 430945433 -390558471 -2857645797 583532544 1 6
520 cd33a1feceacc780 7871 5877 3152801105 430897754 -390611074 -2858030681 583532544 1 7
521 754a2f97ddb2457e 7874 5838 3148033330 426723529 -388252918 -2864227108 578813952 1 8
522 404d33498a732ce3 7876 5798 3112122724 405618159 -378943218 -2907458025 556793856 1 9
523 88920a345e211aa3 7876 5758 3045964037 368291595 -360775012 -2983797889 516947968 1 10
524 6a0f06d233f8f163 7875 5718 2977683786 335350496 -344354191 -3057630385 481820672 1 11
525 a75675c1ad2726f3 7874 5678 2960202273 328991198 -341808393 -3075528960 475529216 1 12
526 71bae215fb7649c7 7873 5638 2960202274 328991198 -341808393 -3075528961 475529216 1 13
527 6739ff432df71f66 7872 5598 2956069869 328531931 -342249845 -3079501065 475529216 1 14
528 72b99e07ede80d6a 7870 5558 2928305299 320380951 -339933832 -3107019985 468189184 1 15
529 4651001f3c6239c0 7870 5558 2866710597 306207352 -338126425 -3165536606 457179136 0 0
530 5a7adf7ee16cffa8 7870 5558 2747552081 279917674 -333382435 -3272339207 436207616 0 1
531 9ca7f34cd028948c 7870 5558 2743155597 279469765 -333758000 -3276025593 436207616 0 2
532 f876737793bc4cdc 7832 5565 2743155597 279469765 -333758000 -3276025593 436207616 1 0
533 dcea2e37c418ac0e 7794 5572 2738523560 277309152 -332164980 -3280243717 433586176 1 1
534 6fc4b616736a8891 7756 5579 2708134162 260212281 -317867213 -3308172220 411566080 1 2
535 3c512dccffb5a62c 7718 5588 2626837210 226858571 -291717900 -3377855267 370147328 1 3
536 4aa240e6a560d89a 7681 5598 2584701703 211780743 -279582070 -3412190494 351272960 1 4
537 9b105b0a4dc72b69 7644 5608 2583529293 210732240 -278409661 -3413238996 349700096 1 5
538 fcbdac6cd6f0bb2a 7607 5618 2581028671 210528270 -278563931 -3415130314 349700096 1 6
539 7bc00b34ea8d4792 7570 5629 2569886247 208040518 -277166631 -3423788333 347078656 1 7
540 846be9f41ea88718 7533 5640 2549808755 200776860 -270848767 -3439701875 337641472 1 8
541 0b5003aa8b035653 7496 5651 2534958043 195871576 -266673186 -3451268104 331350016 1 9
542 2a8417e47390ea31 7459 5662 2534958043 195871576 -266673186 -3451268104 331350016 1 10
543 03236b12544d717b 7422 5673 2532874956 195399587 -266371199 -3452847219 330825728 1 11
544 3c95f1cf9b164797 7385 5685 2529994905 194245404 -265272789 -3455107657 329252864 1 12
545 6c972ba13bca21db 7348 5697 2525072311 192007247 -263023664 -3459003565 326107136 1 13
546 373ca3597c30bd74 7299 5671 2515605402 187890308 -258907315 -3466430119 320339968 1 14
547 c791695249be8189 7287 5634 2496951826 180674505 -251863084 -3480789761 310378496 1 15
548 dbbfb65f1db38523 7274 5597 2465251653 168400834 -239411965 -3504796917 293076992 1 16
549 0aea40649144dfa8 7260 5560 2436160659 158647283 -229631552 -3526182880 279445504 1 17
550 21eef5506d275a05 7245 5523 2395065674 149806398 -222362230 -3555069278 268435456 1 18
551 c7cbc1c7ccc3c06d 7229 5487 2329725376 136014918 -210147892 -3599508515 250609664 1 19
552 697eabc0b479dcd0 7211 5452 2231430630 112518670 -184726175 -3663424246 216530944 1 20
553 414967abada8e36f 7191 5418 2135466933 98012377 -170795988 -3721256153 197132288 1 21
554 d4840a5c420631c2 7170 5385 2076747986 92269015 -166818218 -3754666428 190840832 1 22
555 104a0fef876c9e12 7149 5352 2050661342 89103532 -163775406 -3769186956 186646528 1 23
556 c2bd1817da2f5046 7160 5297 2035493586 87697660 -162749670 -3777476882 185073664 1 24
557 0e6e8bbcad4d18a5 7171 5242 2033187618 87598309 -162803166 -3778718546 185073664 1 25
558 d28053d81797decc 7182 5187 2031342298 87518805 -162845919 -3779710863 185073664 1 26
559 423dc61e9074896d 7193 5132 2029034967 87419395 -162899306 -3780949992 185073664 1 27
560 3646e208e4e5c88b 7204 5077 2028562727 87647137 -163371547 -3781177733 185597952 1 28
561 8a7a75508ba20940 7215 5022 2028562727 87647137 -163371547 -3781177733 185597952 1 29
562 792e2f6a86732cdc 7226 4967 2028562727 87647137 -163371547 -3781177733 185597952 1 30
563 5ee1f55209a4184a 7237 4912 2028562727 87647137 -163371547 -3781177733 185597952 1 31
564 6bb84bf52e74debf 7248 4857 2024407379 87467599 -163467740 -3783404096 185597952 1 32
565 2ec1f0cb62d1587d 7258 4802 2016131661 86123777 -161809982 -3787922573 183500800 1 33
566 f2c4a95466ec7709 7268 4747 2013850689 85287512 -160474877 -3789211439 181927936 1 34
567 6123b8e78e76d70a 7278 4692 2013388124 85267922 -160485287 -3789457242 181927936 1 35
568 fc2de503982fa4cd 7288 4637 2012493980 84491747 -159118169 -3790007204 180355072 1 36
569 7435b416ceaf315e 7298 4582 2012041614 84226713 -158665803 -3790272238 179830784 1 37
570 f415b468f49147a6 7308 4527 2012041614 84226713 -158665803 -3790272238 179830784 1 38
571 e83da4ce5b662118 7318 4472 2012041614 84226713 -158665803 -3790272238 179830784 1 39
572 ac0ed81aaeea51b6 7328 4417 2012041614 84226713 -158665803 -3790272238 179830784 1 40
573 f2089471951ea7bb 7338 4362 2012504279 84246081 -158655520 -3790026599 179830784 1 41
574 44b8842e900ce4d8 7348 4307 2016666909 84420334 -158562869 -3787813310 179830784 1 42
575 5abf77df2c2f4e78 7359 4252 2025467312 84293370 -157443024 -3783164358 178782208 1 43
576 dcbfb91a3d1b1033 7371 4198 2049011110 84521528 -155534405 -3770538781 177209344 1 44
577 73e74e90b07bf758 7384 4144 2095785716 86707247 -154927160 -3744717043 177733632 1 45
578 08ff6632abda6cc8 7399 4090 2189482651 95938802 -161697183 -3690197768 188219392 1 46
579 7f4d16cc8f53efe5 7419 4038 2310389102 108867214 -170339833 -3614965911 202375168 1 47
580 320cf17e2f7011f1 7443 3988 2455076990 120491174 -172648585 -3517814008 210763776 1 48
581 06a5add78adf03b0 7481 3978 2620353406 137902784 -178697806 -3395517930 225968128 1 49
582 dc045d37cdf47ffe 7520 3971 2747814794 149656586 -179331720 -3292673834 233832448 1 50
583 936d16767d220695 7559 3970 2972695041 169548538 -176256744 -3090309874 244842496 1 51
584 bdd949391e625698 7598 3970 3024408261 171016493 -171891683 -3039885747 242745344 1 52
585 ffb2b163764a0dc7 7637 3970 3045339423 161387129 -160049459 -3020097720 227540992 1 53
586 50b47fafc521db8a 7676 3970 3049003197 154863787 -153243086 -3017094187 218103808 1 54
587 ac2a450bfd94964b 7715 4010 3050644404 151587150 -149854318 -3015771512 213385216 1 55
588 b430a1304025e1f1 7754 4050 3055976925 148112700 -145919938 -3010733980 208142336 1 56
589 bdc1b3feb3837057 7793 4090 3060840819 146475914 -143850042 -3005968982 205520896 1 57
590 a770fcc8403773ab 7832 4090 3066411057 145241811 -142116560 -3000429136 203423744 1 58
591 467ac44135aeb945 7871 4090 3073084645 143678092 -139969857 -2993770178 200802304 1 59
592 578315a6de7a268e 7910 4091 3088549747 141000719 -135959612 -2978126645 196083712 1 60
593 752c55091be1dfb1 7949 4093 3112133761 140935340 -133754964 -2953576539 194510848 1 61
594 cb74113f35b79df9 7988 4095 3138125959 138657870 -129296357 -2926254600 189792256 1 62
595 b6ec4722645121c2 8027 4098 3164834985 138676766 -126960472 -2897449462 188219392 1 63
596 7f43f97e7c66b1b9 8066 4101 3181774605 139029883 -125794323 -2878871466 187695104 1 64
597 a44a9e456f35fcc5 8105 4105 3198789387 135078983 -120787705 -2860359162 181403648 1 65
598 2985c43f1868f0a5 8144 4110 3231860972 125015932 -109234004 -2823872815 166199296 1 66
599 5d5135a6fc9b807a 8177 4155 3276040185 114311030 -96773175 -2773422565 149946368 1 67
600 8806cca13ec6d21b 8209 4201 3319665648 104879913 -85991093 -2721795324 135790592 1 68
601 716b9552d007d418 8239 4248 3336840270 95637769 -77422859 -2701314533 123207680 1 69
602 874ce64fae87ac37 8269 4295 3341950697 89660240 -72312432 -2695337003 115343360 1 70
603 122c1ac709861b05 8299 4342 3346977026 86115453 -69193639 -2689290842 110624768 1 71
604 d0933f52a3ff1f15 8329 4389 3355261282 82640066 -65987167 -2679138315 105906176 1 72
605 575bd2fbd0048e17 8358 4437 3369070757 78042215 -61663279 -2661994246 99614720 1 73
606 f8b40f4d41a4ee1a 8387 4484 3379895560 72513905 -56822243 -2648502036 92274688 1 74
607 ad51f2720b12fab0 8416 4531 3386412383 69758778 -54388952 -2640289909 88604672 1 75
608 299d9b7d24c14a70 8445 4578 3386751590 68938575 -53735933 -2639889707 87556096 1 76
609 35c0c12458bcb5c1 8474 4625 3387395993 68951692 -53719101 -2639062785 87556096 1 77
610 955726edff7bc3e3 8503 4672 3389674854 67756238 -52694766 -2636186793 85983232 1 78
611 171d5fd1f85366ed 8532 4719 3391612996 67380800 -52323628 -2633709822 85458944 1 79
612 3817d89ba94e7089 8561 4766 3392272242 66565382 -51664381 -2632894404 84410368 1 80
613 fbbda7e595ecc229 8590 4813 3393236210 66584298 -51640001 -2631651941 84410368 1 81
614 494eb2e791b7d9c6 8618 4861 3397456054 64177810 -49610726 -2626300900 81264640 1 82
615 2ee329f4451d0dd9 8646 4909 3400362637 62987029 -48579773 -2622584727 79691776 1 83
616 b7f24cdccdb4dd31 8674 4957 3401010480 62583725 -48244355 -2621760390 79167488 1 84
617 123e66f6e3f84927 8702 5005 3401010480 62583725 -48244355 -2621760390 79167488 1 85
618 19417733a0e7aba8 8730 5053 3402952506 61372850 -47239296 -2619286188 77594624 1 86
619 da2210864c935458 8758 5101 3402952506 61372850 -47239296 -2619286188 77594624 1 87
620 4d713aab7c5cefbd 8786 5149 3404906861 59329253 -45597160 -2616821407 74973184 1 88
621 f2ba9a8787ccf4f2 8814 5197 3405233489 58919142 -45270531 -2616411295 74448896 1 89
622 9760b26c9b81c0be 8842 5245 3405233490 58919142 -45270531 -2616411296 74448896 1 90
623 6d216f88fe67bde5 8870 5293 3405233489 58919142 -45270531 -2616411295 74448896 1 91
624 e4704bcff5e32ba1 8898 5341 3405233490 58919142 -45270531 -2616411296 74448896 1 92
625 6c68c0b2af891524 8926 5389 3405233489 58919142 -45270531 -2616411295 74448896 1 93
626 05ce70d4a472b93a 8954 5437 3405233490 58919142 -45270531 -2616411296 74448896 1 94
627 c16ae008575b10c6 8982 5485 3405233489 58919142 -45270531 -2616411295 74448896 1 95
628 4d7534bcaf07e11d 9010 5533 3405233490 58919142 -45270531 -2616411296 74448896 1 96
629 76d8661bf6087e61 9038 5581 3405233489 58919142 -45270531 -2616411295 74448896 1 97
630 b5113ad9cf793d15 9066 5629 3405233490 58919142 -45270531 -2616411296 74448896 1 98
631 9aff01156e5ab95c 9094 5677 3405233489 58919142 -45270531 -2616411295 74448896 1 99
632 afa715aa1eebec03 9122 5725 3403650201 58060532 -44667203 -2618500181 73400320 1 100
633 3d691b4d9af879d0 9150 5772 3395069616 53768670 -41648202 -2629756782 68157440 1 101
634 c0caac5a30e3d35a 9179 5819 3389643467 51199492 -39828434 -2636826416 65011712 1 102
635 d30fed621973a34a 9208 5866 3383889790 47807299 -37358525 -2644305723 60817408 1 103
636 0b15f8b50493ed31 9237 5913 3379723314 45272584 -35493656 -2649699037 57671680 1 104
637 e3ef3eb344944ef2 9266 5960 3374928513 40263823 -31686005 -2655932308 51380224 1 105
638 8f57d63e0af16ab1 9295 6008 3366236661 32762752 -25958277 -2667104719 41943040 1 106
639 f25cba50fb3b90e8 9325 6055 3356860756 22016719 -17571307 -2679073804 28311552 1 107
640 f95594ec7daa3ab2 9355 6102 3348059515 12967396 -10419288 -2690160747 16777216 1 108
641 b8d6d767c562429e 9386 6149 3343143459 8051127 -6493369 -2696299111 10485760 1 109
642 d1bd7cc5a77961e5 9417 6196 3337218701 3555718 -2880667 -2703644664 4718592 1 110
643 1608799f1d539845 9449 6242 3326300323 -3764672 3075141 -2717065807 -4718592 1 111
644 a10cb4b3715fbdfe 9481 6288 3312980265 -10220284 8431898 -2733263669 -13107200 1 112
645 456dbe57f84d53b5 9513 6334 3305944259 -15041338 12474288 -2741732077 -19398656 1 113
646 34712722fd322ed3 9545 6380 3302241257 -18652533 15511495 -2746153352 -24117248 1 114
647 87bcc9c12f614bc4 9577 6426 3301906008 -18650639 15513772 -2746556436 -24117248 1 115
648 ba786ca7ffdc0650 9609 6472 3301901357 -19456768 16184318 -2746552568 -25165824 1 116
649 3b7dd1babfb07e23 9641 6518 3301901356 -19456768 16184318 -2746552567 -25165824 1 117
650 c7d30064fa9f010b 9673 6564 3303242053 -19464668 16174816 -2744939983 -25165824 1 118
651 c5d4ebc4532778e4 9705 6610 3312597452 -20732950 17109278 -2733627556 -26738688 1 119
652 62d441f284946854 9697 6649 3334510515 -21277161 17272117 -2706849212 -27262976 1 120
653 696dcb16d221e610 9688 6688 3363722510 -21052932 16713966 -2670466695 -26738688 1 121
654 0abf81a0d46b69e9 9678 6726 3396724321 -18771563 14525470 -2628392019 -23592960 1 122
655 ed78a3794deee8b8 9667 6764 3443334739 -19029149 14186343 -2567026799 -23592960 1 123
656 016efd864ee557bb 9654 6801 3504353739 -19794154 14025512 -2483074792 -24117248 1 124
657 6fe44e855b16a056 9640 6838 3557158272 -22697852 15357444 -2406785835 -27262976 1 125
658 4d23bafd09a79daa 9625 6874 3592019927 -24235794 15885560 -2354420776 -28835840 1 126
659 21c01d456e5e2ae9 9573 6894 3615965781 -25280205 16202013 -2317462825 -29884416 1 127
660 ce76c407aa317eca 9521 6913 3636193666 -25421624 15979207 -2285593600 -29884416 1 128
661 89a03e9b659df63d 9469 6931 3655315221 -25555308 15764525 -2254886495 -29884416 1 129
662 98ca4f8f0d427132 9416 6948 3676076384 -25700455 15526771 -2220879308 -29884416 1 130
663 2f66b80e3102cfd0 9363 6965 3689831154 -25796618 15366473 -2197950985 -29884416 1 131
664 dd34c83ee69e0eb5 9310 6981 3703973777 -25895493 15199258 -2174033288 -29884416 1 132
665 6be66dfe736cfa3e 9257 6996 3716914292 -25532217 14781421 -2151841499 -29360128 1 133
666 73b9871eb261798e 9203 7010 3729993558 -23345356 13325800 -2129124127 -26738688 1 134
667 1093f32fb1611753 9149 7024 3743178897 -22970932 12923143 -2105863516 -26214400 1 135
668 cdba05f346b58b9a 9095 7037 3754695616 -22124900 12287668 -2085273221 -25165824 1 136
669 41d87ddb8b1471b4 9041 7049 3772128445 -21767144 11850203 -2053576595 -24641536 1 137
670 aaa343b63f944c0e 8986 7060 3788558171 -20474497 10933565 -2023124392 -23068672 1 138
671 b726bdfacceabbc1 8932 7070 3804741553 -19168581 10038570 -1992540483 -21495808 1 139
672 eaa3f382029ce755 8878 7080 3812743988 -17812597 9237200 -1977201238 -19922944 1 140
673 4e8bb7ba4fd3a25d 8823 7089 3817804194 -16904137 8711180 -1967423079 -18874368 1 141
674 9a0800e1e4592414 8768 7098 3822837114 -16459757 8428850 -1957630839 -18350080 1 142
675 902e87bf3f81b12a 8713 7107 3831406902 -15561237 7882605 -1940814503 -17301504 1 143
676 9f775d99d99065ca 8659 7116 3842010149 -15604302 7797007 -1919738992 -17301504 1 144
677 10a764049c3f9725 8604 7123 3852729194 -15647837 7709264 -1898135279 -17301504 1 145
678 0cb830e7848160ad 8549 7130 3860573947 -15679698 7644254 -1882128738 -17301504 1 146
679 88c00ce69c771b58 8494 7137 3870172668 -15718683 7563766 -1862311280 -17301504 1 147
680 598f98a9abde8d96 8438 7143 3872896508 -15729746 7540732 -1856640090 -17301504 1 148
681 89afe4ae97e3eaf4 8382 7149 3872896508 -15729746 7540732 -1856640090 -17301504 1 149
682 92d50404becea8fc 8326 7155 3872896508 -15729746 7540732 -1856640090 -17301504 1 150
683 4cd639e55d09fdfb 8270 7161 3872896508 -15729746 7540732 -1856640090 -17301504 1 151
684 4900267db3a9d438 8214 7167 3872896508 -15729746 7540732 -1856640090 -17301504 1 152
685 5b036e9a6e8d978b 8158 7173 3872898399 -15256980 7314091 -1856640997 -16777216 1 153
686 363298ddbeaeb897 8102 7179 3872898399 -15256980 7314091 -1856640997 -16777216 1 154
687 c6e0146f5218bcd2 8046 7185 3872898399 -15256980 7314091 -1856640997 -16777216 1 155
688 3cf5b5c5edae5a87 8015 7160 3872898399 -15256980 7314091 -1856640997 -16777216 1 156
689 d279c3cef56d9674 7984 7135 3872448611 -14309773 6864303 -1857588204 -15728640 1 157
690 615cfdfb36044074 7953 7111 3869045756 -12880294 6207628 -1864678142 -14155776 1 158
691 f601741d5a4ae5cb 7922 7087 3862883436 -11445135 5562514 -1877422089 -12582912 1 159
692 23eeb7e3a999cb14 7891 7063 3858750293 -10961847 5357435 -1885905985 -12058624 1 160
693 d05bde4f9e1d8327 7860 7039 3858061955 -10017975 4900678 -1887320228 -11010048 1 161
694 36199f2ee2185f3f 7829 7015 3858061955 -10017975 4900678 -1887320228 -11010048 1 162
695 64cea216b4001360 7798 6991 3858061955 -10017975 4900678 -1887320228 -11010048 1 163
696 0a0ef8a240e8d20c 7767 6967 3857371734 -9545309 4673788 -1888733550 -10485760 1 164
697 6a23097d36371169 7736 6943 3855759654 -8129291 3989061 -1892030541 -8912896 1 165
698 cb1a2db49216b7fc 7705 6919 3851595778 -6710010 3310930 -1900499421 -7340032 1 166
699 47af0434bc13ab6f 7674 6896 3842274065 -3879600 1937928 -1919285096 -4194304 1 167
700 62bc9892786bf315 7642 6873 3825496206 3609006 -1842019 -1952512850 4194304 1 168
701 678111bce8f3e7f2 7610 6851 3798664539 14712634 -7762286 -2004149465 16777216 1 169
702 cca5d7300382d3de 7577 6830 3774593756 27981999 -15189331 -2048944202 31981568 1 170
703 6cead67692e600b1 7543 6810 3748643791 43349295 -24234632 -2095697335 49807360 1 171
704 ad2809b6827e5310 7509 6790 3724532898 66262647 -38027365 -2137466245 76546048 1 172
705 d4875ba6a59b7266 7475 6771 3707566904 86335518 -50433496 -2165801092 100139008 1 173
706 2a321135669c6b24 7440 6752 3691452743 111663529 -66293800 -2191587804 130023424 1 174
707 6f27bff4d3fd6bba 7405 6734 3670570008 152305805 -92242762 -2223050630 178257920 1 175
708 70082aa23287b62d 7370 6717 3647630762 186158376 -115182007 -2256903201 219152384 1 176
709 48173c8786f95388 7335 6700 3623965460 211572408 -133780944 -2291496933 250609664 1 177
710 9a52861279453d31 7299 6684 3600774258 230071899 -148563564 -2325116042 274202624 1 178
711 29fd87e20fa0448a 7263 6669 3585079860 242254743 -158618254 -2347360084 289931264 1 179
712 30f7b1fe756c23a3 7227 6654 3563419418 265710311 -177191213 -2376296999 319815680 1 180
713 95d742840d7bc2ee 7191 6640 3538067682 296414262 -201769845 -2408370542 359137280 1 181
714 cfe182a20bae8b1d 7155 6627 3508934269 325485080 -226771619 -2444740982 397410304 1 182
715 99d06fb66ed14eb1 7118 6615 3479046169 342855501 -244701677 -2483053166 422051840 1 183
716 61b11ae83aafb2a7 7081 6603 3454724913 354942307 -258265402 -2513749151 439877632 1 184
717 16aabf052b006970 7044 6592 3428938898 377267912 -279828202 -2543322081 470810624 1 185
718 8afe65f02454492e 7007 6582 3405880009 410117127 -308953439 -2565750797 514850816 1 186
719 b831f949b9332dab 6970 6572 3391845737 438281702 -332946569 -2576661077 552075264 1 187
720 c096a49a4962b58f 6933 6562 3378948400 460539972 -352611782 -2587087098 581959680 1 188
721 3a4a8c17a3974a12 6896 6553 3370970612 476229379 -366286973 -2592747700 602931200 1 189
722 7c5267f6a7816193 6859 6544 3370328105 480755396 -369768113 -2592253523 608698368 1 190
723 feb5ebf4c1c4c551 6822 6535 3370647695 487520104 -374592391 -2589880862 617086976 1 191
724 07088ca614bea33b 6786 6526 3371160848 497261184 -381498177 -2586350529 629145600 1 192
725 0cad0ec9fa9b4f04 6750 6517 3371780634 512502211 -392297367 -2580946278 648019968 1 193
726 13c1c4143fc5f580 6714 6507 3372963327 525748280 -401419770 -2575327821 664272896 1 194
727 5fc5f91ae4ad2522 6678 6497 3375058151 534940433 -407302286 -2569760714 675282944 1 195
728 cc7aab9ea5de680b 6642 6487 3377602262 539148296 -409467428 -2565190554 680001536 1 196
729 3fa4fd745f845ceb 6606 6477 3380249483 544649748 -412493619 -2560051399 686292992 1 197
730 3692c7b80eb7c0b2 6570 6467 3382368150 551347089 -416507794 -2555164850 694157312 1 198
731 61c0cf8d8d2b4d14 6534 6457 3387999837 563734460 -423277308 -2543863391 708313088 1 199
732 1dc59670845f7627 6498 6447 3396829182 573729694 -427178950 -2529159537 718798848 1 200
733 fcf3a8145ee013d7 6463 6436 3409111462 585224972 -430761372 -2509314544 730333184 1 201
734 e113a8dc474c1bed 6428 6425 3422673785 594006963 -431882298 -2488509924 738197504 1 202
735 df00cd311202a6f4 6393 6414 3434803231 599567952 -431244027 -2470509603 742391808 1 203
736 57dcc3aad83f4bb5 6358 6402 3443386201 603665356 -430845581 -2457599594 745537536 1 204
737 d75c7be5fbf2cae3 6323 6390 3445489183 605768256 -431454164 -2454025363 747634688 1 205
738 c56edf2d62cf48ae 6288 6378 3445788721 605820919 -431380214 -2453604753 747634688 1 206
739 3723f5396552e725 6253 6366 3446687027 605978855 -431158327 -2452342703 747634688 1 207
740 95615c00571e2771 6218 6354 3447584871 606136709 -430936382 -2451080324 747634688 1 208
741 367fdc9acc28536d 6183 6342 3447584871 606136709 -430936382 -2451080324 747634688 1 209
742 8e60b3517efe8cbe 6148 6330 3447584871 606136709 -430936382 -2451080324 747634688 1 210
743 dcad6a5816181892 6113 6318 3448183177 606241900 -430788387 -2450238555 747634688 1 211
744 a231d0f902f1ecfb 6078 6306 3448183177 606241900 -430788387 -2450238555 747634688 1 212
745 905205f7c0c05dd5 6043 6294 3448183177 606241900 -430788387 -2450238555 747634688 1 213
746 81247b0d8fae8cbe 6008 6282 3448183177 606241900 -430788387 -2450238555 747634688 1 214
747 360a611ebe639923 5973 6270 3448482252 606294482 -430714380 -2449817615 747634688 1 215
748 2f6c777e9e7d1ef7 5938 6258 3449379171 606452174 -430492319 -2448554579 747634688 1 216
749 75ebdf1005e21347 5903 6246 3450127427 607452119 -430867671 -2447186095 748683264 1 217
750 4b0ffbe3a48e9a49 5868 6234 3450949184 608031130 -430943758 -2445869869 749207552 1 218
751 b94f8697a92ab67f 5833 6222 3451546218 608136323 -430795300 -2445027280 749207552 1 219
752 cdac8d9cd51a8f9b 5798 6210 3451546218 608136323 -430795300 -2445027280 749207552 1 220
753 2d7c1a6e860ad44d 5763 6198 3451546218 608136323 -430795300 -2445027280 749207552 1 221
754 bcf643bbf944344d 5728 6186 3451546218 608136323 -430795300 -2445027280 749207552 1 222
755 a9c8fd276e7c0c79 5693 6174 3451546218 608136323 -430795300 -2445027280 749207552 1 223
756 1180f819cfb318c7 5658 6162 3451546218 608136323 -430795300 -2445027280 749207552 1 224
757 13f58fcf1b5fd359 5623 6150 3451546218 608136323 -430795300 -2445027280 749207552 1 225
758 8f6e8876b510951c 5588 6138 3451546218 608136323 -430795300 -2445027280 749207552 1 226
759 329075a80b72e7ec 5553 6126 3448855270 605926058 -430341364 -2449449188 747110400 1 227
760 8b80b08a67413ede 5518 6114 3443747259 599829714 -428218546 -2458491829 740818944 1 228
761 a43ee0c9a06730cb 5483 6103 3435508881 591915373 -425959151 -2472289990 732954624 1 229
762 77fe7c6e8e481c8c 5448 6092 3424289072 580947602 -422604121 -2490962476 721944576 1 230
763 346e540750c3b976 5413 6081 3413515783 572263213 -420467294 -2508062228 713555968 1 231
764 e72c07e5c0f38272 5377 6070 3407431671 565258038 -417769115 -2518353787 706215936 1 232
765 08f1a9ef9a017224 5341 6060 3404049202 560854904 -415892670 -2524216347 701497344 1 233
766 b37aedc229eb31c6 5305 6050 3402576316 560185609 -415926523 -2526344334 700973056 1 234
767 630a5acf8e7322a5 5269 6040 3402576316 560185609 -415926523 -2526344334 700973056 1 235
768 00899154c8f713b1 5233 6030 3402576316 560185609 -415926523 -2526344334 700973056 1 236
769 1056b30815428555 5197 6020 3401478957 559152030 -415582800 -2528106983 699924480 1 237
770 f0be315626d93cfd 5161 6010 3397221646 558026294 -416228455 -2533967185 699400192 1 238
771 1bf9e445c4d27529 5125 6000 3388122831 555257558 -417336660 -2546544110 697827328 1 239
772 751014ae2d1eb185 5089 5990 3372540435 550590351 -419218100 -2567843753 695205888 1 240
773 495d93a289e78079 5053 5981 3345480081 543657254 -423134481 -2603824321 692060160 1 241
774 22516ac81fb7b78d 5017 5973 3315132557 536233730 -427540181 -2643161551 688914432 1 242
775 b6a9784a9b676ca1 4980 5966 3276913637 528820325 -434233734 -2690793789 687341568 1 243
776 0d3e5620faebfe51 4943 5960 3233534856 521414973 -442298797 -2742898942 686817280 1 244
777 613d8ee0896b46cd 4906 5955 3196755799 515484265 -449196808 -2785676693 686817280 1 245
778 82f405e2013ffc07 4869 5951 3172274581 510742024 -453022965 -2813775192 685768704 1 246
779 2dc35383f86d397c 4832 5947 3158905185 508193931 -455103993 -2828901092 685244416 1 247
780 8a3e8bdd1e0ee550 4795 5944 3153720026 507359760 -456033759 -2834680469 685244416 1 248
781 cbefbcf323180254 4758 5941 3149254436 508613445 -458509356 -2839017805 687865856 1 249
782 f2bbd4090bdee455 4721 5938 3144594810 511012391 -462030662 -2843178074 692060160 1 250
783 2b7e16318cc2884d 4684 5935 3140336962 513075108 -465149328 -2847001559 695730176 1 251
784 113228697ef56b95 4647 5932 3138125641 513500445 -466220607 -2849187107 696778752 1 252
785 af6cec7b01e31e51 4610 5929 3137777816 513443529 -466283287 -2849570158 696778752 1 253
786 57e91b709daa70c1 4573 5926 3134645293 512930945 -466847091 -2853015702 696778752 1 254
787 be1899f8c4385f45 4536 5923 3124961667 508605016 -466212434 -2864493944 693108736 1 255
788 2cdbd7ab5cfb3507 4501 5881 3096475247 495048759 -463329503 -2898074813 681050112 1 256
789 c982371dada682cb 4465 5840 3054100742 481012292 -463820811 -2944946546 671088640 1 257
790 296a2d70a0af9a04 4428 5800 3020362676 469277421 -463239258 -2981499869 662175744 1 258
791 8f4a49d27e1dbd5b 4390 5760 2993899354 458804925 -461270718 -3009989717 653262848 1 259
792 681dad675ab72bc4 4352 5720 2975042547 448855523 -457256953 -3030727753 643301376 1 260
793 399ac0d03cbaae63 4313 5681 2961501042 440528847 -453068985 -3045803422 634388480 1 261
794 a512e5869e293b29 4274 5642 2947765093 432970150 -449557532 -3060695983 626524160 1 262
795 3b4ac37434ca672c 4235 5603 2939196257 426215094 -445255259 -3070497987 618659840 1 263
796 bf2b0c6ff0025878 4195 5565 2925470043 417663532 -440500859 -3085431132 609222656 1 264
797 719a25e34a8fa4d0 4155 5527 2901470335 407372765 -436639662 -3109920772 599261184 1 265
798 25fdb7abb80a4ce5 4114 5490 2877056106 398574440 -434169661 -3133995430 591396864 1 266
799 b023119e91466f8f 4110 5451 2854938985 391604051 -432792569 -3155218586 585629696 1 267
800 77b70a946647d355 4106 5412 2843650057 387933855 -431905046 -3165969643 582483968 1 268
801 8b32b7901b4fceef 4102 5373 2841472229 386576862 -431028857 -3168209605 580911104 1 269
802 62e19a91cf3c8ecb 4098 5334 2835807399 384748500 -430573811 -3173565070 579338240 1 270
803 655e65a28d6096f4 4094 5295 2821724506 380733275 -429973296 -3186656558 576192512 1 271
804 e4fed2e3532cd8b2 4089 5256 2792845026 373712878 -429911389 -3212829846 571473920 1 272
805 053b4e9e60d98c82 4083 5217 2755319514 366295277 -431487748 -3245705554 567803904 1 273
806 34cb43af8310b870 4076 5178 2716248270 358401986 -432680459 -3279188168 563609600 1 274
807 4904c420e3e40cc0 4068 5139 2671486800 346856993 -430699627 -3317241385 554696704 1 275
808 8aa3398cc1f7105a 4059 5101 2630517969 337293834 -429667595 -3350930903 547880960 1 276
809 1768c726cb7bb43d 4049 5063 2604995759 331435847 -428956491 -3371481541 543686656 1 277
810 f54933eb60123b08 4039 5025 2597209492 330123024 -429311749 -3377566747 543162368 1 278
811 82fee469b3c5e3e4 4029 4987 2592339470 328860910 -428969325 -3381472456 542113792 1 279
812 65ca9ad17e30f3f8 4019 4949 2589076089 328125791 -428877184 -3384054801 541589504 1 280
813 3cfa699498865c99 4009 4911 2586263440 327127797 -428330670 -3386370585 540540928 1 281
814 cbfdf12d5c1036e4 3999 4873 2583902004 325867759 -427329302 -3388420632 538968064 1 282
815 265fb8225bb07998 4026 4825 2583114423 325448102 -426995141 -3389103515 538443776 1 283
816 69e8a818fa783054 4053 4777 2582898819 323819560 -424966049 -3389678821 535822336 1 284
817 63507ccca0571c5d 4080 4729 2582050482 320512235 -420945347 -3391140855 530579456 1 285
818 b995dac77e1fb18f 4107 4681 2582478529 317044840 -416391438 -3391703032 524812288 1 286
819 23757cb48fa07e12 4134 4633 2583806536 313046610 -410932165 -3391728827 517996544 1 287
820 42044040f064e0b6 4161 4585 2586859438 308611346 -404495120 -3390581817 510132224 1 288
821 d911fa15a1626df4 4188 4537 2589340795 305381553 -399755660 -3389542127 504365056 1 289
822 7ab9af01223bf560 4215 4489 2590014581 303217313 -396822167 -3389566339 500695040 1 290
823 c6d691ef18086f27 4242 4441 2590891794 295628111 -386890137 -3390714353 488112128 1 291
824 05189b23bdcdfc59 4269 4393 2592579486 280442290 -367016370 -3392923045 462946304 1 292
825 d11e7220413577ee 4296 4345 2590097563 260038533 -341262733 -3399126121 429916160 1 293
826 3f9a8f750ba6151f 4323 4297 2580223577 236161079 -312213545 -3411149515 392167424 1 294
827 da158594065b8354 4349 4248 2560478823 216715027 -290243166 -3429210663 362807296 1 295
828 dcc7a1b3849ec2ef 4375 4199 2550800298 206177129 -277894925 -3438084832 346554368 1 296
829 15e7212d4988e6af 4401 4150 2549293980 198539727 -267942490 -3440440826 333971456 1 297
830 3a9c96cd991168e6 4427 4101 2549491171 190416371 -257045074 -3441585139 320339968 1 298
831 be8240b6711b1ef8 4453 4052 2549679548 176039563 -237759004 -3443596812 296222720 1 299
832 2c16824b872c74cc 4479 4003 2548984846 160991011 -217656579 -3446175827 271056896 1 300
833 5caa5f85274a6275 4505 3954 2543898803 139791759 -189721251 -3452504462 235929600 1 301
834 4765b8ffd1a41549 4530 3904 2533459237 111317468 -152163110 -3463059800 188743680 1 302
835 c7c83744b08a47b4 4555 3854 2527012492 92496046 -126987722 -3469332867 157286400 1 303
836 58780dd35856371d 4592 3842 2529288994 74961469 -102808997 -3468897857 127401984 1 304
837 b5a45ae28f8fc6b3 4629 3830 2533607711 55282854 -75645232 -3466813760 93847552 1 305
838 354d6553d8c586c6 4667 3818 2537953680 18194811 -24839186 -3464763650 30932992 1 306
839 0a192af495ee044f 4705 3806 2546461841 -6611522 8979852 -3458634386 -11010048 1 307
840 d0b399ec55f483a4 4743 3795 2550204154 -18139707 24580960 -3455758900 -30408704 1 308
841 3a8c86978b97650e 4781 3784 2550204154 -18139707 24580960 -3455758900 -30408704 1 309
842 0b249fd3cedde178 4819 3773 2550204154 -18139707 24580960 -3455758900 -30408704 1 310
843 bd889d81129f0f66 4857 3762 2550204154 -18139707 24580960 -3455758900 -30408704 1 311
844 925166e7dce21ee6 4895 3751 2550204154 -18139707 24580960 -3455758900 -30408704 1 312
845 d7bc31ab1827ef61 4933 3740 2550204154 -18139707 24580960 -3455758900 -30408704 1 313
846 ae84185e1f9e7504 4971 3729 2549782289 -18136706 24583174 -3456070178 -30408704 1 314
847 e3e9c8cfdb558324 5009 3718 2547672396 -18121698 24594239 -3457625798 -30408704 1 315
848 01a6acd1b1c14ea6 5047 3707 2547250304 -18118696 24596451 -3457936767 -30408704 1 316
849 81045d1a32bb5d01 5085 3695 2544710154 -19032578 25876731 -3459792257 -31981568 1 317
850 4439f0255c632d8a 5123 3683 2538786591 -19918060 27177822 -3464126348 -33554432 1 318
851 e27998e277595eab 5160 3671 2532015890 -19864940 27216673 -3469078299 -33554432 1 319
852 4168ba73e40a9bcb 5197 3659 2529898060 -19848325 27228793 -3470623072 -33554432 1 320
853 3dc085fc5b8c710a 5234 3647 2529898061 -19848325 27228793 -3470623073 -33554432 1 321
854 6440d88e33426710 5271 3635 2525659579 -19815072 27253002 -3473708739 -33554432 1 322
855 4cf83128099580ea 5308 3623 2509519184 -19688442 27344623 -3485386947 -33554432 1 323
856 fe558f916a03e9ae 5345 3611 2496738574 -19588172 27416540 -3494553649 -33554432 1 324
857 2b14c28f5bf32dc8 5382 3598 2488626836 -19524531 27461898 -3500335009 -33554432 1 325
858 a169ca4d8009df7a 5419 3585 2483924441 -19487638 27488090 -3503673513 -33554432 1 326
859 ae2b27b89d9f8cc3 5456 3572 2482213366 -19474214 27497602 -3504885948 -33554432 1 327
860 1b6aa405c532b53c 5493 3559 2482213367 -19474214 27497602 -3504885949 -33554432 1 328
861 6de296b95b533e79 5530 3546 2480929672 -19464143 27504732 -3505794727 -33554432 1 329
862 1a474475c24069cd 5567 3533 2473220540 -19403661 27547433 -3511237512 -33554432 1 330
863 650bf3fb131f87e9 5604 3520 2460775204 -19306021 27615950 -3519970754 -33554432 1 331
864 b312308f450eecfb 5641 3506 2451743786 -19235165 27665350 -3526267307 -33554432 1 332
865 37862e7e33fcf5b2 5678 3492 2443558614 -19170948 27709888 -3531944224 -33554432 1 333
866 c8b1bf0b25a2caaf 5715 3478 2429752439 -17876161 26055330 -3541475501 -31457280 1 334
867 cb8fef511e11ea50 5752 3464 2419375043 -16618417 24374882 -3548591012 -29360128 1 335
868 42a253c668842fc9 5789 3450 2414199135 -12456890 18328636 -3552167717 -22020096 1 336
869 d8c82b0f36fdcdaa 5811 3398 2402508946 -2718438 4028316 -3560150449 -4718592 1 337
870 818b1721da665e46 5833 3346 2397692101 13092014 -19456647 -3563322424 23592960 1 338
871 34c62a45bad61fb1 5856 3295 2410198306 24929512 -36767222 -3554675075 44564480 1 339
872 6ff204ce9a3262fa 5879 3244 2410198306 24929512 -36767222 -3554675075 44564480 1 340
873 93c9e53b380c7de5 5902 3193 2410198306 24929512 -36767222 -3554675075 44564480 1 341
874 9ef06b36d1d1896c 5925 3142 2410198306 24929512 -36767222 -3554675075 44564480 1 342
875 f739545b1579018c 5948 3091 2410198306 24929512 -36767222 -3554675075 44564480 1 343
876 4254ecc532c328f3 5971 3040 2410198306 24929512 -36767222 -3554675075 44564480 1 344
877 33f2a9c46cead57b 5994 2989 2410198306 24929512 -36767222 -3554675075 44564480 1 345
878 8860c0cc86d07e4c 6017 2938 2410198306 24929512 -36767222 -3554675075 44564480 1 346
879 d7e14d4280004765 6040 2887 2410198306 24929512 -36767222 -3554675075 44564480 1 347
880 2d300951f3083eb1 6063 2836 2410198306 24929512 -36767222 -3554675075 44564480 1 348
881 b63f15a153f5f8c8 6086 2785 2410198306 24929512 -36767222 -3554675075 44564480 1 349
882 bebf2f44531db170 6109 2734 2410198306 24929512 -36767222 -3554675075 44564480 1 350
883 b8e76cb15cd8e438 6132 2683 2410198306 24929512 -36767222 -3554675075 44564480 1 351
884 29916df109f50a38 6154 2631 2405851164 25471979 -37666183 -3557605471 45613056 1 352
885 06795f6870ef66b4 6176 2579 2404582881 21935873 -32462847 -3558537652 39321600 1 353
886 468be702a5e040b7 6198 2527 2398505746 21002005 -31195607 -3562653507 37748736 1 354
887 210b2a6e494f29d9 6219 2475 2379814440 15318438 -23013278 -3575257059 27787264 1 355
888 8ea48f74214c6ee9 6239 2423 2343518788 -77113 118442 -3599258777 0 1 356
889 724c7a5b79416114 6258 2370 2294454501 -19681438 31142214 -3630546160 -36700160 1 357
890 612acf582bc030b5 6275 2317 2248678270 -46468783 75596150 -3658184794 -88604672 1 358
891 b4b2d14df60b86e7 6292 2264 2225168976 -72076619 118908384 -3670971650 -138936320 1 359
892 5bf0c947eed357bd 6309 2211 2215240542 -86105067 142876778 -3675816312 -166723584 1 360
893 0d51b14422d52408 6326 2158 2208816368 -89366077 148862737 -3679365150 -173539328 1 361
894 70942ab16cb188b8 6343 2105 2208367211 -89347905 148873645 -3679634754 -173539328 1 362
895 d1b51f23fc32d6b8 6360 2052 2206931287 -91448629 152500466 -3680296064 -177733632 1 363
896 8e8a7c4ce5e3443a 6395 2034 2202645430 -96927762 162040873 -3682315161 -188743680 1 364
897 51fa48cf0c856023 6430 2015 2198442290 -100238540 167994406 -3684470883 -195559424 1 365
898 5bab4cb2936db977 6464 1996 2193344046 -103225885 173530159 -3687169330 -201850880 1 366
899 cca4f04fecb74720 6498 1977 2190090883 -105216377 177220797 -3688870871 -206045184 1 367
900 22c78eff72bf8b17 6532 1958 2188649180 -107021692 180412048 -3689519845 -209715200 1 368
901 3e1fc31f6b9a9b2d 6566 1939 2187602734 -109915194 185392910 -3689808460 -215482368 1 369
902 44e44a527963cf38 6600 1920 2187521642 -111517412 188095356 -3689671684 -218628096 1 370
903 e2fac219a5fb440b 6634 1901 2187480657 -112318499 189446542 -3689602555 -220200960 1 371
904 ba7f83d397e0261a 6668 1882 2187917301 -112608705 189883187 -3689312349 -220725248 1 372
905 055eae1ff2256791 6702 1863 2189240647 -113212721 190742445 -3688464405 -221773824 1 373
906 580e984d6e03a958 6736 1844 2190127243 -113526636 191164985 -3687906504 -222298112 1 374
907 8a52c45d192a0f44 6770 1825 2191477648 -113596635 191123397 -3687104208 -222298112 1 375
908 840e1a520f0c627f 6804 1806 2192799943 -114201973 191981754 -3686254657 -223346688 1 376
909 01c4ed6684439084 6838 1787 2194149743 -114272271 191939919 -3685451382 -223346688 1 377
910 361003407bb592ec 6872 1768 2195949019 -114365978 191884099 -3684379581 -223346688 1 378
911 4fdc528a9343679e 6907 1750 2199587800 -113747805 190423835 -3682303326 -221773824 1 379
912 084499ed6f218006 6942 1732 2203687350 -112880936 188501912 -3679977046 -219676672 1 380
913 3a3e93a881552048 6977 1714 2208287271 -110954480 184772791 -3677466454 -215482368 1 381
914 876332626e20c5c9 7012 1696 2212380133 -110077160 182856307 -3675127862 -213385216 1 382
915 f409883921891c46 7047 1678 2217432865 -107886518 178673877 -3672352340 -208666624 1 383
916 14818a5cae521c7e 7082 1660 2220648585 -106412731 175893254 -3670586033 -205520896 1 384
917 1de812965048ea84 7117 1642 2221583494 -105642109 174523247 -3670107931 -203948032 1 385
918 3a7247e1d04323d2 7152 1624 2224347837 -104140773 171758905 -3668606596 -200802304 1 386
919 b463d04b3e122593 7187 1606 2231249039 -100369734 164857703 -3664835556 -192937984 1 387
920 5309b3db5b01b0aa 7222 1588 2246749600 -93922799 152836876 -3656047006 -179306496 1 388
921 e885aefa6e8d0a37 7257 1571 2264375459 -88568599 142597843 -3645705599 -167772160 1 389
922 c896aa25e39168df 7292 1554 2273386677 -85863911 137493144 -3640354393 -162004992 1 390
923 e9bc0c6d0abb399c 7327 1537 2276114694 -84297538 134765128 -3638788020 -158859264 1 391
924 3d3711f16bf63e44 7362 1520 2277508272 -82678811 132069696 -3638051945 -155713536 1 392
925 5b06e021c3ebf8f8 7397 1503 2278041830 -80192250 128062948 -3637916791 -150994944 1 393
926 f6e7351fdbd62dd3 7432 1486 2278099954 -78523741 125398425 -3638009611 -147849216 1 394
927 1f093e4593a17db4 7467 1469 2278138024 -77411378 123622038 -3638070407 -145752064 1 395
928 9f1d57d1173a45ca 7502 1452 2277831804 -73225582 116969276 -3638568749 -137887744 1 396
929 40d34040e80f2351 7537 1435 2278003789 -67664267 108085729 -3638843475 -127401984 1 397
930 4a6056cb8a6c177d 7572 1418 2278591171 -62670954 100082332 -3638794061 -117964800 1 398
931 900ffda28de1fcde 7607 1401 2280992512 -55771283 88943175 -3637691014 -104857600 1 399
932 77c754eeae049f8d 7642 1384 2285597191 -48626004 77338079 -3635167656 -91226112 1 400
933 ee0f309beaae7307 7677 1367 2289712082 -42561988 67528704 -3632848883 -79691776 1 401
934 cb32a5896eeb9fc2 7713 1350 2295155014 -35376649 55946623 -3629686764 -66060288 1 402
935 eafa392e2216b441 7749 1333 2300134524 -27590160 43503205 -3626771497 -51380224 1 403
936 c7981a8a25fcc1eb 7785 1316 2301957477 -22834446 35965723 -3625730395 -42467328 1 404
937 2f07ca7dbe1aae6f 7821 1299 2304180904 -21731308 34182086 -3624341839 -40370176 1 405
938 db1292f00c4930fa 7857 1282 2305963173 -20340552 31960029 -3623236501 -37748736 1 406
939 2db9d3e75a0ad96c 7893 1265 2308632848 -18391254 28850529 -3621572566 -34078720 1 407
940 3a3e05990d17d4ac 7929 1249 2313965277 -14196529 22198422 -3618233610 -26214400 1 408
941 9d69333c9a1633f3 7965 1233 2319285101 -9982317 15558606 -3614874683 -18350080 1 409
942 80273ebca9d5a6d1 8001 1217 2321940744 -7726194 12022793 -3613188483 -14155776 1 410
943 cee7341bd8161ce7 8037 1201 2322823727 -7445581 11579913 -3612622936 -13631488 1 411
944 c0f862b88a87c4a3 8073 1185 2323264704 -7446995 11579004 -3612339361 -13631488 1 412
945 9ca74754fa903da6 8109 1169 2325471642 -6602449 10252097 -3610924676 -12058624 1 413
946 bbc0a17be20062b9 8145 1153 2327238727 -4902935 7604982 -3609795299 -8912896 1 414
947 327496f3b8d27201 8181 1137 2331206132 -3203862 4957571 -3607240940 -5767168 1 415
948 16ccb972ed7f4e81 8217 1121 2332527700 -2636213 4075932 -3606388088 -4718592 1 416
949 6d943fea012645f2 8253 1105 2333849051 -1783025 2754580 -3605534899 -3145728 1 417
950 5f6c440ee5af3431 8289 1089 2339128681 -644905 993121 -3602113225 -1048576 1 418
951 d091050beaa4bb45 8325 1073 2343963347 784404 -1204383 -3598968995 1572864 1 419
952 9594b26c73754262 8361 1057 2345281059 1071134 -1643318 -3598110195 2097152 1 420
953 cfa7f231f09f7be9 8397 1041 2345281059 1071134 -1643318 -3598110195 2097152 1 421
954 f1dd8319ec43ec87 8433 1025 2345719933 1644020 -2521562 -3597823371 3145728 1 422
955 d31a92c2e3d2d5d1 8469 1009 2346598238 1644636 -2521161 -3597250578 3145728 1 423
956 91039f1c0196598f 8505 993 2346598238 1644636 -2521161 -3597250578 3145728 1 424
957 2e55ca8314a07398 8541 977 2346598238 1644636 -2521161 -3597250578 3145728 1 425
958 a34d7da7e992d555 8577 961 2346598238 1644636 -2521161 -3597250578 3145728 1 426
959 2fbe16bc4e675375 8613 945 2346598238 1644636 -2521161 -3597250578 3145728 1 427
960 2500677903f2a7c1 8649 929 2346598238 1644636 -2521161 -3597250578 3145728 1 428
961 bbd2dfebc027d74b 8685 913 2346598238 1644636 -2521161 -3597250578 3145728 1 429
962 8a3bb5ddd7f3b7e7 8721 897 2346598238 1644636 -2521161 -3597250578 3145728 1 430
963 05a9b951b3732017 8757 881 2346598238 1644636 -2521161 -3597250578 3145728 1 431
964 1bb02018a3b1559e 8793 865 2346598238 1644636 -2521161 -3597250578 3145728 1 432
965 f7d0d9aaecfa53e0 8829 849 2346598238 1644636 -2521161 -3597250578 3145728 1 433
966 22e8663566267036 8865 833 2346598238 1644636 -2521161 -3597250578 3145728 1 434
967 08789d7aba18cba2 8901 817 2346598238 1644636 -2521161 -3597250578 3145728 1 435
968 b3060ff756cb31de 8937 801 2347915433 1645559 -2520559 -3596390987 3145728 1 436
969 045ee9f4297f7701 8973 785 2353620024 -936206 1429069 -3592661122 -1572864 1 437
970 513f60c7d0395c28 9009 770 2363696202 -2671438 4052927 -3586036918 -4718592 1 438
971 6315467fd0a43067 9045 755 2372876748 -5288741 7979129 -3579959269 -9437184 1 439
972 d5d68b9b8b9edeee 9081 740 2382477777 -7055130 10582258 -3573567120 -12582912 1 440
973 7f92d3920cb0f665 9117 725 2387268297 -8817822 13187785 -3570356071 -15728640 1 441
974 66c627360e60ce29 9153 710 2391616438 -10877534 16225355 -3567426706 -19398656 1 442
975 42ff165ac81e073c 9190 695 2399432413 -14135063 20984574 -3562138124 -25165824 1 443
976 1689c3feb294e8d4 9227 680 2403333430 -15918366 23576081 -3559483568 -28311552 1 444
977 c3dd2d54ea5d3f99 9264 665 2405493204 -17694593 26172322 -3557997812 -31457280 1 445
978 68ef64ee6ed1cc43 9301 651 2408506645 -20951046 30931988 -3555902709 -37224448 1 446
979 c97212780f98c9c3 9338 637 2411091617 -23033963 33953606 -3554109998 -40894464 1 447
980 788ca796f5d792a1 9375 623 2411077109 -24505572 36122856 -3554088612 -43515904 1 448
981 e47e80339282d817 9412 609 2411498685 -25687474 37855112 -3553776204 -45613056 1 449
982 6dbe133987114e7a 9449 595 2416685656 -27217931 39984331 -3550216183 -48234496 1 450
983 a766502b1c6ee513 9486 581 2423172077 -28178493 41232929 -3545770293 -49807360 1 451
984 c5ff9cae19ac3665 9523 567 2428360006 -28535293 41624007 -3542211870 -50331648 1 452
985 565d645f5b2487a4 9560 553 2436130244 -29221442 42424699 -3536857328 -51380224 1 453
986 3750238d507389aa 9597 539 2451663468 -28210497 40574134 -3526137861 -49283072 1 454
987 b6556a2267b85ef6 9634 526 2485190027 -22224894 31324673 -3502727427 -38273024 1 455
988 0bc0af38e8a256b3 9671 514 2509514515 -20910626 29041982 -3485369461 -35651584 1 456
989 609542ba698165f7 9708 502 2514627270 -19725303 27311273 -3481703430 -33554432 1 457
990 a911bb6679ed3122 9745 490 2518026170 -19751965 27291997 -3479246080 -33554432 1 458
991 3881fd346018f1fb 9782 478 2528205984 -20140456 27657823 -3471850801 -34078720 1 459
992 7e88a2904f4104ab 9820 467 2547236503 -20603021 27968881 -3457907391 -34603008 1 460
993 65f947f5895e27fb 9858 456 2552720690 -20647379 27936151 -3453860797 -34603008 1 461
994 0f63744337ff6d79 9896 445 2553985361 -20657608 27928588 -3452925732 -34603008 1 462
995 3ff665a7beecd91a 9934 434 2559882618 -20705307 27893244 -3448555974 -34603008 1 463
996 263c515189cf6e49 9972 423 2571646864 -21742291 29081997 -3439775864 -36175872 1 464
997 748a8e53a6cc86fc 10010 412 2580037064 -21813227 29028829 -3433487196 -36175872 1 465
998 5c90eb607917c787 10048 402 2597606253 -21961768 28916614 -3420214516 -36175872 1 466
999 6e5fdf464f55a75a 10086 392 2617601639 -22130821 28787438 -3404935718 -36175872 1 467
1000 1b13648866519df3 10124 382 2636679584 -22292118 28662716 -3390183824 -36175872 1 468
1001 ce42e53aa1219acc 10162 373 2647824746 -24002574 30652972 -3381457149 -38797312 1 469
1002 d49675a595ee3db8 10200 364 2661421781 -24450739 30967504 -3370759759 -39321600 1 470
1003 3a4476de41f797a9 10238 355 2674559229 -25550973 32102348 -3360326412 -40894464 1 471
1004 cd8cb5346cf59ed0 10276 347 2682319436 -28244825 35318486 -3354081297 -45088768 1 472
1005 feab5136b0689a56 10314 339 2691704322 -30315344 37690113 -3346510474 -48234496 1 473
1006 e759ee498c30f6c4 10353 331 2696592241 -31358046 38869746 -3342549951 -49807360 1 474
1007 6d3d9c740e014bb4 10392 323 2697816139 -31372278 38858260 -3341562205 -49807360 1 475
1008 44253ffda1d81983 10431 315 2700239125 -33378453 41281246 -3339556030 -52953088 1 476
1009 dede1762c192487b 10470 307 2707532076 -36443681 44870197 -3333567556 -57671680 1 477
1010 7487749eca13ad0f 10509 299 2712805191 -37508301 46031519 -3329250110 -59244544 1 478
1011 001a240388562d89 10548 292 2718896672 -37592524 45962762 -3324277242 -59244544 1 479
1012 d7bc94c5d6a5e663 10587 285 2724974418 -38009260 46299038 -3319287602 -59768832 1 480
1013 5b98f06964eefb15 10626 278 2728214609 -38054456 46261898 -3316624913 -59768832 1 481
1014 be7bc9211e02a4bf 10665 271 2729419634 -38737759 47057437 -3315614199 -60817408 1 482
1015 0179bcb7cf10c5cd 10704 264 2731038261 -38760732 47038516 -3314281079 -60817408 1 483
1016 f324093d90c76f37 10743 257 2734677788 -38812387 46995904 -3311278673 -60817408 1 484
1017 183e53932aa4ae2a 10782 250 2737910153 -38858263 46957979 -3308606512 -60817408 1 485
1018 39fe7e3ff72d389a 10821 243 2740736331 -38898374 46924758 -3306265782 -60817408 1 486
1019 4ae9a93e5c82661a 10860 236 2742753805 -38927007 46901008 -3304592353 -60817408 1 487
1020 a9246d3172dfd117 10899 229 2746382681 -38978510 46858213 -3301577081 -60817408 1 488
1021 3e535c37ad19663e 10938 222 2749202849 -39018536 46824889 -3299229114 -60817408 1 489
1022 a7808eef08c64f1e 10977 215 2753635235 -38745240 46370167 -3295540271 -60293120 1 490
1023 fa0c6b89b36c1a5a 11016 208 2762074200 -38863981 46270692 -3288470587 -60293120 1 491
1024 3535a7d3f46cfa55 11055 202 2770522822 -36953286 43767548 -3281412229 -57147392 1 492
1025 65f5b877329091c1 11094 196 2781748767 -35065262 41244549 -3271954643 -54001664 1 493
1026 04724f679b1990a3 11133 190 2800909395 -32229173 37461653 -3255642570 -49283072 1 494
1027 440ae6cf65b7d35e 11172 185 2822316457 -31786366 36458084 -3237118212 -48234496 1 495
1028 0dc2102ee87ccd27 11211 180 2836526194 -30907509 35137130 -3224697402 -46661632 1 496
1029 a581c18c2188e567 11250 175 2837706923 -30920375 35125809 -3223658419 -46661632 1 497
1030 7fa5c67a908d61ac 11289 170 2837706923 -30920375 35125809 -3223658419 -46661632 1 498
1031 eec063a2586cb940 11328 165 2837706923 -30920375 35125809 -3223658419 -46661632 1 499
1032 198a072ea5fce6e9 11367 160 2837706923 -30920375 35125809 -3223658419 -46661632 1 500
1033 2e4445efb744ba36 11406 155 2837706923 -30920375 35125809 -3223658419 -46661632 1 501
1034 c589f0d714bdd5d0 11445 150 2839677715 -30595168 34713629 -3221930081 -46137344 1 502
1035 a6786709fffb215f 11484 145 2844394287 -30645985 34668775 -3217766945 -46137344 1 503
1036 b42cc5b3c7013cbf 11523 141 2848320103 -30688282 34631340 -3214292389 -46137344 1 504
1037 c71469e4a8bced8f 11562 137 2850673556 -30713639 34608854 -3212205356 -46137344 1 505
1038 1c08080be6ba3b03 11601 133 2857732157 -30091922 33758585 -3205942268 -45088768 1 506
1039 bada9c42b3a99b31 11640 129 2867123125 -29140724 32499299 -3197568400 -43515904 1 507
1040 8539fb5ab08e8220 11679 125 2877277812 -27136350 30071348 -3188475466 -40370176 1 508
1041 6300cf5fc502f86f 11718 122 2885454858 -25804437 28448417 -3181103450 -38273024 1 509
1042 52cd20fde7d785ac 11757 119 2892443833 -25160721 27616562 -3174762512 -37224448 1 510
1043 f23f85cc3f542669 11796 116 2903287167 -24191752 26371395 -3164867613 -35651584 1 511
1044 66f3476dd321856f 11835 114 2922930684 -24712261 26604401 -3146728745 -36175872 1 512
1045 900abf9e2a5927ad 11874 112 2943218251 -25961704 27589382 -3127742830 -37748736 1 513
1046 f2be587556b5e318 11913 110 2952368891 -26042421 27513204 -3119106735 -37748736 1 514
1047 8cd687429d377518 11952 108 2959215252 -26102812 27455916 -3112612082 -37748736 1 515
1048 390bfdc3ad8c0e3c 11991 107 2965282443 -26880334 28163383 -3106819657 -38797312 1 516
1049 640964db059dc352 12030 106 2972848523 -28037703 29232768 -3099560462 -40370176 1 517
1050 132e2ffb80184800 12069 105 2979641397 -29193047 30303787 -3093009968 -41943040 1 518
1051 29b37850a945de91 12108 104 2986419437 -30353223 31369861 -3086444174 -43515904 1 519
1052 97a062818383d934 12147 103 2989051957 -30744892 31720364 -3083887326 -44040192 1 520
1053 899cfac1f59379d6 12186 102 2989804770 -30752635 31712857 -3083157485 -44040192 1 521
1054 bb04cbd0bbc85517 12225 101 2990933656 -30764247 31701593 -3082062379 -44040192 1 522
1055 eec87d2dbf7e147d 12264 100 2991302260 -31498415 32450204 -3081689421 -45088768 1 523
1056 4d5d578082b795d1 12303 99 2993178748 -31883594 32806933 -3079859120 -45613056 1 524
1057 6604d7f3480d013f 12342 98 2996911923 -34118630 35021057 -3076178220 -48758784 1 525
1058 42e573e46075f492 12381 98 3001027115 -35264636 36100265 -3072138263 -50331648 1 526
1059 0d6554bf45605784 12420 98 3005501977 -37151899 37920962 -3067716362 -52953088 1 527
1060 87ec8f27ba727800 12459 98 3005871873 -37523455 38290859 -3067344805 -53477376 1 528
1061 92be3d12b15ab601 12498 98 3005871873 -37523455 38290859 -3067344805 -53477376 1 529
1062 61a6eda20745a153 12537 98 3005871873 -37523455 38290859 -3067344805 -53477376 1 530
1063 0e383e66d871adb3 12576 98 3005871873 -37523455 38290859 -3067344805 -53477376 1 531
1064 1ee33f551ef52f47 12615 98 3005871873 -37523455 38290859 -3067344805 -53477376 1 532
1065 1ff374035a66fa92 12654 98 3005871873 -37523455 38290859 -3067344805 -53477376 1 533
1066 9df5e6e4e8b29c91 12693 98 3005871873 -37523455 38290859 -3067344805 -53477376 1 534
1067 d2c3e3000980769d 12732 98 3005871873 -37523455 38290859 -3067344805 -53477376 1 535
1068 9c7d4083209cf964 12771 98 3005871873 -37523455 38290859 -3067344805 -53477376 1 536
1069 50c4ba92773edc12 12810 98 3005871873 -37523455 38290859 -3067344805 -53477376 1 537
1070 62e7fbc827a7b62c 12849 98 3002874987 -37486044 38327485 -3070278763 -53477376 1 538
1071 0f5088e1ef3af7fb 12888 97 2997614327 -38152329 39142323 -3075396674 -54525952 1 539
1072 afc6b197d2dd7edd 12927 96 2991583038 -39536545 40721274 -3081225995 -56623104 1 540
1073 a34159aae1094dbd 12966 95 2985172744 -40180759 41556997 -3087417413 -57671680 1 541
1074 b9696f6cb0205c27 13005 94 2978366797 -41180064 42778227 -3093953703 -59244544 1 542
1075 66285e4c8e86d900 13044 93 2974582739 -41490923 43206587 -3097581846 -59768832 1 543
1076 4c702a6d0697ae3e 13083 92 2972691571 -41464544 43231903 -3099396810 -59768832 1 544
1077 9dbdbbcd4ad30dc1 13122 91 2967021449 -40660945 42549737 -3104845247 -58720256 1 545
1078 c5aa3ccf09c8a0ad 13161 89 2955655517 -38700870 40796681 -3115715392 -56098816 1 546
1079 548ed77b8698ee5e 13200 87 2945002821 -37482713 39784015 -3125814251 -54525952 1 547
1080 5cda15e79e84d2ed 13239 85 2941948866 -37443844 39820600 -3128688739 -54525952 1 548
1081 e12b309ca58cf120 13278 83 2939670061 -36338132 38701462 -3130857029 -52953088 1 549
1082 dde0c5523429b93f 13317 81 2931672594 -33017993 35346536 -3138423220 -48234496 1 550
1083 684c2aee17174123 13356 78 2920955543 -30401065 32768867 -3148454345 -44564480 1 551
1084 4af6fd8f0b1b3a0b 13395 75 2916351341 -29285033 31658798 -3152741512 -42991616 1 552
1085 ba2655a2d45e9b39 13434 72 2915581541 -29277303 31665947 -3153453417 -42991616 1 553
1086 a85324b70809d716 13473 69 2915581541 -29277303 31665947 -3153453417 -42991616 1 554
1087 d8e46efc4f2e5c09 13512 66 2915581541 -29277303 31665947 -3153453417 -42991616 1 555
1088 047ee2496fd95aaf 13551 63 2915581541 -29277303 31665947 -3153453417 -42991616 1 556
1089 c6873d991ea05c9a 13590 60 2915581541 -29277303 31665947 -3153453417 -42991616 1 557
1090 c0c6200b0288214a 13629 57 2915581541 -29277303 31665947 -3153453417 -42991616 1 558
1091 44fb294af7af0cc1 13668 54 2915581541 -29277303 31665947 -3153453417 -42991616 1 559
1092 1c1a22a362dd417e 13707 51 2915581541 -29277303 31665947 -3153453417 -42991616 1 560
1093 23eb95cdba08bc44 13746 48 2915581541 -29277303 31665947 -3153453417 -42991616 1 561
1094 951f69c039cfe5bc 13785 45 2915581541 -29277303 31665947 -3153453417 -42991616 1 562
1095 35a5dfea0063ec46 13824 42 2915581541 -29277303 31665947 -3153453417 -42991616 1 563
1096 2f235cb0d1f0be2c 13863 39 2915581541 -29277303 31665947 -3153453417 -42991616 1 564
1097 e7759d967f9f3cf3 13902 36 2915581541 -29277303 31665947 -3153453417 -42991616 1 565
1098 dba70feac83a488f 13941 33 2915581541 -29277303 31665947 -3153453417 -42991616 1 566
1099 fb3ffefba54e9875 13980 30 2915581541 -29277303 31665947 -3153453417 -42991616 1 567
1100 d0225ae58d4802cd 14019 27 2913256471 -30676594 33228192 -3155572158 -45088768 1 568
1101 cb9bb9fc21abbd95 14058 24 2912867482 -31028113 33617181 -3155923676 -45613056 1 569
1102 9144cfb597eb7026 14097 21 2912085351 -32086345 34780748 -3156622205 -47185920 1 570
1103 c03e72cea0cdf65a 14136 18 2912085351 -32086345 34780748 -3156622205 -47185920 1 571
1104 87fb29e624146ae6 14175 15 2912085351 -32086345 34780748 -3156622205 -47185920 1 572
1105 eddc9e68e0a9b915 14214 12 2912446375 -34223739 37088540 -3156240385 -50331648 1 573
1106 33ddbddf1e125ea8 14253 9 2915872760 -37467959 40514926 -3152996164 -55050240 1 574
1107 ed7bb99f35e7e242 14292 7 2922371486 -40405851 43510247 -3146897393 -59244544 1 575
1108 da23c5c5f0e2361b 14331 5 2931930924 -42685866 45685037 -3137931791 -62390272 1 576
1109 b5ba00418de73d9b 14370 3 2939960032 -43161720 45957592 -3130399983 -62914560 1 577
1110 c46dcc397058ef65 14409 1 2948737373 -43290581 45836230 -3122133395 -62914560 1 578
1111 8d16879752623e3c 14448 -1 2959391441 -43446994 45687997 -3112036525 -62914560 1 579
1112 8ab9d17db26d042e 14487 -2 2972649622 -44367541 46258635 -3099353152 -63963136 1 580
1113 2077c560b2aa46f6 14526 -3 2985487434 -44559149 46074096 -3086988907 -63963136 1 581
1114 2ca672b6b2cd8a7a 14565 -4 2998643620 -45121636 46258569 -3074199847 -64487424 1 582
1115 2d83c5ddbb60aeda 14604 -4 3016604726 -45391903 45993395 -3056577200 -64487424 1 583
1116 3cfd7d64a2a3ac2b 14643 -4 3024441273 -44771269 45132538 -3048845297 -63438848 1 584
1117 0841341a405a10ce 14682 -4 3027799859 -44081619 44339787 -3045531625 -62390272 1 585
1118 c0a0ed5c6fd41b49 14721 -4 3033376677 -43792448 43887905 -3039987842 -61865984 1 586
1119 e7ef1e67083d5b83 14760 -4 3057074933 -41148572 40598923 -3016238627 -57671680 1 587
1120 328c6efb1a190084 14799 -3 3101665645 -40612704 38893893 -2970395961 -56098816 1 588
1121 dbe839b960cd359f 14838 -1 3131261395 -39471037 37050280 -2939220214 -54001664 1 589
1122 815bf021eec24103 14877 2 3155920422 -38625965 35649838 -2912755994 -52428800 1 590
1123 6d164c3e660f0c78 14916 5 3175061131 -38084956 34688426 -2891898536 -51380224 1 591
1124 bd81435f7d8ca965 14955 9 3190543072 -38660189 34834299 -2874799287 -51904512 1 592
1125 81fb7df95ce76459 14994 13 3217060639 -40159807 35516048 -2845064274 -53477376 1 593
1126 0176c700dc73360c 15033 18 3250848143 -41772277 36060838 -2806365107 -55050240 1 594
1127 e130d9f471c9f2a6 15072 24 3275371324 -43287072 36709537 -2777672660 -56623104 1 595
1128 0ae2dfd30c7e81b4 15111 30 3292196301 -48332918 40484109 -2757573670 -62914560 1 596
1129 e6b85d972c2e6a87 15150 37 3311103136 -60739378 50160906 -2734434989 -78643200 1 597
1130 975bea398ca273a2 15188 45 3340998171 -74751912 60348990 -2697266292 -95944704 1 598
1131 53274a535899ec14 15226 54 3376837589 -91639802 71954167 -2651440499 -116391936 1 599
1132 662af17e70208b8b 15264 64 3417247021 -112777288 85736983 -2597902486 -141557760 1 600
1133 ae6bcb24d305a6a6 15302 75 3446108823 -125522647 93197076 -2558639566 -156237824 1 601
1134 e9c308b3cac20455 15339 86 3460185035 -132379983 97140119 -2539075212 -164102144 1 602
1135 48c3b43a9eeb8960 15376 98 3475265298 -141879600 102784604 -2517653807 -175112192 1 603
1136 44e01af43c36a0ae 15413 111 3501618098 -154517237 109428488 -2479831565 -189267968 1 604
1137 4a258ba828a9241a 15450 125 3535783194 -169000589 116127914 -2429595519 -204996608 1 605
1138 d84a1eb8c7df83ca 15486 140 3562577199 -181615826 121784588 -2388926951 -218628096 1 606
1139 a4162d7f35282d73 15522 155 3577906772 -188966291 124915746 -2365167013 -226492416 1 607
1140 5df25182cdd3f385 15558 170 3583149056 -193629606 127354069 -2356708600 -231735296 1 608
1141 cc1b5d31e01e51bc 15594 185 3590101566 -203236607 132750632 -2344991892 -242745344 1 609
1142 9472a18d7b3725ac 15630 201 3604602773 -219069505 141041071 -2320710857 -260571136 1 610
1143 b8ed50cdeccdbc5f 15665 217 3620500852 -236009146 149513521 -2293613534 -279445504 1 611
1144 8961258d937745be 15700 234 3634772145 -252539204 157619517 -2268602117 -297795584 1 612
1145 cd84c44eaad9e414 15735 251 3648485054 -266025542 163654910 -2244492897 -312475648 1 613
1146 87613a5ddd4316ac 15770 268 3654484115 -274088198 167510039 -2233451584 -321388544 1 614
1147 846a7e046416a2db 15805 285 3656665069 -281434921 171528501 -2228658118 -329777152 1 615
1148 fc6a088409115646 15839 303 3665509502 -293821101 177311498 -2212015812 -343408640 1 616
1149 0a47e44aa036a0bc 15873 321 3683203971 -305196576 180687184 -2180587026 -354942976 1 617
1150 5df893c1b12f7d00 15907 340 3696853866 -314053326 183145777 -2155885826 -363855872 1 618
1151 41a0f1f40d0ddcd3 15941 359 3700116483 -316150302 183696963 -2149927090 -365953024 1 619
1152 9c17a5f975e838bb 15975 378 3700787512 -317572843 184367991 -2148504550 -367525888 1 620
1153 2efe0149c72a661a 16009 397 3699163695 -321072870 186662053 -2150581669 -371720192 1 621
1154 2be2e98014c1a691 16043 416 3694889478 -327519482 191159570 -2156553925 -379584512 1 622
1155 07572bd8ffee7382 16077 435 3695739117 -335780715 195651738 -2153422430 -389021696 1 623
1156 adb43074cb52930d 16110 454 3704930343 -342088467 197262902 -2136421788 -395313152 1 624
1157 5b41336549e5f784 16143 474 3720052517 -345316748 195824174 -2109588249 -397410304 1 625
1158 bae74c18e32200ac 16176 494 3732604103 -349239443 195241318 -2086701540 -400556032 1 626
1159 b56304938240dd8b 16209 514 3743752634 -353048750 194833225 -2066024414 -403701760 1 627
1160 11c0262e3d331aed 16241 535 3755826365 -356500239 193965311 -2043476799 -406323200 1 628
1161 d02884f6ab2524a3 16273 556 3768572915 -361888148 193873012 -2018923595 -411041792 1 629
1162 ddb9bcb06ee2db8a 16305 578 3783541025 -367987221 193513198 -1989648068 -416284672 1 630
1163 b7c273f2835ef850 16336 600 3800848332 -372480888 191658921 -1955714927 -419430400 1 631
1164 2c65588cebbbe689 16367 623 3817287936 -377855942 190301102 -1922515868 -423624704 1 632
1165 68295b7c72ca7a94 16398 646 3823558449 -381304734 190406975 -1909318398 -426770432 1 633
1166 ebceb4963164895f 16429 669 3827971457 -386464684 191747482 -1899277902 -432013312 1 634
1167 a43edab998d76bcb 16459 692 3836905383 -392571950 192335264 -1879839239 -437780480 1 635
1168 e9b61e0c53061028 16489 716 3855767187 -398782689 190273105 -1839720627 -442499072 1 636
1169 7263f5929b5185c5 16518 741 3874445829 -406929728 188881593 -1798373023 -449314816 1 637
1170 f2ab49645b492f4b 16547 766 3892804750 -419911280 189328391 -1755176495 -461373440 1 638
1171 62d9f6624f90162f 16575 792 3906197274 -427145375 188464115 -1723483402 -467664896 1 639
1172 732b22c1e4cfc7d5 16603 818 3913677244 -432314946 188354156 -1705139584 -472383488 1 640
1173 f3762cf65c6b7e39 16631 844 3917303492 -435619873 188593148 -1695920215 -475529216 1 641
1174 19f3ba280c2bbafe 16659 870 3922130882 -441004320 189264509 -1683249106 -480772096 1 642
1175 3683ecde0874950f 16686 897 3930424185 -446310045 188773607 -1662432455 -485490688 1 643
1176 b2d5a32d4dd35f81 16713 924 3935443684 -450773216 188912316 -1649285519 -489684992 1 644
1177 ef5eba67dd583bbe 16740 951 3941468883 -454875829 188546141 -1633739712 -493355008 1 645
1178 8a7e59821e73159a 16767 978 3945309400 -458247419 188568594 -1623492838 -496500736 1 646
1179 60254e4c5ab52fde 16794 1005 3945651480 -465610880 191200005 -1620255392 -504365056 1 647
1180 8a520fa42b2fcf76 16821 1032 3942446953 -470601109 194122514 -1626255557 -510132224 1 648
1181 eab1934261251e4f 16848 1059 3940453533 -473778570 195974833 -1629937962 -513802240 1 649
1182 0192b27e470857f2 16875 1086 3940163627 -476183544 196969632 -1629818045 -516423680 1 650
1183 dec2d68284f2f5d9 16902 1113 3941181583 -477771017 197216599 -1626859633 -517996544 1 651
1184 7c9e3d1f0534d774 16929 1140 3941204907 -479238432 197753861 -1626306209 -519569408 1 652
1185 de94c94f803755e0 16956 1167 3940749218 -479671190 198069496 -1627244202 -520093696 1 653
1186 55795a70c0293304 16983 1194 3936581127 -488919933 202937236 -1633966609 -530579456 1 654
1187 6927c9b1963a1755 17010 1221 3932881763 -495774544 206776345 -1640315900 -538443776 1 655
1188 b595ad323a7045a7 17037 1248 3931436834 -497542669 207941723 -1643094649 -540540928 1 656
1189 16ae77c762b82fb6 17064 1275 3926057915 -501244927 211216145 -1654374379 -545259520 1 657
1190 8e7fe93ee5819be2 17092 1301 3906975926 -508990730 220874078 -1695413301 -556269568 1 658
1191 2814ae511b82232a 17121 1326 3867359058 -514875935 237000913 -1780171712 -568328192 1 659
1192 769a57b38ccdd1f3 17151 1349 3831867348 -522056830 252225045 -1851317341 -581435392 1 660
1193 6a7e019557e922d5 17181 1372 3816088703 -523703460 258324566 -1882342740 -585629696 1 661
1194 cc60ca0d0ba8c18f 17211 1394 3804337470 -523510272 262213961 -1905502905 -587202560 1 662
1195 945d8273b4e95004 17242 1416 3787379954 -521647858 267041496 -1938831996 -587726848 1 663
1196 08cb70fa6039a3df 17274 1436 3739178779 -515008957 279630869 -2030236066 -587726848 1 664
1197 b43d26a52ad109d3 17307 1454 3671366336 -503385791 294946225 -2151144526 -585105408 1 665
1198 c0b8c7cd24dfe09b 17341 1471 3614574970 -492902160 306285688 -2246069545 -581959680 1 666
1199 926c7b1c6f11e897 17376 1486 3567123497 -478450155 311580111 -2323010399 -572522496 1 667
1200 9ddbf86a57077149 17411 1500 3541989466 -457044931 305326549 -2366208004 -551026688 1 668
1201 b10c1fe349b3f62d 17447 1513 3516865933 -425898223 291947293 -2410762444 -517472256 1 669
1202 c1eb3989818aece7 17484 1525 3462898488 -372258459 268626077 -2498868106 -459800576 1 670
1203 3a1da7e89f1969f8 17521 1535 3392229691 -321575656 246751491 -2602926160 -405798912 1 671
1204 b45856aabd3aa724 17559 1542 3303050662 -286697751 236094427 -2720048569 -371720192 1 672
1205 34f46240b4e15b9b 17598 1546 3207083967 -271269495 239693897 -2833781253 -362283008 1 673
1206 7c378b89123d0274 17637 1548 3137279727 -257267014 238811092 -2912216155 -351272960 1 674
1207 7c4cfadfbd3b4259 17676 1549 3083530289 -242630808 233752869 -2970702765 -337117184 1 675
1208 f22fd056f9bef8f6 17715 1549 3036111596 -222870946 221803714 -3021572787 -314572800 1 676
1209 aa7fc12c907c3e81 17754 1548 2984895835 -207026030 213198803 -3073894503 -297271296 1 677
1210 0c3cd26e362d35f3 17793 1546 2939804447 -194525332 206337195 -3118313445 -283639808 1 678
1211 0a6973280c540852 17832 1543 2899760548 -189387117 206116723 -3155912112 -279969792 1 679
1212 0efb30f8db623733 17871 1539 2856872209 -184484764 206323650 -3195061999 -276824064 1 680
1213 6e927090de61583a 17910 1534 2818624758 -179251037 205362275 -3229209493 -272629760 1 681
1214 bf6c5c93f6ce5c7f 17949 1528 2777198989 -173553309 204055514 -3265294848 -267911168 1 682
1215 e40d7f6eb149fdc6 17987 1521 2732425263 -168746288 203989812 -3303105978 -264765440 1 683
1216 b29bd9c264c85154 18025 1513 2678177058 -163098995 203862050 -3347529043 -261095424 1 684
1217 1e028fc283ef9fae 18063 1503 2619912049 -156982855 203344155 -3393642949 -256901120 1 685
1218 c38324c437c66d23 18100 1492 2562818380 -153247886 205521127 -3437001917 -256376832 1 686
1219 ad0e548106677b0a 18137 1480 2513474000 -150297258 207688667 -3473250447 -256376832 1 687
1220 25b1bbdbfd0d82c9 18174 1467 2483686526 -148820338 209391902 -3494574774 -256901120 1 688
1221 bba3cad9fceca69d 18211 1454 2464881283 -147693544 210188198 -3507864289 -256901120 1 689
1222 c7891b0688d5f743 18248 1441 2449442212 -146768448 210835206 -3518662311 -256901120 1 690
1223 c1d8116a1f1fce3b 18285 1427 2424953681 -144409903 210556497 -3535697309 -255328256 1 691
1224 de6fbc2e11d66b8a 18321 1412 2391631919 -142132558 211470137 -3558359109 -254803968 1 692
1225 df5d5b80c9c6c1e1 18357 1397 2357644192 -140112697 212813803 -3580968676 -254803968 1 693
1226 12055ab0d166ffd0 18393 1381 2333583238 -138111049 212871573 -3596768601 -253755392 1 694
1227 9db2b5ba82541037 18429 1365 2320835995 -137356615 213359155 -3605006989 -253755392 1 695
1228 a55566acf9cfe92a 18464 1349 2313790552 -136939637 213627022 -3609532986 -253755392 1 696
1229 2eafb7f17ecea318 18499 1333 2300556621 -136156398 214127074 -3617982081 -253755392 1 697
1230 b3c9e7e47c3fb9c0 18534 1316 2262450207 -133901104 215544573 -3641932751 -253755392 1 698
1231 f457f274f3d54130 18569 1298 2216468085 -131451207 217658983 -3670062459 -254279680 1 699
1232 47e682cd7fc6ecc8 18603 1279 2163783600 -129121874 220869468 -3701260437 -255852544 1 700
1233 ef4ce26adc535979 18657 1293 2127004819 -128230024 224407303 -3722337034 -258473984 1 701
1234 f4183452980162bc 18711 1307 2117895168 -127940307 225174712 -3727491349 -258998272 1 702
1235 fe4f86b8a07beb86 18765 1321 2117895168 -127940307 225174712 -3727491349 -258998272 1 703
1236 d5c49e3ab5a75c7f 18819 1335 2117895168 -127940307 225174712 -3727491349 -258998272 1 704
1237 9fa1d406843b496c 18873 1349 2117895168 -127940307 225174712 -3727491349 -258998272 1 705
1238 24dcec57778086d3 18927 1363 2117895168 -127940307 225174712 -3727491349 -258998272 1 706
1239 13aa7d424e8ef7cf 18981 1377 2117895168 -127940307 225174712 -3727491349 -258998272 1 707
1240 d64802900e779617 19035 1391 2117895168 -127940307 225174712 -3727491349 -258998272 1 708
1241 96550044bad69149 19089 1405 2118350168 -127967793 225159093 -3727232789 -258998272 1 709
1242 02743cd26f3943f6 19143 1419 2119714979 -128050240 225112215 -3726456776 -258998272 1 710
1243 261027592e3885d1 19197 1433 2120624695 -128105195 225080946 -3725939157 -258998272 1 711
1244 83a14783caecc2e7 19251 1447 2120624695 -128105195 225080946 -3725939157 -258998272 1 712
1245 74c7198bd9f75871 19305 1461 2120624695 -128105195 225080946 -3725939157 -258998272 1 713
1246 80e69858dd2ea5fe 19359 1475 2120624695 -128105195 225080946 -3725939157 -258998272 1 714
1247 adb4d307b7ed7c7d 19413 1489 2120640317 -127846329 224626118 -3725966605 -258473984 1 715
1248 9ebc307dad3567cc 19467 1503 2118019099 -125871989 221534479 -3727709469 -254803968 1 716
1249 e8b8b7a71edac75b 19520 1517 2106754479 -123138019 218270836 -3734370698 -250609664 1 717
1250 84bd1b793470a0ec 19574 1531 2086356787 -119390450 214371175 -3746151405 -245366784 1 718
1251 63396da13112eab9 19629 1542 2030454287 -114202217 212436855 -3777013092 -241172480 1 719
1252 7794cd4e61dae32e 19684 1551 1968967591 -109056209 211007486 -3809657896 -237502464 1 720
1253 fe2ba409eeff6930 19739 1558 1900439504 -102701111 207767842 -3844653270 -231735296 1 721
1254 2ced20daf1524e1a 19794 1563 1834253574 -94184733 199092477 -3877337917 -220200960 1 722
1255 07fca3e5946ee4bc 19850 1567 1776209921 -83597196 183800792 -3905259424 -201850880 1 723
1256 11e85ae239cc18b1 19906 1569 1732347615 -67973859 154067828 -3926494426 -168296448 1 724
1257 5b0e4e4e8ebf1899 19961 1571 1688747117 -48514531 113393044 -3947108512 -123207680 1 725
1258 72c5813e76faf819 20017 1571 1641301096 -31515253 76193672 -3968132570 -82313216 1 726
1259 6e3cdccfa87ab4e8 20073 1569 1595866827 -17003505 42482638 -3987211965 -45613056 1 727
1260 c3491665152e3fa0 20129 1567 1562803484 -1961590 5021415 -4000544998 -5242880 1 728
1261 64c2c4cf8772ce89 20184 1564 1539289546 12160401 -31675139 -4009511264 34078720 1 729
1262 50674ee00badd1d0 20210 1534 1522941990 26533920 -69955925 -4015195373 74973184 1 730
1263 838d25f88f6ee9a9 20236 1504 1509953059 37556035 -99971161 -4019375716 106954752 1 731
1264 3def5f8f03cf2dda 20261 1474 1490423607 49998560 -135041554 -4025499406 144179200 1 732
1265 1314e7af3b16fce8 20286 1444 1458397763 62830384 -173858578 -4035547741 185073664 1 733
1266 00c735ed91ccdb4a 20310 1413 1416995580 70580639 -201673606 -4048853384 213909504 1 734
1267 171dfec9416ab1c3 20334 1382 1384041499 74529511 -218589448 -4059290234 231211008 1 735
1268 ffdc9c593671d265 20357 1351 1349508595 77957858 -235109206 -4069916075 247988224 1 736
1269 becaff34016eb8ec 20380 1319 1314953418 79827602 -247712867 -4080429814 260571136 1 737
1270 34fbedadb4847fb4 20402 1287 1249315051 79517103 -260970910 -4100186238 273154048 1 738
1271 c4c5adc69dea1230 20422 1254 1161770650 76935754 -273176114 -4125104693 284164096 1 739
1272 3482b07d6980ef4e 20441 1220 1074896518 71578078 -276250153 -4148482129 285736960 1 740
1273 e9f21be808ddc628 20459 1185 1013002594 67456521 -277285387 -4164028368 285736960 1 741
1274 69fb61d4fecaeaf0 20476 1150 965668074 64304484 -278033274 -4175259474 285736960 1 742
1275 40b55aca32a0fe66 20492 1115 931496245 61914748 -278039262 -4183051464 285212672 1 743
1276 e75818b4ae971538 20508 1079 890625285 58870546 -277095456 -4192049981 283639808 1 744
1277 f6aa7d8555e9a866 20522 1043 820823653 55665705 -285222497 -4205774846 290979840 1 745
1278 ba9472ef3931877a 20535 1006 763747097 52075937 -287494621 -4216404794 292552704 1 746
1279 938207d5901eeed6 20548 969 737986150 50500446 -288837612 -4220917324 293601280 1 747
1280 f4a826ec6e599fe4 20561 932 734373001 50343264 -289395983 -4221511091 294125568 1 748
1281 84ec42dcbde7e30a 20573 895 718890449 49546403 -291125322 -4224065790 295698432 1 749
1282 cb510b914f39a21c 20585 858 687934016 47412866 -291480393 -4229217665 295698432 1 750
1283 814bf028af4a9635 20634 832 627467378 43245467 -292127761 -4238610617 295698432 1 751
1284 208ed664280af67b 20682 804 568437316 39037641 -291664368 -4247002596 294649856 1 752
1285 22c55574bf9457d2 20730 775 498946119 33592240 -286549085 -4256120067 288882688 1 753
1286 e331989bebdccf9a 20776 743 400759997 25213113 -268495820 -4267717164 270008320 1 754
1287 fe5683a9a992c081 20820 709 313278301 17943888 -244947138 -4276479825 245891072 1 755
1288 a772cc825d467303 20863 674 228186883 12259767 -230096217 -4282707117 230686720 1 756
1289 607e1da5145e8c00 20905 637 152907545 7709915 -216148567 -4286791773 216530944 1 757
1290 fbcd251207ef3407 20946 599 88551657 4074917 -197391644 -4289513097 197656576 1 758
1291 2fa10f18711e4b91 20987 560 59767916 2355676 -169131998 -4291219021 169345024 1 759
1292 88cab96dd18ca109 21028 521 60832445 1921788 -135602246 -4292394649 135790592 1 760
1293 5770e186fab4ae05 21069 482 61883188 1864247 -129313969 -4292573699 129499136 1 761
1294 622c157234804cd6 21110 443 61883188 1864247 -129313969 -4292573699 129499136 1 762
1295 d38f19fd0816060b 21151 404 61883188 1864247 -129313969 -4292573699 129499136 1 763
1296 a585be6fc34f6727 21192 365 61883188 1864247 -129313969 -4292573699 129499136 1 764
1297 42256f2a8567e171 21233 326 61883188 1864247 -129313969 -4292573699 129499136 1 765
1298 4bbc588938358a31 21274 287 61883188 1864247 -129313969 -4292573699 129499136 1 766
1299 93c8443542c54381 21315 248 61883188 1864247 -129313969 -4292573699 129499136 1 767
1300 ac7353a6d247b0f7 21356 209 61883188 1864247 -129313969 -4292573699 129499136 1 768
1301 bd30ed891f69fb4a 21397 170 61883188 1864247 -129313969 -4292573699 129499136 1 769
1302 83eaaff0f26feb32 21438 131 61883188 1864247 -129313969 -4292573699 129499136 1 770
1303 1467412626b755b1 21479 92 61883188 1864247 -129313969 -4292573699 129499136 1 771
1304 ccab52113c00203d 21520 53 61883188 1864247 -129313969 -4292573699 129499136 1 772
1305 15fb8413f5c45a37 21561 14 61883188 1864247 -129313969 -4292573699 129499136 1 773
1306 ab5f937b640606ed 21602 -25 61883188 1864247 -129313969 -4292573699 129499136 1 774
1307 d78f621d9a69baf1 21643 -64 61883188 1864247 -129313969 -4292573699 129499136 1 775
1308 a2a9fbbe0f8bcddb 21684 -103 62407640 1864796 -128265747 -4292597556 128450560 1 776
1309 a32f5e43815993f5 21724 -143 17865917 562237 -135090665 -4292805036 135266304 1 777
1310 f9607df95c150485 21764 -183 -48153146 -1585933 -141371131 -4292369629 141557760 1 778
1311 058060f9c7bc6377 21802 -224 -149234478 -5024516 -144436643 -4289940087 144703488 1 779
1312 2608934c2711ef8f 21837 -267 -260689005 -8777043 -144257246 -4284611782 144703488 1 780
1313 2d5cf5341bb5f126 21869 -313 -392325922 -12585825 -137135623 -4274793546 137887744 1 781
1314 df0719b46851d7ca 21897 -361 -554281501 -15546537 -119410588 -4257348413 120586240 1 782
1315 c63295d9495d908a 21922 -410 -699422674 -18335850 -111053427 -4236140098 112721920 1 783
1316 60054491565e13cd 21944 -462 -825775492 -20437863 -104283671 -4213495712 106430464 1 784
1317 6245de3f068f64d3 21964 -514 -927387582 -21140428 -95571094 -4192507077 98041856 1 785
1318 c246d3b05b707854 21946 -549 -1015272765 -19176215 -78808337 -4172455728 81264640 1 786
1319 f973884b881f0ea9 21926 -583 -1128057954 -12904814 -47405512 -4143888935 49283072 1 787
1320 c6b9b967e8e10ec6 21904 -616 -1225916251 -5493927 -18446952 -4116248649 19398656 1 788
1321 17a321046c07d96b 21882 -648 -1283084888 -2147690 -6860855 -4098827339 7340032 1 789
1322 dd296ed1a1799bd9 21860 -680 -1291588679 -1688929 -5356326 -4096158104 5767168 1 790
1323 95ea2a8f0f24612d 21837 -712 -1307080006 1641477 5137888 -4091241479 -5242880 1 791
1324 170994565f397e1d 21813 -743 -1397610994 7385230 21459802 -4061146700 -22544384 1 792
1325 8a73847a80801a65 21787 -773 -1521763452 15286381 40342473 -4016107429 -42991616 1 793
1326 c68951c998438d2e 21759 -801 -1643494129 22127357 53418986 -3967660256 -57671680 1 794
1327 cdcdb6e560a4dede 21730 -827 -1744510962 31155558 70078920 -3923970420 -76546048 1 795
1328 c8bc53392a3f5508 21700 -852 -1831569280 39867697 84536986 -3883730437 -93323264 1 796
1329 37404d81d1f8580f 21669 -876 -1905085906 45656093 92217795 -3847960909 -102760448 1 797
1330 4a84ba263309f494 21637 -899 -1951895400 47493122 93054179 -3824386715 -104333312 1 798
1331 cfeb59f2ae5c01d9 21604 -921 -2004822399 52699104 99799864 -3796668805 -112721920 1 799
1332 16880737bf529edc 21570 -942 -2085656807 63741976 114677242 -3752274756 -131072000 1 800
1333 5215f177bb41504c 21536 -962 -2140688783 70393832 122353401 -3720788889 -141033472 1 801
1334 8924e94a177cee76 21502 -982 -2144321343 70513284 122284599 -3718696600 -141033472 1 802
1335 6a86a8023d82ba90 21468 -1002 -2144321343 70513284 122284599 -3718696600 -141033472 1 803
1336 bafeb81ff0f1f36c 21434 -1022 -2144321343 70513284 122284599 -3718696600 -141033472 1 804
1337 6c08a2e56c991d2f 21400 -1042 -2146119564 71096942 123157779 -3717619168 -142082048 1 805
1338 2cff4726c3dc7796 21366 -1062 -2151562987 71277272 123053501 -3714471453 -142082048 1 806
1339 e087609716c6a2c7 21351 -1115 -2163784988 71946589 123270469 -3707344963 -142606336 1 807
1340 8a06bfb4954efea8 21335 -1169 -2185398191 74801842 126454749 -3694481385 -146800640 1 808
1341 7d7b8b48004a98b5 21318 -1222 -2215894690 78553909 130316969 -3676057884 -152043520 1 809
1342 cf8ad45912085176 21301 -1275 -2241776612 81937509 133778769 -3660132672 -156762112 1 810
1343 ecd1792d1269237d 21284 -1327 -2250705775 82263872 133578328 -3654648693 -156762112 1 811
1344 3d30620218b042d4 21266 -1379 -2270726771 83550766 134013643 -3642197636 -157810688 1 812
1345 c7109ddd4a271c1a 21246 -1431 -2322788694 89725568 139404630 -3608865809 -165675008 1 813
1346 6a947b47e8338f72 21225 -1482 -2363423346 95918517 145373435 -3581988326 -174063616 1 814
1347 0105242ece436c4a 21204 -1533 -2386850994 100079772 149526656 -3566134072 -179830784 1 815
1348 1cfdb0f235ef02c8 21182 -1584 -2392892690 101503581 151094668 -3561976428 -181927936 1 816
1349 23f44f4d6054ab41 21160 -1636 -2394631650 101577346 151045088 -3560807598 -181927936 1 817
1350 169ff3cbc4035a61 21137 -1687 -2422668679 106025776 154989942 -3541490816 -187695104 1 818
1351 bd24421be8336d63 21113 -1737 -2490477619 119046798 166976105 -3493166493 -204996608 1 819
1352 8d3cbc8ae0018c16 21085 -1785 -2588832390 139273013 183948953 -3419277224 -230686720 1 820
1353 ebf2879fe858e868 21055 -1832 -2690099997 162511192 201658473 -3338117741 -258998272 1 821
1354 6949db4f935f8e61 21023 -1878 -2733259073 181197796 218822583 -3300806409 -284164096 1 822
1355 c7f72e0ea2f0bd27 20991 -1924 -2736888445 193186368 232663828 -3296169334 -302514176 1 823
1356 241872920bb55cc6 20959 -1970 -2736888445 193186368 232663828 -3296169334 -302514176 1 824
1357 3df28d9d58c77ac7 20927 -2016 -2736888445 193186368 232663828 -3296169334 -302514176 1 825
1358 7f506cf4abe30658 20895 -2062 -2736888445 193186368 232663828 -3296169334 -302514176 1 826
1359 6cedda7951473848 20863 -2108 -2736888445 193186368 232663828 -3296169334 -302514176 1 827
1360 37e5331fa49151ca 20831 -2154 -2736888445 193186368 232663828 -3296169334 -302514176 1 828
1361 975700a4596121a6 20799 -2200 -2736888445 193186368 232663828 -3296169334 -302514176 1 829
1362 8d3bd46eb9e51ec1 20760 -2207 -2736888445 193186368 232663828 -3296169334 -302514176 1 830
1363 fc21a9b0164ccce3 20721 -2214 -2736888445 193186368 232663828 -3296169334 -302514176 1 831
1364 d47b6647faf5ad16 20682 -2221 -2736888445 193186368 232663828 -3296169334 -302514176 1 832
1365 2777cb6855b0dac2 20643 -2228 -2736888445 193186368 232663828 -3296169334 -302514176 1 833
1366 732729d0a76a8262 20604 -2235 -2736888445 193186368 232663828 -3296169334 -302514176 1 834
1367 f87a7ca09904dcff 20565 -2242 -2736888445 193186368 232663828 -3296169334 -302514176 1 835
1368 a106c79f2ecf19ea 20526 -2249 -2736888445 193186368 232663828 -3296169334 -302514176 1 836
1369 fa2510d8986e296a 20487 -2256 -2736888445 193186368 232663828 -3296169334 -302514176 1 837
1370 daf3cfb6ce434cc1 20441 -2224 -2736888445 193186368 232663828 -3296169334 -302514176 1 838
1371 f8e7f94b0a0f2ab9 20395 -2192 -2736912007 192852274 232261462 -3296197711 -301989888 1 839
1372 440b3adaeec5a285 20349 -2160 -2733832110 190623098 230033458 -3299038270 -298844160 1 840
1373 fca763dd86d2a88f 20303 -2127 -2756790322 191209466 227500401 -3280020382 -297271296 1 841
1374 7b1fcc64fc910378 20258 -2093 -2795876058 193234572 224404185 -3246863765 -296222720 1 842
1375 8806216e351ae1d5 20215 -2058 -2862709873 202418809 225381100 -3187454508 -303038464 1 843
1376 e08550a3a2fec7c2 20174 -2021 -2948625866 215729861 227325008 -3107110159 -313524224 1 844
1377 d6762e01df0d1a60 20135 -1982 -3042693608 228587549 226444767 -3014171559 -321912832 1 845
1378 f224c67ec2e4707b 20098 -1941 -3132250375 243391978 226880882 -2919766612 -332922880 1 846
1379 0d8e5bc7994538ec 20063 -1898 -3198966802 259186037 230493128 -2844828815 -347078656 1 847
1380 808ba62e8a6eda52 20029 -1854 -3246996358 268663744 230765194 -2788965031 -354418688 1 848
1381 8ae514f3d4e929a8 19998 -1808 -3288334340 274105024 228378012 -2739764818 -357040128 1 849
1382 affa38065a7b227f 19968 -1761 -3324494459 277119215 224710972 -2695772726 -357040128 1 850
1383 71699fb1ce22c170 19939 -1714 -3362295710 280683499 221088082 -2648404890 -357564416 1 851
1384 5d1700c42796c575 19911 -1666 -3408323174 284525858 216120805 -2588902094 -357564416 1 852
1385 564fcb16d0c83a2d 19886 -1617 -3463545889 291690445 211730375 -2514096435 -360710144 1 853
1386 5121d7c193169986 19864 -1567 -3522657897 300566615 207326344 -2429876727 -365428736 1 854
1387 c7ba37ffa4f2b32d 19843 -1516 -3582537860 310081313 202524163 -2339871813 -370671616 1 855
1388 e81afb281288f7b0 19825 -1464 -3639994907 317740578 196312387 -2248929417 -373817344 1 856
1389 3023ecc5ea4f0a83 19810 -1411 -3689459210 323419850 189921364 -2166555857 -375390208 1 857
1390 d868f4aab57c9ec2 19797 -1357 -3734300229 328269356 183560320 -2088130913 -376438784 1 858
1391 3245168e0537ab37 19787 -1303 -3776329204 331963977 176791061 -2011125718 -376438784 1 859
1392 4de3dd3c09b11492 19778 -1248 -3811926325 333686485 170095113 -1943111614 -374865920 1 860
1393 ead7b2d7371eac2e 19773 -1193 -3859159182 337346437 161509857 -1847632655 -374341632 1 861
1394 3117faea4713c245 19772 -1138 -3925307652 346991700 150425031 -1701667705 -378535936 1 862
1395 c0879b48230dfdd8 19773 -1083 -3970913175 357863456 143345916 -1590590559 -385875968 1 863
1396 45a962291d8dc8b8 19776 -1028 -4000397109 363474554 137571394 -1514109441 -389021696 1 864
1397 a5bbc6cd241649d9 19781 -973 -4016565168 365437934 133794139 -1470544990 -389545984 1 865
1398 795aca64de0029cb 19786 -918 -4019786642 365731032 132990854 -1461716001 -389545984 1 866
1399 ac197ca5c7a6e757 19791 -863 -4019786642 365731032 132990854 -1461716001 -389545984 1 867
1400 e589eb3dc40192bd 19796 -808 -4020143152 363784346 132232704 -1461290035 -387448832 1 868
1401 1ed783c84ac8f95c 19801 -753 -4018472368 354238622 129448711 -1468462437 -377487360 1 869
1402 0d41af39af1d395a 19806 -698 -4017661686 353178683 129305783 -1470946457 -376438784 1 870
1403 9463eb5beb42ddf1 19811 -643 -4017661686 353178683 129305783 -1470946457 -376438784 1 871
1404 f038f7fb8c441e3e 19816 -588 -4017661686 353178683 129305783 -1470946457 -376438784 1 872
1405 fe6a78a7c6af788a 19821 -533 -4015992116 351549900 129196332 -1475897142 -374865920 1 873
1406 e06ef95c40d82cae 19826 -478 -4008963128 350441480 130685992 -1495015267 -374341632 1 874
1407 1f9d8ff57eaebe29 19830 -423 -4004749914 350073184 131669379 -1506264964 -374341632 1 875
1408 fec2a4eaec1b26b0 19834 -368 -4004762334 352044747 132361871 -1505711642 -376438784 1 876
1409 c7fb93406cdc3121 19839 -314 -4014090614 364718724 134238144 -1477423767 -389021696 1 877
1410 9cf401d1ec0ee912 19844 -259 -4017101278 371420619 135676134 -1467405909 -395837440 1 878
1411 dc9c69f248e48f8d 19849 -205 -4010022193 367310535 136262228 -1487609378 -392167424 1 879
1412 f449f6aa4e5e03dc 19823 -176 -4002138460 360677498 136110372 -1510303786 -385875968 1 880
1413 9c50d1856477e7ea 19797 -147 -4001347684 359129042 135776493 -1512796041 -384303104 1 881
1414 3f33a58114f53987 19771 -118 -4000652338 358574344 135766926 -1514766228 -383778816 1 882
1415 f2e86b78461bb05c 19745 -89 -3991492122 353824412 136492965 -1539776825 -379584512 1 883
1416 1a2f933725ae3332 19718 -62 -3958227215 340164672 139737985 -1626020504 -368050176 1 884
1417 6f16064a5cea76b3 19688 -37 -3882785016 312682141 145219856 -1803293005 -344981504 1 885
1418 2569f39b986f8930 19633 -47 -3807864540 296358476 152428642 -1958532328 -333447168 1 886
1419 16369b14474d5cfe 19580 -61 -3735392935 281086485 157660146 -2095165235 -322437120 1 887
1420 9eb29075f6882920 19527 -77 -3687340585 271134094 160275147 -2179693020 -315097088 1 888
1421 d800949d4d9a706a 19474 -94 -3668139983 268371713 161841804 -2212075269 -313524224 1 889
1422 991decb009b6778e 19421 -111 -3668409984 268391467 161809043 -2211627482 -313524224 1 890
1423 a080d3c136ea3d2e 19368 -128 -3671547112 269972783 162223661 -2206192207 -315097088 1 891
1424 e4fd8197368af7ef 19315 -145 -3672859986 270520095 162327888 -2203931063 -315621376 1 892
1425 508f802e3bbf89bd 19280 -127 -3672859986 270520095 162327888 -2203931063 -315621376 1 893
1426 18590ede9f9393e5 19245 -109 -3672859986 270520095 162327888 -2203931063 -315621376 1 894
1427 70b9f55c367fa5d5 19210 -91 -3672859986 270520095 162327888 -2203931063 -315621376 1 895
1428 85e796e0c0ae122d 19175 -73 -3672859986 270520095 162327888 -2203931063 -315621376 1 896
1429 20745c81518f1eef 19140 -55 -3672859986 270520095 162327888 -2203931063 -315621376 1 897
1430 c01701d017572018 19105 -37 -3672859986 270520095 162327888 -2203931063 -315621376 1 898
1431 67488f5a34003e42 19070 -19 -3672859986 270520095 162327888 -2203931063 -315621376 1 899
1432 0af1d7a9874c53e7 19035 -1 -3672859986 270520095 162327888 -2203931063 -315621376 1 900
1433 741922b5920e42e6 19000 17 -3672859986 270520095 162327888 -2203931063 -315621376 1 901
1434 f6a222bbe00c0c00 18965 35 -3672859986 270520095 162327888 -2203931063 -315621376 1 902
1435 621f922ca045e6ec 18930 53 -3669357917 270262154 162756975 -2209756793 -315621376 1 903
1436 34fc8be700d9782f 18895 71 -3658796373 269484256 164041764 -2227200421 -315621376 1 904
1437 1361b5779822f163 18860 88 -3647669293 267769345 164840211 -2245524455 -314572800 1 905
1438 8feca57a857bbd12 18825 105 -3635165030 264620842 164958106 -2266072354 -311951360 1 906
1439 b4d5c2dbf8cb4a8d 18790 121 -3610242863 260148548 166166273 -2305992638 -308805632 1 907
1440 54b240ffe261a6b5 18754 136 -3572160245 251706880 166676722 -2365433950 -301989888 1 908
1441 55691a8a92f45248 18717 149 -3519508787 236773607 164468068 -2444727077 -288358400 1 909
1442 f1a5562d01d94a4d 18680 161 -3461029319 222231575 162341033 -2528295601 -275251200 1 910
1443 5acc0a7b6686ea8d 18642 171 -3410520564 211464770 161023963 -2597007409 -265814016 1 911
1444 e99e41a41bef14c7 18604 180 -3364976458 203693204 160799215 -2656375388 -259522560 1 912
1445 298de5a948b0a86e 18566 188 -3340590447 200989221 161673219 -2687129442 -257949696 1 913
1446 4c9b332e71bf2216 18527 195 -3320917416 198178214 161816927 -2711603266 -255852544 1 914
1447 583bfc1edf6bb595 18488 202 -3308969238 197465198 162686256 -2726170817 -255852544 1 915
1448 7d8721e2901335bb 18449 208 -3288913954 196268384 164128132 -2750332663 -255852544 1 916
1449 205496e6204fc237 18410 214 -3283872439 195967528 164487234 -2756350224 -255852544 1 917
1450 9887a482ffbf15e2 18371 220 -3282862813 195907278 164558988 -2757552629 -255852544 1 918
1451 0cedb365cb6c95b6 18332 226 -3282862813 195907278 164558988 -2757552629 -255852544 1 919
1452 43652b9a86d45c59 18293 232 -3282862813 195907278 164558988 -2757552629 -255852544 1 920
1453 367a10b252260e21 18254 238 -3282526173 195887189 164582901 -2757953349 -255852544 1 921
1454 75c4236363ae8b80 18209 205 -3279470301 196106583 165135113 -2761537835 -256376832 1 922
1455 0b9d7e6e01de7b47 18164 172 -3276771925 195945225 165326545 -2764739125 -256376832 1 923
1456 b51e9583d28480d4 18119 139 -3276434408 195925042 165350463 -2765139101 -256376832 1 924
1457 3cacfdbcb4eb319e 18074 106 -3276434408 195925042 165350463 -2765139101 -256376832 1 925
1458 6c502a5e0b8ca46c 18029 73 -3276434408 195925042 165350463 -2765139101 -256376832 1 926
1459 5a3f4f8e7e12c9ec 17984 40 -3276434408 195925042 165350463 -2765139101 -256376832 1 927
1460 396bf362b185c56a 17939 7 -3276434408 195925042 165350463 -2765139101 -256376832 1 928
1461 fc4e4ae4f8f3b829 17894 -26 -3276434408 195925042 165350463 -2765139101 -256376832 1 929
1462 3d62c619ec511420 17849 -59 -3276434408 195925042 165350463 -2765139101 -256376832 1 930
1463 d1453825367dc6c4 17804 -92 -3276434408 195925042 165350463 -2765139101 -256376832 1 931
1464 ce8a0a138904fd55 17759 -125 -3276434408 195925042 165350463 -2765139101 -256376832 1 932
1465 82ccd5ba2c06dd5a 17714 -158 -3276410467 196324996 165688003 -2765118896 -256901120 1 933
1466 5e8b9b2d02ebacc9 17669 -191 -3271680144 196041552 166023277 -2770714183 -256901120 1 934
1467 4b097815e9dc9404 17624 -224 -3259472681 195310072 166883176 -2785064792 -256901120 1 935
1468 dd458a081fbfaaf4 17580 -258 -3237958587 194020931 168380215 -2810048442 -256901120 1 936
1469 832131bf17430f8b 17537 -293 -3203765321 191972045 170712485 -2848971011 -256901120 1 937
1470 ba77b67c08d9806d 17495 -329 -3161339740 189429872 173529081 -2895976365 -256901120 1 938
1471 c358de24c798f758 17454 -366 -3126136551 186937495 175447345 -2933988231 -256376832 1 939
1472 bcbc6d3ccd49d592 17414 -404 -3096974783 185193672 177287060 -2964753593 -256376832 1 940
1473 943dc1d830d505ed 17374 -442 -3076545829 185479692 180006776 -2985767018 -258473984 1 941
1474 36aee169e50f266d 17335 -481 -3070364269 190750078 185846481 -2991434909 -266338304 1 942
1475 55ef263c3abbdda7 17296 -520 -3069013126 200446180 195388740 -2991579362 -279969792 1 943
1476 dee2e10ae01af0b5 17257 -559 -3068180770 212807422 207438097 -2990768007 -297271296 1 944
1477 fcffea9d23827ca5 17218 -598 -3067215964 226288453 220578991 -2989827544 -316145664 1 945
1478 e1ee20ba04cd72e3 17179 -637 -3066191926 239765114 233715625 -2988829343 -335020032 1 946
1479 e673aa7049023abb 17140 -676 -3066661335 247712790 241285927 -2987097556 -346030080 1 947
1480 4495284780c554bc 17100 -714 -3069512932 253223837 246112419 -2983310375 -353370112 1 948
1481 ae11bf0622d59527 17060 -752 -3076585257 260614594 251999685 -2974885446 -362807296 1 949
1482 c2bfffd0eca2e61d 17020 -790 -3087238466 268350447 257522039 -2962663187 -372244480 1 950
1483 62368f0b2f88b635 16980 -828 -3098106291 281111362 267601139 -2949211338 -388497408 1 951
1484 7eea5fe43af6d77b 16939 -865 -3106611545 291061873 275317832 -2938569697 -401080320 1 952
1485 f3397a7e3e22ce31 16898 -902 -3109766160 295953371 279261014 -2934369335 -407371776 1 953
1486 0e5582b32c6dcc28 16857 -939 -3113770310 299403059 281688199 -2929537181 -411566080 1 954
1487 8ff624419c9c4375 16816 -976 -3115805202 300750356 282540809 -2927152528 -413138944 1 955
1488 7167b07ff0046ca5 16775 -1013 -3118871812 302583505 283637792 -2923589492 -415236096 1 956
1489 d5eafed7ee3f0c11 16734 -1050 -3123884944 306534538 286288769 -2917561010 -419954688 1 957
1490 cb16de1f89511a60 16693 -1087 -3128996177 309350061 287859624 -2911626070 -423100416 1 958
1491 442c8b86513ba80f 16652 -1124 -3133979938 313319908 290485038 -2905574453 -427819008 1 959
1492 e52d716c9ac70605 16610 -1160 -3143192171 317729014 292631413 -2894909701 -432537600 1 960
1493 036559ea06bcec57 16568 -1196 -3156115955 323706561 295373310 -2879868890 -438829056 1 961
1494 8aeba2124e8420e3 16525 -1231 -3176642784 330514834 297178819 -2856243930 -445120512 1 962
1495 57ea2f73407c6d7d 16482 -1266 -3204456575 339340913 299026678 -2823762194 -452984832 1 963
1496 d29e758c263ede4c 16439 -1300 -3236606638 346341630 298132675 -2786087924 -457703424 1 964
1497 cdbde35fc29de903 16395 -1333 -3268980696 353438862 297029489 -2747246574 -462422016 1 965
1498 6da12ccb76fee2cb 16350 -1365 -3297708751 358988651 295245914 -2712161142 -465567744 1 966
1499 986c77b26bde116c 16304 -1396 -3321090298 361533967 292123591 -2683479141 -465567744 1 967
1500 19be99eb05ca5e35 16258 -1426 -3336756530 363239393 290000250 -2663973898 -465567744 1 968
1501 2dd6f84f15134dc4 16211 -1456 -3347505168 363996022 288211114 -2650546070 -465043456 1 969
1502 56296b48555a6243 16165 -1485 -3357555813 364674195 286509628 -2637894616 -464519168 1 970
1503 e9ffb46aa303c55c 16128 -1476 -3369204829 365107188 284263887 -2623183881 -463470592 1 971
1504 a80654745fc25978 16091 -1466 -3385604204 365629967 281032458 -2602261272 -461897728 1 972
1505 ef42e2acb35af127 16054 -1456 -3409330659 367771291 277359515 -2571191263 -461373440 1 973
1506 0785c7f367fd8a65 16017 -1445 -3446407792 370919698 271372854 -2521466389 -460324864 1 974
1507 070e5ea8dc517bf0 15981 -1432 -3501103830 375509417 262263786 -2445245678 -458752000 1 975
1508 dfca493a0adc2b03 15945 -1418 -3544702193 380185541 255437997 -2381604674 -458752000 1 976
1509 eaf8ae8d354f6ab5 15910 -1402 -3588274497 384858870 248341028 -2315435291 -458752000 1 977
1510 7538440522b24d98 15875 -1385 -3622679027 388101610 242259130 -2261333322 -458227712 1 978
1511 5ae3114c8aa0530d 15841 -1368 -3646726776 388426688 236767324 -2222879627 -455606272 1 979
1512 c8a739caf1969c02 15807 -1350 -3661377264 384111951 230806000 -2200056183 -448790528 1 980
1513 ba3c31b49480461c 15773 -1332 -3668993720 378572861 225845425 -2188813740 -441450496 1 981
1514 d5d3f66ab450952c 15739 -1314 -3677407651 372637086 220519455 -2176219155 -433586176 1 982
1515 a47b7db9b75c8aad 15705 -1295 -3686294129 366719717 215148133 -2162685274 -425721856 1 983
1516 b22268cf97f3c57a 15671 -1276 -3701096333 359069180 207548827 -2139304282 -415236096 1 984
1517 4ccb227d00ebe2f3 15638 -1256 -3720323144 354976023 201041657 -2107015436 -408420352 1 985
1518 bcf77cfb2a48b558 15605 -1236 -3740691349 351851482 194871070 -2071762076 -402653184 1 986
1519 e7c77bb8db8cfc1b 15573 -1215 -3761780414 353371872 191004957 -2033321818 -402128896 1 987
1520 c4abdb30468c1604 15541 -1193 -3781700423 355243106 187501758 -1996028909 -402128896 1 988
1521 d17cefbb2a3267b8 15509 -1171 -3794140249 355477215 184805011 -1972492561 -401080320 1 989
1522 ce77693d1a150a8c 15477 -1149 -3802815173 355821697 183002340 -1955822562 -400556032 1 990
1523 ebc89c210c367ac5 15446 -1127 -3809694709 354119924 180599258 -1942923901 -397934592 1 991
1524 fb9ed711899d38b7 15415 -1104 -3816678482 353359343 178637947 -1929490891 -396361728 1 992
1525 fae7d00df4123689 15384 -1081 -3824653681 354097710 177169842 -1913633703 -396361728 1 993
1526 38911072db89016d 15353 -1058 -3832099576 354787073 175785307 -1898679164 -396361728 1 994
1527 1679e901c982b6ef 15322 -1034 -3840362867 356024931 174454215 -1881799430 -396886016 1 995
1528 2794d9936593cd44 15292 -1010 -3847369191 357621853 173561580 -1867211120 -397934592 1 996
1529 4625c2e116f81c3c 15262 -986 -3855405979 359793031 172665922 -1850222761 -399507456 1 997
1530 007bcfca4d451518 15232 -962 -3862155799 360422936 171347172 -1836091530 -399507456 1 998
1531 4e280254a9f74b37 15202 -938 -3865686983 358848578 169793837 -1829099771 -397410304 1 999
1532 1201b3efe2c4492f 15172 -914 -3867156819 357556671 168862152 -1826329930 -395837440 1 1000
1533 a508987a102353a8 15142 -890 -3867733281 356181504 168106366 -1825447431 -394264576 1 1001
1534 f10856836522a02e 15137 -835 -3868401521 356243043 167975917 -1824030902 -394264576 1 1002
1535 770cd9aafc7ff50e 15132 -780 -3868488379 355298598 167530592 -1824071857 -393216000 1 1003
1536 7b08e4c00c30d3ec 15127 -725 -3868711015 355319046 167487219 -1823599616 -393216000 1 1004
1537 3272b2f73fce08f2 15122 -670 -3868754360 354846789 167264610 -1823620048 -392691712 1 1005
1538 09ddb453fac75571 15117 -615 -3868754360 354846789 167264610 -1823620048 -392691712 1 1006
1539 6fe601a5b5fa1f82 15112 -560 -3868754360 354846789 167264610 -1823620048 -392691712 1 1007
1540 6533446b5ac28f9f 15107 -505 -3868754360 354846789 167264610 -1823620048 -392691712 1 1008
1541 355f749edc98c370 15102 -450 -3868754360 354846789 167264610 -1823620048 -392691712 1 1009
1542 b18abab650268f65 15097 -395 -3868754360 354846789 167264610 -1823620048 -392691712 1 1010
1543 d6c2e941193e65a7 15092 -340 -3868754360 354846789 167264610 -1823620048 -392691712 1 1011
1544 c8a85c2b604a6373 15087 -286 -3866611848 353698358 167251270 -1828382174 -391643136 1 1012
1545 77c4c16d7463bf03 15082 -232 -3863972526 352981308 167545320 -1834064654 -391118848 1 1013
1546 cd8d8de3993062ae 15077 -177 -3860158172 352632859 168277463 -1842079185 -391118848 1 1014
1547 8a5effa03e48792e 15071 -122 -3854744913 352138347 169309840 -1853380288 -391118848 1 1015
1548 f1677d2da3ead83d 15064 -67 -3842198803 356195131 174106436 -1878048031 -396886016 1 1016
1549 27adfc27c4f5401b 15056 -12 -3818641319 357772742 180320834 -1924631291 -401080320 1 1017
1550 57dccc7daded4858 15024 10 -3784936193 357411568 187865071 -1989463689 -404226048 1 1018
1551 d979ca1ffadc7e39 14991 31 -3752632032 357134296 195013398 -2049127075 -407371776 1 1019
1552 0b71c5a6de17dea2 14958 50 -3711463923 360532335 206050339 -2121164613 -415760384 1 1020
1553 4711e3048b73a8e6 14924 68 -3664031113 363601580 218356972 -2200394102 -424673280 1 1021
1554 56f6b5892141026e 14889 85 -3629873153 367372702 228195260 -2254712662 -433061888 1 1022
1555 9818c674322bb925 14854 101 -3596503263 374643113 240128400 -2305187463 -445644800 1 1023
1556 a9f361d1c4d6e551 14818 116 -3558815401 385214911 255414340 -2359650399 -462946304 1 1024
1557 2eb97f50da9d03e1 14782 129 -3505656438 394621133 274032885 -2434398724 -481296384 1 1025
1558 f3e3f1033e3ccb6a 14745 140 -3450303328 402898540 292955596 -2508784726 -499122176 1 1026
1559 0d28d8732daf0e50 14708 150 -3391939450 408679696 311345834 -2584092784 -514850816 1 1027
1560 a8ee025e9fcf569f 14671 158 -3336729122 406573898 323370813 -2653886174 -520617984 1 1028
1561 39fe154677de1f7d 14671 158 -3293721942 402557717 330821526 -2706777464 -522190848 0 0
1562 dd41ee4f745ae3bd 14671 158 -3250646592 397695802 337455540 -2758260796 -522715136 0 1
1563 d1e638e77ec5f0a7 14671 158 -3218836575 396197098 343995377 -2794732585 -525860864 0 2
1564 1173c00acd36491a 14671 158 -3195486703 396491283 349978827 -2820623740 -530055168 0 3
1565 4d6827fc3f07a0a3 14671 158 -3180790591 396244938 353392190 -2836797349 -532152320 0 4
1566 7b2748016fd8ec97 14671 158 -3174453086 396242511 354956262 -2843692951 -533200896 0 5
1567 b497165c12389313 14671 158 -3171326998 395852306 355391373 -2847178791 -533200896 0 6
1568 2c74df51761c6ad7 14671 158 -3166456590 395244371 356067358 -2852594373 -533200896 0 7
1569 3d33def172073623 14671 158 -3159072361 391973046 355031899 -2861348524 -530055168 0 8
1570 a9297a5d9361234a 14671 158 -3148203803 387893250 354104668 -2873970354 -526385152 0 9
1571 adbcf52e65e48679 14671 158 -3133730246 380674297 351195567 -2891059939 -519045120 0 10
1572 35e77d0d41dc421e 14671 158 -3117196788 374805121 349868274 -2909800951 -513802240 0 11
1573 759f7ec3344c3b2e 14671 158 -3090293197 363536345 345884868 -2940244380 -502792192 0 12
1574 c1af81ba0484d26c 14671 158 -3060766907 353246302 343063549 -2972536706 -493355008 0 13
1575 e432c69c382b75f1 14671 158 -3035652257 343590530 339521820 -2999704974 -483917824 0 14
1576 4e001ea28d879142 14671 158 -3006700946 329166368 331845706 -3031174924 -468189184 0 15
1577 398ce751e9d6976e 14671 158 -2982123518 316532701 324531038 -3057477728 -454033408 0 16
1578 ef9b44c3f3ad25e0 14671 158 -2960333618 307643458 320073952 -3079947582 -444596224 0 17
1579 9d4b9ce0f8c78b43 14710 160 -2927938225 299581076 318385303 -3111720393 -437780480 1 0
1580 df1a769a8b13aed8 14749 163 -2900213926 291736945 315715056 -3138585160 -430440448 1 1
1581 dee76838924dfa82 14788 166 -2872972683 284392148 313245542 -3164454198 -423624704 1 2
1582 82f83227cad59beb 14827 170 -2849740354 277877690 310687493 -3186217390 -417333248 1 3
1583 c6952654ada225ea 14866 175 -2820066949 270814602 308578871 -3213316823 -411041792 1 4
1584 6f246f51ca36e653 14904 180 -2787328251 263893884 306985778 -3242478226 -405274624 1 5
1585 6c3c6fee13b1dd60 14942 186 -2760110080 259277425 306805494 -3266065220 -402128896 1 6
1586 affd7ef16963e278 14942 186 -2727405675 254861829 307777096 -3293678955 -400031744 0 0
1587 8808b168aac36e25 14942 186 -2692924540 248987217 307191129 -3322429905 -395837440 0 1
1588 d95f4cafae8eaf5c 14942 186 -2658806732 244850717 308501159 -3349980000 -394264576 0 2
1589 73987ba8f6ba2f72 14942 186 -2627703179 241015955 309523550 -3374615023 -392691712 0 3
1590 d4f7eb0f8d649dd3 14942 186 -2592220372 236804178 310790677 -3402127357 -391118848 0 4
1591 a204a9fdd7e114c3 14942 186 -2549271517 232566936 313324028 -3434486786 -390594560 0 5
1592 9d96c0f84c6bc7e2 14942 186 -2506736867 228686552 316167340 -3465653622 -390594560 0 6
1593 c82830387c9a83a5 14942 186 -2455279587 223992167 319510305 -3502297375 -390594560 0 7
1594 18777b884ab76360 14942 186 -2395940991 218578780 323237750 -3543155586 -390594560 0 8
1595 aeda4d2098a5b52f 14942 186 -2338982602 213382536 326691321 -3581011748 -390594560 0 9
1596 710def8d86fffc4f 14942 186 -2275292217 207012038 329532229 -3621925444 -389545984 0 10
1597 65a68b4a1a509938 14942 186 -2217982523 201797852 332750809 -3657301208 -389545984 0 11
1598 dcb1e59b952b1f1b 14942 186 -2156445617 196995341 337431324 -3693754094 -391118848 0 12
1599 dfdce3e9f9de66cc 14962 152 -2109765667 193510134 341243822 -3720448815 -392691712 1 0
1600 c2b34ee30c4e3ffd 14983 119 -2080928412 192658385 345914602 -3736269108 -396361728 1 1
1601 5067c9531be63b83 15004 86 -2065649386 193532884 350801630 -3744238230 -401080320 1 2
1602 e8166449744adf1b 15025 53 -2059972975 195030591 354744014 -3746915420 -405274624 1 3
1603 ef21939b3e283923 15013 -1 -2056217592 195688104 356764792 -3748751570 -407371776 1 4
1604 da79c9b483f52023 15001 -55 -2054724878 196811581 359124881 -3749285834 -409993216 1 5
1605 7a8a3648d75070a7 14989 -109 -2052821779 197387983 360594310 -3750156869 -411566080 1 6
1606 c5a2509a6d4a03fb 14977 -163 -2050460140 197918772 362088501 -3751276764 -413138944 1 7
1607 66a50318ba893022 14965 -217 -2047639553 198403399 363607647 -3752644654 -414711808 1 8
1608 05e6220b00f43b7f 14953 -271 -2044817788 198885880 365127648 -3754009922 -416284672 1 9
1609 5dcdf350efc5e4b0 14942 -325 -2042911626 199455721 366599817 -3754873919 -417857536 1 10
1610 deff80d51eeba84b 14910 -346 -2039219465 199346548 367253022 -3756822356 -418381824 1 11
1611 2a40c5c5edb425eb 14878 -367 -2037794843 199709557 368243365 -3757479097 -419430400 1 12
1612 dbce09fa0a662074 14846 -388 -2037336151 199664604 368267741 -3757727824 -419430400 1 13
1613 72cdf8ae97181caf 14814 -409 -2037336151 199664604 368267741 -3757727824 -419430400 1 14
1614 7a2799470a4252ed 14782 -430 -2037336151 199664604 368267741 -3757727824 -419430400 1 15
1615 0b9a23b46f8cd773 14750 -451 -2037336151 199664604 368267741 -3757727824 -419430400 1 16
1616 f5f31668c12a1e67 14718 -472 -2037336151 199664604 368267741 -3757727824 -419430400 1 17
1617 fb1545e42682a434 14686 -493 -2037336151 199664604 368267741 -3757727824 -419430400 1 18
1618 2047d3fd347d3edd 14654 -514 -2037336151 199664604 368267741 -3757727824 -419430400 1 19
1619 29d5368edddcedf5 14622 -535 -2037336151 199664604 368267741 -3757727824 -419430400 1 20
1620 8650ff95c7a36211 14590 -556 -2037336151 199664604 368267741 -3757727824 -419430400 1 21
1621 6703d79903873410 14558 -577 -2037336151 199664604 368267741 -3757727824 -419430400 1 22
1622 ef8f857db587628a 14526 -598 -2037336151 199664604 368267741 -3757727824 -419430400 1 23
1623 bee878494b51ea05 14494 -619 -2037336151 199664604 368267741 -3757727824 -419430400 1 24
1624 42a76a12f1d035df 14462 -640 -2037336151 199664604 368267741 -3757727824 -419430400 1 25
1625 bb53ffd53ece4576 14430 -661 -2037336151 199664604 368267741 -3757727824 -419430400 1 26
1626 1c648ccbe7fa40f5 14398 -682 -2037311763 199913301 368726445 -3757682841 -419954688 1 27
1627 ddba3ff9722054df 14366 -703 -2037311763 199913301 368726445 -3757682841 -419954688 1 28
1628 64464b478e4ed912 14334 -724 -2037311763 199913301 368726445 -3757682841 -419954688 1 29
1629 563e65a6f986607c 14302 -745 -2037311763 199913301 368726445 -3757682841 -419954688 1 30
1630 8474abd7d0c00ed2 14270 -766 -2038229105 200003316 368677627 -3757185338 -419954688 1 31
1631 371730ba2b22ac11 14238 -787 -2039146326 200093319 368628787 -3756687612 -419954688 1 32
1632 3b77f53f31c07cf8 14206 -808 -2041004835 200024145 368072580 -3755736446 -419430400 1 33
1633 b11494d1887e9c3d 14174 -829 -2042380090 200158924 367999304 -3754988756 -419430400 1 34
1634 09c175381dbc26a3 14141 -850 -2046070557 200268440 367345530 -3753037325 -418906112 1 35
1635 5716603e28af706d 14108 -871 -2049325660 200081943 366258415 -3751377134 -417857536 1 36
1636 b86773841c5900a2 14075 -892 -2054867554 200116568 365049793 -3748460406 -416808960 1 37
1637 5b6a4bdb281ca805 14042 -913 -2060380730 200399584 364299052 -3745490826 -416284672 1 38
1638 ce24ec3cf1171431 14009 -934 -2064543365 200295660 363164783 -3743313740 -415236096 1 39
1639 4140e7a43e032247 13976 -954 -2065914069 200428641 363091408 -3742557431 -415236096 1 40
1640 d070a437efb6ed05 13943 -974 -2065914069 200428641 363091408 -3742557431 -415236096 1 41
1641 3df4aa702481ff27 13910 -994 -2065914069 200428641 363091408 -3742557431 -415236096 1 42
1642 f3406465d6364135 13877 -1014 -2067741243 200605908 362993499 -3741548237 -415236096 1 43
1643 ec35d13a2bc73725 13844 -1034 -2072763426 201093145 362723804 -3738768359 -415236096 1 44
1644 6f960f4f2fc4d825 13811 -1054 -2082821203 201812279 361726739 -3733232578 -414711808 1 45
1645 e81460895ac3b707 13778 -1074 -2098752138 203355886 360861210 -3724299814 -414711808 1 46
1646 a4ff51973bfa3f5e 13745 -1094 -2122324837 205901441 360016122 -3710858977 -415236096 1 47
1647 bccb594324bc4fa7 13711 -1113 -2137981788 209264667 362296130 -3701449413 -418906112 1 48
1648 6797d457f39c50f3 13677 -1132 -2141918662 210969934 364323690 -3698876647 -421527552 1 49
1649 364ed02ba046a8cf 13643 -1151 -2142370169 211014406 364297934 -3698615155 -421527552 1 50
1650 cff4812478629aca 13609 -1170 -2142370169 211014406 364297934 -3698615155 -421527552 1 51
1651 e43cb1419ab8a934 13575 -1189 -2142370169 211014406 364297934 -3698615155 -421527552 1 52
1652 d69c99e1e6c876bd 13541 -1208 -2142370169 211014406 364297934 -3698615155 -421527552 1 53
1653 3043eb22f0e8523f 13507 -1227 -2143273087 211103340 364246406 -3698092005 -421527552 1 54
1654 580c28aa82a8c73e 13473 -1246 -2150040892 211769940 363859254 -3694161362 -421527552 1 55
1655 88c1d06617f33660 13439 -1265 -2165354455 213278261 362977200 -3685206113 -421527552 1 56
1656 2eafcb43c98f7523 13405 -1283 -2181422966 215936475 363831157 -3675477689 -423624704 1 57
1657 a6f44473f43ddb0b 13371 -1301 -2190230378 218428319 365990879 -3669873936 -426770432 1 58
1658 6c31a7f10c2fdfae 13337 -1319 -2192837450 219499376 367174134 -3668134563 -428343296 1 59
1659 799bdbc13364a439 13303 -1337 -2193285204 219544195 367147337 -3667866855 -428343296 1 60
1660 0847de1745a157dc 13269 -1355 -2194126927 220169506 367989060 -3667241544 -429391872 1 61
1661 fe98cd1e67f1a180 13235 -1373 -2195890396 220617216 368329040 -3666124821 -429916160 1 62
1662 ad50edc258296a74 13201 -1391 -2198520962 221423683 369062002 -3664425526 -430964736 1 63
1663 fa616eb53f78dd34 13167 -1409 -2202464108 222635595 370159559 -3661872639 -432537600 1 64
1664 37294ab36bc4f9d4 13133 -1427 -2207351928 223401888 370306918 -3658866753 -433061888 1 65
1665 6cea3f27fbde52e0 13099 -1445 -2215694819 225612546 372017775 -3653510954 -435683328 1 66
1666 1ae0b580de32f338 13064 -1462 -2233868783 228289685 372217819 -3642239977 -437256192 1 67
1667 89db1fb63ce42975 13029 -1479 -2252428322 231019882 372372103 -3630603195 -438829056 1 68
1668 74eb55badc7a4bbb 12994 -1496 -2255086850 231292553 372202799 -3628952494 -438829056 1 69
1669 01a3dcd3e11d0176 12959 -1513 -2255086850 231292553 372202799 -3628952494 -438829056 1 70
1670 2190e3114c51da12 12924 -1530 -2255086850 231292553 372202799 -3628952494 -438829056 1 71
1671 4b760e01bdb70c46 12889 -1547 -2255529820 231337986 372174562 -3628677187 -438829056 1 72
1672 89b7c1cffbf14d3e 12854 -1564 -2256415661 231428842 372118072 -3628126413 -438829056 1 73
1673 34a2d8c1fae2edea 12819 -1581 -2262141998 232295212 372192793 -3624495705 -439353344 1 74
1674 81417e51a639b26e 12784 -1598 -2277876015 235596994 373815633 -3614246928 -442499072 1 75
1675 efa87fe9e072492d 12749 -1614 -2309929110 243758066 379128721 -3592744773 -451411968 1 76
1676 128893d2c9b7e6b8 12713 -1629 -2364042098 257641553 387489870 -3555491733 -466092032 1 77
1677 1e3789a25136124e 12677 -1642 -2441050333 282327910 404713653 -3499216363 -494403584 1 78
1678 9a2b2667d51ebc4c 12641 -1654 -2492256595 300897972 417715292 -3459823043 -515899392 1 79
1679 988c8980af912aa9 12604 -1665 -2523112940 310562265 422913199 -3435890084 -525860864 1 80
1680 8c6a2a7d32c174c0 12567 -1676 -2539096616 315361826 425191202 -3423374331 -530579456 1 81
1681 3a4830233374f8a9 12530 -1686 -2554260533 319461720 426677778 -3411508095 -534249472 1 82
1682 1f4f1120b1719c6b 12493 -1696 -2566618904 321962054 426750890 -3401975248 -535822336 1 83
1683 4a71b4d486552470 12456 -1706 -2581186731 326670269 429056746 -3390194092 -540540928 1 84
1684 ab2ece0d1f3ecd29 12419 -1716 -2595074324 329715358 429347325 -3379242813 -542638080 1 85
1685 8453553c1c2c74eb 12382 -1725 -2603363363 333675233 432205665 -3372106518 -547356672 1 86
1686 f099546915396048 12345 -1734 -2611383474 336323350 433443947 -3365476694 -549978112 1 87
1687 0a4289fad2d6f88b 12308 -1743 -2619878439 338392816 433810358 -3358612796 -551550976 1 88
1688 d55f80f24e38b8d3 12271 -1752 -2633753762 340511874 432810825 -3347657636 -552075264 1 89
1689 9202cef001f6b712 12234 -1760 -2646402952 342147258 431519177 -3337667140 -552075264 1 90
1690 a8f5adc1459ca0f9 12197 -1768 -2661044741 344040260 430011448 -3326005324 -552075264 1 91
1691 017864e2b734c41f 12160 -1776 -2682826039 347522270 428542012 -3308287854 -553123840 1 92
1692 6302a154db385645 12123 -1783 -2701804930 349645378 426139189 -3292893514 -552599552 1 93
1693 c57775617c67be87 12085 -1790 -2722738175 351678544 423111481 -3275780789 -551550976 1 94
1694 0c332fe6a1e2dac9 12047 -1796 -2746786776 353762110 419332111 -3255905317 -549978112 1 95
1695 9028e6bd41db9fd2 12009 -1802 -2762515820 353731179 415268005 -3243096847 -546832384 1 96
1696 41ee7c991275ceed 11971 -1807 -2775465625 352979124 411120975 -3232633589 -543162368 1 97
1697 809c926a6e932dd8 11933 -1812 -2789067072 349866419 404189780 -3222122445 -535822336 1 98
1698 5e2186cfdb62adfb 11895 -1817 -2803754214 347190375 397554160 -3210469735 -529006592 1 99
1699 42be8c6600082c16 11857 -1822 -2816390804 344567096 391549811 -3200413906 -522715136 1 100
1700 32c853c6369e1c41 11819 -1826 -2828428647 343236701 387169856 -3190458200 -518520832 1 101
1701 7a0d209ca878cb15 11781 -1830 -2838666273 343424249 384913424 -3181606404 -516947968 1 102
1702 cee6b6dc6d725a05 11743 -1834 -2843491401 342599336 382858416 -3177632113 -514850816 1 103
1703 3c92faf46bd0fad5 11705 -1838 -2844738486 342045014 381957380 -3176683929 -513802240 1 104
1704 30ecc5359d227838 11667 -1842 -2845943382 341837465 381444439 -3175688529 -513277952 1 105
1705 3936b938f44f08c0 11629 -1846 -2846414400 341189110 380627467 -3175434120 -512229376 1 106
1706 280994031055793c 11591 -1850 -2847189569 341282026 380544158 -3174739101 -512229376 1 107
1707 02d990756dc7ec9c 11553 -1854 -2849638944 340517107 379132208 -3172791961 -510656512 1 108
1708 473c8709ff4a938c 11515 -1858 -2853634534 339934651 377555593 -3169449514 -509083648 1 109
1709 a4db9fe0e7f5ee49 11477 -1861 -2861791534 340552048 376296936 -3162169857 -508559360 1 110
1710 36f8a3c12ae5e8b1 11439 -1864 -2874205247 341317648 374194504 -3151058394 -507510784 1 111
1711 3559f7a76ff41b55 11401 -1867 -2891470904 343367979 372313973 -3135222612 -507510784 1 112
1712 7e3d99410eb949ef 11363 -1869 -2907464661 345627195 370929572 -3120311909 -508035072 1 113
1713 36eab3a9b559afd2 11325 -1871 -2920220160 348589638 371009543 -3108037239 -510132224 1 114
1714 5183ddef10203a20 11287 -1873 -2925063328 349892096 371213549 -3103308657 -511180800 1 115
1715 57c9a2e2deb522c0 11249 -1875 -2926199597 350028015 371085390 -3102237259 -511180800 1 116
1716 499862f8b3b85cdd 11211 -1877 -2926199597 350028015 371085390 -3102237259 -511180800 1 117
1717 d54499a14ef00888 11173 -1879 -2926199597 350028015 371085390 -3102237259 -511180800 1 118
1718 7b29bab7f157707c 11135 -1881 -2927335474 350163887 370957181 -3101165445 -511180800 1 119
1719 275934b5deda1cdd 11097 -1883 -2931454167 351019528 370864733 -3097186656 -511705088 1 120
1720 2ca46e4c5adfa49b 11059 -1884 -2944067611 354352707 371287545 -3084767364 -514326528 1 121
1721 223ccbd92aa99599 11021 -1885 -2960837360 357471188 370459167 -3068413361 -515899392 1 122
1722 64d54bc04f1d20d5 10983 -1885 -2986921033 363950156 370689688 -3042232117 -520617984 1 123
1723 ae97c273f2906db8 10945 -1885 -3007836771 367989259 369623646 -3021195840 -522715136 1 124
1724 b2d26701c7392015 10907 -1885 -3029428647 374384830 370579287 -2998635211 -527958016 1 125
1725 6057ee8150668467 10869 -1885 -3050437102 381140404 371870123 -2976242961 -533725184 1 126
1726 929b4d6db80384b4 10831 -1884 -3059224821 384514227 372878185 -2966647642 -536870912 1 127
1727 21844edf806856a6 10793 -1883 -3061349843 385160931 372958322 -2964360699 -537395200 1 128
1728 ff188a023635a924 10755 -1882 -3061349843 385160931 372958322 -2964360699 -537395200 1 129
1729 ee897a46fcdd1570 10717 -1881 -3061349843 385160931 372958322 -2964360699 -537395200 1 130
1730 a7cb584a6f07e46b 10679 -1880 -3061349843 385160931 372958322 -2964360699 -537395200 1 131
1731 e7de460865c89bae 10641 -1879 -3063158576 385388495 372723169 -2962491648 -537395200 1 132
1732 724dc8f2361801ec 10603 -1878 -3069660546 386206534 371875470 -2955753939 -537395200 1 133
1733 2bde9eb9aacf7438 10565 -1877 -3079745232 387475329 370553264 -2945244732 -537395200 1 134
1734 a7f7372f444b9e70 10527 -1875 -3095519766 389459988 368466783 -2928660887 -537395200 1 135
1735 a0c2b02b09f2b626 10489 -1873 -3115112199 391924992 365843755 -2907812444 -537395200 1 136
1736 5e845ba61a90004d 10451 -1870 -3133154318 394194945 363396750 -2888363072 -537395200 1 137
1737 dfdc3769f687ad77 10413 -1867 -3152125339 396581767 360790459 -2867647654 -537395200 1 138
1738 647cb754f6e37be4 10375 -1863 -3170465582 400068720 359259837 -2847063304 -538968064 1 139
1739 af82baa0bf95570a 10337 -1859 -3185020482 401905346 357204009 -2830771271 -538968064 1 140
1740 891a9f4a97a14ae7 10299 -1854 -3201895308 404034715 354793687 -2811669948 -538968064 1 141
1741 2620912d3a267201 10261 -1849 -3215976622 405412762 352425859 -2795652866 -538443776 1 142
1742 6967106225a3c7e5 10223 -1844 -3224691357 404911880 349826694 -2785996658 -536346624 1 143
1743 acd10be0140ec07d 10185 -1839 -3231730534 403792323 347141407 -2778327993 -533725184 1 144
1744 80aec305b448fd75 10147 -1833 -3247337993 402522072 342222109 -2760869435 -529530880 1 145
1745 ed438570bffa6b39 10109 -1827 -3255420212 400699726 338739171 -2752031763 -525860864 1 146
1746 223423a50e8c5f09 10071 -1821 -3264194307 398544107 334836785 -2742412536 -521666560 1 147
1747 0907a52164e7a214 10033 -1815 -3273555541 396848443 331187127 -2731923240 -517996544 1 148
1748 21d8f58f3c2d02b1 9995 -1808 -3285633152 394650328 326502416 -2718272642 -513277952 1 149
1749 1351c8a23bd33202 9957 -1801 -3298075719 391653117 321134087 -2704241364 -507510784 1 150
1750 c75d0fb780087edf 9919 -1794 -3308619860 390038487 317349524 -2692013736 -503840768 1 151
1751 490686376fd07827 9881 -1786 -3322432325 388377503 312780612 -2675727698 -499646464 1 152
1752 c555a0f25911b55f 9844 -1778 -3334348610 388120210 309771468 -2661253043 -497549312 1 153
1753 280972d96b007d4f 9807 -1770 -3347217384 387547630 306305588 -2645536538 -494927872 1 154
1754 145527e76475b608 9770 -1761 -3376458496 387592078 299482026 -2608899193 -490733568 1 155
1755 985adaa8c8657d2e 9733 -1751 -3393092942 388242679 296068181 -2587523065 -489160704 1 156
1756 778b1745ebf82645 9696 -1741 -3406143025 388472244 293180020 -2570616377 -487587840 1 157
1757 5772c79661a8cc32 9659 -1730 -3420497024 387571703 289172566 -2552079854 -484442112 1 158
1758 0ea4592354ebea65 9622 -1719 -3435723010 386323734 284733040 -2532238642 -480772096 1 159
1759 3477645eca1e603a 9585 -1708 -3447100671 385046632 281188929 -2517322569 -477626368 1 160
1760 0ea2658d0d50248e 9548 -1696 -3455966407 383474351 278036040 -2505730163 -474480640 1 161
1761 c58c8e2079e92cc2 9511 -1684 -3462049134 381582600 275316439 -2497910216 -471334912 1 162
1762 0017d3625269dff4 9474 -1672 -3469420375 378966152 271814027 -2488446930 -467140608 1 163
1763 25a07fe33218be6b 9437 -1660 -3474597005 376527437 268952679 -2481896709 -463470592 1 164
1764 28ac03b3b8898166 9400 -1648 -3479108627 374438448 266495293 -2476150913 -460324864 1 165
1765 edf362118b427574 9363 -1636 -3482402228 372212993 264227471 -2472096301 -457179136 1 166
1766 a859b95bfa0a5138 9326 -1624 -3485086594 369918396 262055660 -2468886938 -454033408 1 167
1767 831e02cba6ee48c9 9289 -1612 -3488022196 368077224 260144498 -2465215860 -451411968 1 168
1768 f72b968fb64ff6dd 9253 -1600 -3489961467 366989623 258972970 -2462755498 -449839104 1 169
1769 db222e31faa42af9 9217 -1587 -3491809102 366752959 258403791 -2460230276 -449314816 1 170
1770 be643b100600c722 9181 -1574 -3492843941 365568472 257368952 -2459045788 -447741952 1 171
1771 ac3038ef36d22f69 9145 -1561 -3494133408 364841048 256590477 -2457402723 -446693376 1 172
1772 8abde5f01aeaa672 9109 -1548 -3495033101 364934990 256456851 -2456122968 -446693376 1 173
1773 3bd38372c6eefb1c 9073 -1535 -3495466314 363686239 255512982 -2455790046 -445120512 1 174
1774 913f634cb3c0da35 9037 -1522 -3496065769 363748609 255424184 -2454936588 -445120512 1 175
1775 d92ed4b1392862df 9001 -1509 -3497308444 363446369 254947073 -2453260371 -444596224 1 176
1776 ae3a8cebe0dcc67b 8965 -1496 -3497995923 362654609 254259594 -2452468611 -443547648 1 177
1777 5b5324027832396f 8929 -1483 -3498295271 362685644 254215323 -2452041591 -443547648 1 178
1778 050c3ce58361ae46 8893 -1470 -3498295271 362685644 254215323 -2452041591 -443547648 1 179
1779 5e512623e7365229 8857 -1457 -3498893809 362747697 254126769 -2451187441 -443547648 1 180
1780 3478a2056b0c5dc7 8821 -1444 -3499835493 362413513 253694847 -2449936931 -443023360 1 181
1781 fb7962cae5093061 8785 -1431 -3499835493 362413513 253694847 -2449936931 -443023360 1 182
1782 34d0419a0c92236d 8749 -1418 -3501031334 362537344 253517857 -2448227735 -443023360 1 183
1783 fb978b386ee0544c 8713 -1405 -3502823530 362722929 253252259 -2445662847 -443023360 1 184
1784 5538872fd5ce20c7 8677 -1392 -3504613847 362908319 252986525 -2443096647 -443023360 1 185
1785 1eb61ad1504b32c0 8641 -1379 -3508783937 363340138 252365952 -2437103758 -443023360 1 186
1786 9521013edaf97be2 8605 -1366 -3512646988 363740163 251789045 -2431532558 -443023360 1 187
1787 1c70482a781242fa 8569 -1353 -3517981218 364292531 250989205 -2423808489 -443023360 1 188
1788 fa79e8bd4d42f1b0 8533 -1339 -3523298464 364843140 250188154 -2416072718 -443023360 1 189
1789 edeed0c8d751155d 8497 -1325 -3527377728 365700765 249858472 -2410017454 -443547648 1 190
1790 758b434c8dd8c93c 8461 -1311 -3535122312 368248460 249822863 -2398256850 -445644800 1 191
1791 40be471e00344743 8425 -1297 -3544036932 370489081 249300912 -2384771100 -447217664 1 192
1792 6bef5d00b2bbbc92 8389 -1282 -3555213573 372973709 248401428 -2367781211 -448790528 1 193
1793 e96ceb56c35797b0 8353 -1267 -3563436135 375155712 247942015 -2355090217 -450363392 1 194
1794 bbd03cd6ef411932 8318 -1252 -3574191996 380258787 248721768 -2337827279 -455081984 1 195
1795 3f2fafcb10c8cd91 8283 -1237 -3585047680 383626776 248325105 -2320634039 -457703424 1 196
1796 db209f54e41c4515 8248 -1221 -3592770388 386227626 248139540 -2308246088 -459800576 1 197
1797 0041ba1c814c01ed 8213 -1205 -3603481389 389604027 247696359 -2290965116 -462422016 1 198
1798 ca078e242bb0139c 8178 -1189 -3610686651 390828967 246736841 -2279486703 -462946304 1 199
1799 1abc2236cebc6b8a 8143 -1173 -3617530538 392463323 246096798 -2268397184 -463994880 1 200
1800 90e452f3ef4a72b7 8108 -1156 -3622506064 393003114 245233860 -2260443052 -463994880 1 201
1801 cd40fdc88f5792a5 8073 -1139 -3626638980 393451491 244513840 -2253806268 -463994880 1 202
1802 60b198be37e0c6fa 8038 -1122 -3629710100 393336386 243710774 -2248964251 -463470592 1 203
1803 e323ccdb7db408dd 8003 -1105 -3632274681 392717123 242730398 -2245034506 -462422016 1 204
1804 648700b437066b8b 7968 -1088 -3634882626 391652450 241478090 -2241131199 -460849152 1 205
1805 f275e0315ca3f8f6 7933 -1071 -3637663490 391502883 240726784 -2236721824 -460324864 1 206
1806 b705bec7f194106a 7898 -1054 -3639941583 390849135 239799128 -2233226965 -459276288 1 207
1807 008ec68cfc83127c 7864 -1037 -3643528665 390784419 238906675 -2227477066 -458752000 1 208
1808 a6f9a5df102a52ee 7830 -1020 -3647330062 391192135 238238483 -2221247089 -458752000 1 209
1809 5c6b592eda5fbf88 7796 -1003 -3653012174 391801566 237234892 -2211889976 -458752000 1 210
1810 20efe4f079c75827 7762 -985 -3658939114 392437256 236181839 -2202071700 -458752000 1 211
1811 f6284b877e38cdcd 7728 -967 -3669066262 393976479 234625661 -2185046949 -459276288 1 212
1812 5eefb82cff556f31 7694 -949 -3678849476 395481241 233108554 -2168424682 -459800576 1 213
1813 640b271db1520063 7660 -930 -3692132032 398276912 231427665 -2145395504 -461373440 1 214
1814 8a0bde13a40a36e9 7627 -911 -3703455176 400870441 230063554 -2125449949 -462946304 1 215
1815 3228de42f5f17eba 7594 -891 -3718676301 404814455 228402039 -2098129739 -465567744 1 216
1816 59d5651314ceae6a 7561 -871 -3735309780 408009350 225890635 -2068019997 -467140608 1 217
1817 b2dc2fcb048244ff 7529 -850 -3747311664 412097902 224944364 -2045476647 -470286336 1 218
1818 a67d280163649acd 7497 -829 -3765423480 418277040 223371536 -2010840512 -475004928 1 219
1819 a3424ac08631a856 7465 -807 -3778721072 423023226 222203200 -1984864786 -478674944 1 220
1820 15a5632b25e4e312 7434 -785 -3792740422 428343352 221010169 -1956921215 -482869248 1 221
1821 fc12af039e56b9ed 7403 -762 -3810180660 433139500 218487213 -1921957576 -486014976 1 222
1822 ba3f22919e303f15 7373 -739 -3827366217 439352887 216532070 -1886291285 -490733568 1 223
1823 bb3a1866ead1dcaf 7343 -715 -3840473806 444182764 214950399 -1858494825 -494403584 1 224
1824 c9fb7623505163d6 7313 -691 -3857282573 454240477 214436349 -1820933240 -503316480 1 225
1825 34446538dc11349d 7284 -666 -3869787486 461940424 213948216 -1792296317 -510132224 1 226
1826 6dd644eed1691f93 7255 -641 -3882127400 469182203 213142834 -1763595508 -516423680 1 227
1827 55d44458de299bc4 7227 -615 -3899381593 479962926 211990683 -1722284182 -525860864 1 228
1828 b704cc3518efac74 7199 -589 -3911682279 488264691 211185117 -1691887780 -533200896 1 229
1829 b166bff1f77d3c6e 7172 -563 -3923491714 498496445 211074828 -1661296347 -542638080 1 230
1830 587ff7a44de7ba71 7145 -536 -3933785635 509078118 211390387 -1633471218 -552599552 1 231
1831 3c349ecad86ccd20 7119 -509 -3949465353 526801163 211995003 -1589341422 -569376768 1 232
1832 2fc452a174957c01 7093 -482 -3956336033 534109033 211911484 -1569703898 -576192512 1 233
1833 e82e5bec8ac52d6b 7067 -455 -3956336033 534109033 211911484 -1569703898 -576192512 1 234
1834 a80e7acd4e1d252c 7041 -428 -3956336033 534109033 211911484 -1569703898 -576192512 1 235
1835 40347b2ee93ee732 7015 -401 -3956336033 534109033 211911484 -1569703898 -576192512 1 236
1836 dc2830f97b7735ac 6989 -374 -3956336033 534109033 211911484 -1569703898 -576192512 1 237
1837 f9a9bbfde0d80474 6963 -347 -3956336033 534109033 211911484 -1569703898 -576192512 1 238
1838 64acd22d2a8f4236 6937 -320 -3956336033 534109033 211911484 -1569703898 -576192512 1 239
1839 e2be602995ad591f 6911 -293 -3956336033 534109033 211911484 -1569703898 -576192512 1 240
1840 5ecc322b6afff68a 6885 -266 -3956336033 534109033 211911484 -1569703898 -576192512 1 241
1841 430157c059d0c07e 6859 -239 -3956336033 534109033 211911484 -1569703898 -576192512 1 242
1842 e8a438411225cee3 6833 -212 -3956336033 534109033 211911484 -1569703898 -576192512 1 243
1843 7c3c94947943d8c0 6807 -185 -3956336033 534109033 211911484 -1569703898 -576192512 1 244
1844 b6462b308f85a366 6781 -158 -3956336033 534109033 211911484 -1569703898 -576192512 1 245
1845 a96cc7b064c4777f 6755 -131 -3956336033 534109033 211911484 -1569703898 -576192512 1 246
1846 3d64c65ed87adbb7 6729 -104 -3956336033 534109033 211911484 -1569703898 -576192512 1 247
1847 0d6c966f33bc993d 6703 -77 -3956336033 534109033 211911484 -1569703898 -576192512 1 248
1848 79697d62a05c629f 6677 -50 -3956336033 534109033 211911484 -1569703898 -576192512 1 249
1849 9290d6ba6fbdb873 6677 -50 -3956336033 534109033 211911484 -1569703898 -576192512 0 0
1850 a31abee264660748 6677 -50 -3956336033 534109033 211911484 -1569703898 -576192512 0 1
1851 a31abee264660748 6677 -50 -3956336033 534109033 211911484 -1569703898 -576192512 0 2
1852 a31abee264660748 6677 -50 -3956336033 534109033 211911484 -1569703898 -576192512 0 3
1853 a31abee264660748 6677 -50 -3956336033 534109033 211911484 -1569703898 -576192512 0 4
1854 a31abee264660748 6677 -50 -3956336033 534109033 211911484 -1569703898 -576192512 0 5
1855 a31abee264660748 6677 -50 -3956336033 534109033 211911484 -1569703898 -576192512 0 6
1856 1a5c09fca0f1e467 6677 -50 -3956336033 534109033 211911484 -1569703898 -576192512 0 7
1857 85a08c85724efa27 6677 -50 -3956336033 534109033 211911484 -1569703898 -576192512 0 8
1858 85a08c85724efa27 6677 -50 -3956336033 534109033 211911484 -1569703898 -576192512 0 9
1859 85a08c85724efa27 6677 -50 -3956336033 534109033 211911484 -1569703898 -576192512 0 10
1860 85a08c85724efa27 6677 -50 -3956336033 534109033 211911484 -1569703898 -576192512 0 11
1861 85a08c85724efa27 6677 -50 -3956336033 534109033 211911484 -1569703898 -576192512 0 12
1862 2ce30a86d8628357 6651 -23 -3956336033 534109033 211911484 -1569703898 -576192512 1 0
1863 8a8f16b0a3cfb9b4 6625 4 -3956336033 534109033 211911484 -1569703898 -576192512 1 1
1864 ec9f1aa1f174aba4 6599 31 -3956336033 534109033 211911484 -1569703898 -576192512 1 2
1865 444dec9ab540f697 6573 58 -3956336033 534109033 211911484 -1569703898 -576192512 1 3
1866 a66e5540792147b2 6547 85 -3956336033 534109033 211911484 -1569703898 -576192512 1 4
1867 2992df1dc00d6cc6 6521 112 -3956336033 534109033 211911484 -1569703898 -576192512 1 5
1868 a8a00750c719cc44 6495 139 -3956336033 534109033 211911484 -1569703898 -576192512 1 6
1869 f959fb734babe137 6469 166 -3956336033 534109033 211911484 -1569703898 -576192512 1 7
1870 f6ac2cbd37764f64 6443 193 -3956336033 534109033 211911484 -1569703898 -576192512 1 8
1871 57a0abab39b1d805 6417 220 -3956336033 534109033 211911484 -1569703898 -576192512 1 9
1872 ec9e8430fe0aec52 6391 247 -3956336033 534109033 211911484 -1569703898 -576192512 1 10
1873 ee42d0e547bef030 6365 274 -3956336033 534109033 211911484 -1569703898 -576192512 1 11
1874 59777d746dcba267 6339 301 -3956336033 534109033 211911484 -1569703898 -576192512 1 12
1875 66646231e1a37674 6313 328 -3956336033 534109033 211911484 -1569703898 -576192512 1 13
1876 1f374db6452dfa8d 6287 355 -3956336033 534109033 211911484 -1569703898 -576192512 1 14
1877 18cbfe30b7b7963e 6261 382 -3956336033 534109033 211911484 -1569703898 -576192512 1 15
1878 c1ecdbed6fa8f8d9 6235 409 -3956336033 534109033 211911484 -1569703898 -576192512 1 16
1879 ed23f24a4eda2bd6 6209 436 -3956336033 534109033 211911484 -1569703898 -576192512 1 17
1880 a7f7db8558d3fe21 6183 463 -3957288739 535713337 212094002 -1566728204 -577765376 1 18
1881 6a71e366f9ac7394 6157 490 -3957288739 535713337 212094002 -1566728204 -577765376 1 19
1882 0af021f8d68f5cc3 6131 518 -3958113317 536809041 212148895 -1564260828 -578813952 1 20
1883 9aeba8c70a670aa1 6105 546 -3958876645 536912565 211886756 -1562327969 -578813952 1 21
1884 67d34916adcebaaa 6079 574 -3958942157 536429300 211696041 -1562353822 -578289664 1 22
1885 54d156487518813f 6053 602 -3963130572 535518908 209751779 -1552276984 -576716800 1 23
1886 9b3ea457fcc1dd37 6027 630 -3968413025 536232701 207920178 -1538722140 -576716800 1 24
1887 8b2d0b0c09098aa6 6002 658 -3977372227 535960236 204285113 -1516004109 -575143936 1 25
1888 5e9687785919787d 5977 686 -3984740739 535467480 201183008 -1497125676 -573571072 1 26
1889 f1085e787b9e0528 5952 715 -3996869247 535607247 196326047 -1465046502 -571998208 1 27
1890 cd076c5a61d7dca7 5928 744 -4007206978 536494635 192353699 -1436735838 -571473920 1 28
1891 8abdbc52bf59897d 5904 774 -4018268491 536977003 187879022 -1405923033 -570425344 1 29
1892 4cba99fed205f48e 5881 804 -4034166491 537597850 181273118 -1360284309 -568852480 1 30
1893 dd707f620de7fa61 5881 804 -4046970825 537795880 175727974 -1322371539 -567279616 0 0
1894 7708c40078b291e8 5881 804 -4062810363 539900773 169150481 -1272875207 -567279616 0 1
1895 bf439b9313ea4430 5881 804 -4077895241 541905380 162613927 -1223686948 -567279616 0 2
1896 2f17f0082347f738 5881 804 -4093100498 543925984 155721720 -1171822365 -567279616 0 3
1897 875bbfc412b8d760 5881 804 -4103795296 545347200 150669048 -1133800473 -567279616 0 4
1898 9c291693d6a1fe05 5881 804 -4114470972 546254758 145336310 -1094694380 -566755328 0 5
1899 3bf374a9f8dd8b91 5881 804 -4128363439 546560755 137941837 -1041922637 -565182464 0 6
1900 c340bf3211fdd354 5881 804 -4141416044 545202681 130400894 -990538676 -562036736 0 7
1901 dc654586a2fb81f8 5881 804 -4154188548 542757533 122553462 -938006656 -557842432 0 8
1902 2e570034d5fa851d 5881 804 -4164487905 540484312 115952939 -893429450 -554172416 0 9
1903 c906c53222ba5b32 5881 804 -4174578558 537649038 109180550 -847732892 -549978112 0 10
1904 32394bd452bc93d8 5881 804 -4187202448 534079587 100333810 -786620525 -544735232 0 11
1905 a483a875dbbb3ca4 5881 804 -4200093695 531035097 90796484 -718132819 -540016640 0 12
1906 9fd95e911501dfce 5881 804 -4211507357 529344554 81752724 -650431156 -536870912 0 13
1907 68539b08d729007c 5881 804 -4219666226 527230931 74717969 -598001491 -533725184 0 14
1908 2da6a7f8f1f2a7a3 5881 804 -4227369530 525049162 67556305 -543921366 -530579456 0 15
1909 24a99ebe3deea66f 5881 804 -4236673278 522004018 57986759 -470630370 -526385152 0 16
1910 34ab99f78c5ed8c6 5881 804 -4242801462 521181800 50821326 -413722792 -524812288 0 17
1911 69eb7a85c4515ab2 5881 804 -4248531386 519780003 43200854 -353111266 -522715136 0 18
1912 8e7c035f8c2f1bc0 5881 804 -4254574741 518938045 33386969 -273726985 -521142272 0 19
1913 41fed88f405271ba 5881 804 -4258075868 519365084 25909344 -212420791 -521142272 0 20
1914 cb3f547c239cc603 5881 804 -4260865209 518121786 18434253 -151597287 -519569408 0 21
1915 4c4cce8927a32615 5881 804 -4263833112 513729665 6044194 -50165345 -514850816 0 22
1916 c1e8a1a97bbe27cc 5881 804 -4264370754 510626064 -4026888 33629598 -511705088 0 23
1917 0156c5c1cfae4858 5881 804 -4263459144 505766394 -13868950 116911103 -506986496 0 24
1918 a320740c5168b06e 5881 804 -4261302470 504455584 -21539399 181950410 -505937920 0 25
1919 c846203b2bb0c4b2 5881 804 -4256774332 503919540 -31693514 267725566 -505937920 0 26
1920 7fe1552638673045 5881 804 -4250678195 504776404 -41471453 349227516 -507510784 0 27
1921 ca233de943f31311 5881 804 -4241013096 506778943 -53554333 448172991 -510656512 0 28
1922 e6ebdbd26aff0688 5881 804 -4229632565 507513892 -65185961 543261330 -512753664 0 29
1923 1bc45a0e1cbea387 5881 804 -4216491664 510114557 -76691115 633911450 -516947968 0 30
1924 0ecb615f0ec2eee2 5881 804 -4203545477 511672424 -86725222 712474252 -520093696 0 31
1925 a063ac873a83f6db 5881 804 -4191649042 510743607 -94928185 779071233 -520617984 0 32
1926 251ac0fea1d88447 5881 804 -4178862868 509185639 -102958136 844972668 -520617984 0 33
1927 bd16dbcc834be8ae 5881 804 -4169001641 507984069 -108731679 892355870 -520617984 0 34
1928 47c6939600d90cfa 5881 804 -4157692055 505575918 -114817239 944219698 -519569408 0 35
1929 b925f1fcbf87857f 5881 804 -4145861134 500029206 -120252300 997040473 -515375104 0 36
1930 e60d5ea557632fa6 5881 804 -4134136181 496567203 -125592819 1045614442 -513277952 0 37
1931 1703e9ea176160b1 5881 804 -4119936927 490780732 -131293187 1102161586 -509083648 0 38
1932 3a5206fd92e203ce 5881 804 -4101026462 486497302 -138968947 1171466619 -506986496 0 39
1933 3057feb1b18cf93a 5881 804 -4079314629 482911754 -147430051 1245390238 -505937920 0 40
1934 e337c2a9489ce5de 5881 804 -4057759445 480360038 -155542971 1313922743 -505937920 0 41
1935 394df3e781cb8e6c 5881 804 -4025164852 479491163 -167904292 1409499329 -509083648 0 42
1936 35acd1cd349d8605 5881 804 -3992529473 481535986 -180590456 1497318491 -515375104 0 43
1937 7f674e6e899fa628 5881 804 -3934850819 486279116 -202547335 1638963179 -527958016 0 44
1938 4280104721be8218 5881 804 -3887423031 488128310 -219232478 1745953642 -536346624 0 45
1939 2f3b990499f24194 5881 804 -3837690551 489975232 -236215147 1850135666 -545259520 0 46
1940 a993cae478f10d26 5881 804 -3795228072 491618056 -250462432 1933537745 -553123840 0 47
1941 6ae242b6f59becc3 5881 804 -3754559996 491943272 -263315066 2009646809 -559415296 0 48
1942 cdf71642467905a0 5881 804 -3714972870 493677107 -276382994 2079811530 -567279616 0 49
1943 bcff4be7473a8f98 5881 804 -3683962556 500543925 -289529491 2130913516 -579862528 0 50
1944 1631c8a26f36f17f 5881 804 -3651941463 513002367 -306255712 2180161377 -599261184 0 51
1945 cf3f4813762917f4 5881 804 -3635659612 523846069 -317431509 2203076438 -614465536 0 52
1946 d6b4f1e94b108662 5881 804 -3627446538 534872385 -326259264 2212654991 -628621312 0 53
1947 f17b818b578b4d90 5881 804 -3623631336 543804473 -332527905 2215793741 -639631360 0 54
1948 62d485617b53d925 5881 804 -3622360328 552207406 -337666167 2215016539 -649592832 0 55
1949 26302064c099f45e 5881 804 -3624787580 558011782 -340093420 2209212163 -655884288 0 56
1950 6b859f97621b4c0e 5881 804 -3631102218 561706710 -339998802 2197891521 -659030016 0 57
1951 6b859f97621b4c0e 5881 804 -3631102218 561706710 -339998802 2197891521 -659030016 0 58
1952 6b859f97621b4c0e 5881 804 -3631102218 561706710 -339998802 2197891521 -659030016 0 59
1953 6b859f97621b4c0e 5881 804 -3631102218 561706710 -339998802 2197891521 -659030016 0 60
1954 6b859f97621b4c0e 5881 804 -3631102218 561706710 -339998802 2197891521 -659030016 0 61
1955 6b859f97621b4c0e 5881 804 -3631102218 561706710 -339998802 2197891521 -659030016 0 62
1956 ebccce651610c621 5914 821 -3631102218 561706710 -339998802 2197891521 -659030016 1 0
1957 53ab4204c0bfad03 5947 838 -3631102218 561706710 -339998802 2197891521 -659030016 1 1
1958 654b493e3fd8993c 5980 855 -3631102218 561706710 -339998802 2197891521 -659030016 1 2
1959 9609f58edc05afe0 6013 872 -3631102218 561706710 -339998802 2197891521 -659030016 1 3
1960 94c3680e79c457fc 6046 889 -3631102218 561706710 -339998802 2197891521 -659030016 1 4
1961 7075a0dd8eb365b3 6079 906 -3631102218 561706710 -339998802 2197891521 -659030016 1 5
1962 b976d9a301f082ef 6112 923 -3631102218 561706710 -339998802 2197891521 -659030016 1 6
1963 4ab49bb0aa9c7309 6145 940 -3631102218 561706710 -339998802 2197891521 -659030016 1 7
1964 453fd3288a6d728e 6178 957 -3631102218 561706710 -339998802 2197891521 -659030016 1 8
1965 e6682b0e70721c09 6211 974 -3631102218 561706710 -339998802 2197891521 -659030016 1 9
1966 3deda5415103d277 6244 991 -3631102218 561706710 -339998802 2197891521 -659030016 1 10
1967 266dbf9675dfd566 6277 1008 -3631102218 561706710 -339998802 2197891521 -659030016 1 11
1968 f656a953cf72d685 6310 1025 -3631102218 561706710 -339998802 2197891521 -659030016 1 12
1969 179820ceb391d696 6343 1042 -3631102218 561706710 -339998802 2197891521 -659030016 1 13
1970 d06f1e20feb1647d 6376 1059 -3631102218 561706710 -339998802 2197891521 -659030016 1 14
1971 6c90624df8ef30bd 6409 1076 -3631102218 561706710 -339998802 2197891521 -659030016 1 15
1972 2c9318becf2c1242 6442 1093 -3631102218 561706710 -339998802 2197891521 -659030016 1 16
1973 d0df247a6f5f10d2 6475 1110 -3631102218 561706710 -339998802 2197891521 -659030016 1 17
1974 e967c7be23ee63a6 6508 1127 -3631102218 561706710 -339998802 2197891521 -659030016 1 18
1975 9f6055b7dc05b808 6541 1144 -3631102218 561706710 -339998802 2197891521 -659030016 1 19
1976 3b2218d357bb85e0 6574 1161 -3631102218 561706710 -339998802 2197891521 -659030016 1 20
1977 f0484ff169a4cabb 6607 1178 -3631102218 561706710 -339998802 2197891521 -659030016 1 21
1978 772e66e456341d32 6640 1195 -3631102218 561706710 -339998802 2197891521 -659030016 1 22
1979 457bf07f9f75577c 6673 1212 -3631102218 561706710 -339998802 2197891521 -659030016 1 23
1980 636dddafb89d2924 6706 1229 -3631102218 561706710 -339998802 2197891521 -659030016 1 24
1981 d777e23e109c7fe0 6739 1246 -3632711027 561955582 -339587305 2195231434 -659030016 1 25
1982 5af02ce978ea36d9 6772 1263 -3631570099 562233012 -340129843 2196963453 -659554304 1 26
1983 bf44c172b1a91646 6805 1280 -3628879475 563630977 -341821968 2200785244 -661651456 1 27
1984 91300ad6d9b84331 6838 1297 -3622754893 562226827 -343133179 2211006937 -661127168 1 28
1985 3b30aec1cb32ecdc 6871 1314 -3620460685 560965626 -343209874 2215069535 -660078592 1 29
1986 ccfc2eba0c81338c 6904 1331 -3616941007 560420276 -344099645 2220812099 -660078592 1 30
1987 f1673dc9077541f0 6937 1348 -3612868521 559789272 -345125227 2227431181 -660078592 1 31
1988 b7ebde1fb736edc6 6971 1365 -3609806027 559765997 -346149078 2232238195 -660602880 1 32
1989 a9bed7ef3c02f9f4 7005 1381 -3605985216 557370574 -346080231 2239013446 -658505728 1 33
1990 0c213fb3cc8b1783 7039 1397 -3597067668 553294996 -346739593 2254214844 -655360000 1 34
1991 df09fb09d3ee921e 7073 1413 -3582444053 545227497 -346897075 2279304297 -648544256 1 35
1992 c8a7bc615025c6df 7107 1428 -3563758988 536153876 -347595194 2310429084 -641204224 1 36
1993 6db96d8188206a98 7142 1443 -3551947782 529943727 -347625939 2329962849 -635961344 1 37
1994 ee9461be06c8ba77 7177 1457 -3540850557 526078971 -348776650 2347491677 -633339904 1 38
1995 3fc65787360a944f 7212 1471 -3528191068 524198098 -351597198 2366475782 -633339904 1 39
1996 6bb5fa843e63b1fb 7247 1484 -3509595873 521435332 -355681641 2393966718 -633339904 1 40
1997 3895407c92ccdb79 7282 1497 -3490131946 518978949 -360166651 2422119714 -633864192 1 41
1998 bb0b70f012d4cb2b 7317 1509 -3467984944 516551142 -365438808 2453457538 -634912768 1 42
1999 9f7a425231c04add 7353 1520 -3438692942 512188142 -371529153 2494346471 -634912768 1 43
2000 1247869d3a31276b 7389 1531 -3416824151 507651850 -375091769 2524609388 -633339904 1 44
2001 6886f9a1e487e373 7425 1541 -3395807876 501987585 -377483996 2553575382 -630194176 1 45
2002 f8362616c921fa8d 7461 1551 -3374240665 498378510 -381383424 2582132753 -629669888 1 46
2003 19d3a242a1d63613 7498 1560 -3349045756 493404053 -385274332 2615100901 -628097024 1 47
2004 2e07557f20eef10d 7535 1568 -3315254694 488425725 -391566318 2657808593 -628097024 1 48
2005 44f6f00411b525cc 7572 1575 -3287500372 484336771 -396612863 2692062687 -628097024 1 49
2006 4cc6f96166d514f0 7609 1581 -3263830903 480035525 -400189964 2720949429 -627048448 1 50
2007 bcfa415e35f25cd5 7646 1587 -3235146043 475413182 -404870757 2755110910 -626524160 1 51
2008 1cd820737420ca79 7683 1592 -3195642784 468412587 -410592941 2801180885 -624951296 1 52
2009 d89a8737ef787249 7720 1596 -3170147363 462699206 -413136432 2830571940 -622329856 1 53
2010 c880037cf856ae96 7758 1599 -3139894468 455935174 -415984607 2864766434 -619184128 1 54
2011 8952bde04059e4a9 7796 1601 -3109624823 449214472 -418680328 2898256489 -616038400 1 55
2012 37303f9e80a8efae 7834 1602 -3075666279 442775819 -422482543 2934702556 -613941248 1 56
2013 324fa577b1c57aed 7872 1602 -3046043083 436613714 -425136555 2965972520 -611319808 1 57
2014 dc90063e2acdc725 7910 1602 -3016727137 431284227 -428335490 2996101480 -609746944 1 58
2015 ce419062810348ff 7948 1602 -2979983601 425660018 -433197682 3032753720 -609222656 1 59
2016 60a7d7f3a6911b0d 7986 1601 -2947117442 419130106 -435925548 3065214793 -606601216 1 60
2017 b8ba200f93b30f57 8024 1599 -2920970715 414320328 -438359212 3090445603 -605028352 1 61
2018 cdabda3f41fb0da5 8062 1597 -2899547598 410198447 -440092176 3110855815 -603455488 1 62
2019 d4943d8d18a4138f 8100 1594 -2875737040 405397799 -441703803 3133277984 -601358336 1 63
2020 ed4c8c25b19b0c51 8138 1590 -2848332988 399761720 -443321837 3158702198 -598736896 1 64
2021 1950583d9b17f115 8176 1586 -2825170568 396159232 -445849687 3179533181 -598212608 1 65
2022 7ed2e211f1cc5bc6 8213 1581 -2792564344 390544305 -448713259 3208498093 -596639744 1 66
2023 d5cd90fc372e078d 8250 1575 -2757637729 384973370 -452138805 3238756587 -595591168 1 67
2024 3d9d0e734762015f 8287 1568 -2717899635 379425829 -456804154 3272175370 -595591168 1 68
2025 0d62bcb1c8d9b52e 8324 1560 -2667255287 372355747 -462585335 3313587076 -595591168 1 69
2026 56bf6aa0339b762c 8361 1551 -2604923121 366572091 -473107348 3361980658 -600309760 1 70
2027 fa4292904003d61b 8397 1540 -2526249607 358646343 -485612395 3420578956 -605552640 1 71
2028 f20dcd69f7a3398c 8433 1528 -2466666295 352645170 -495094690 3463065708 -609746944 1 72
2029 89a6a8078377a317 8468 1515 -2412393094 346989802 -503492877 3500456631 -613416960 1 73
2030 d11ae8d3f1eb8262 8503 1501 -2376291294 342389224 -507884806 3524883885 -614465536 1 74
2031 bf9213b15253b2bd 8538 1486 -2343880544 338011367 -511430975 3546428448 -614989824 1 75
2032 ed37113ec26c383f 8573 1471 -2326970543 335572773 -513034346 3557546745 -614989824 1 76
2033 6e2bef0b29d6b31f 8608 1456 -2324798755 335259579 -513239068 3558966352 -614989824 1 77
2034 7f030aabc785b2f7 8643 1441 -2324798755 335259579 -513239068 3558966352 -614989824 1 78
2035 cd602e77b50bfe09 8678 1426 -2324798755 335259579 -513239068 3558966352 -614989824 1 79
2036 a501c4c6b418d00c 8713 1411 -2324798755 335259579 -513239068 3558966352 -614989824 1 80
2037 0e7f3c9b3908d75c 8748 1396 -2324798755 335259579 -513239068 3558966352 -614989824 1 81
2038 82db02d5243705cf 8783 1381 -2324798755 335259579 -513239068 3558966352 -614989824 1 82
2039 2ee98cf56c8fffbd 8818 1366 -2324798755 335259579 -513239068 3558966352 -614989824 1 83
2040 1ad95fb5c0a6deba 8853 1351 -2324364294 335196925 -513279989 3559250114 -614989824 1 84
2041 bd56b82c4ef242f2 8888 1336 -2323495267 335071603 -513361809 3559817480 -614989824 1 85
2042 2d2be42a35c1fb23 8923 1321 -2323495267 335071603 -513361809 3559817480 -614989824 1 86
2043 e5596515559b2696 8958 1306 -2323495267 335071603 -513361809 3559817480 -614989824 1 87
2044 1ce3a6eb96f91401 8993 1291 -2323495267 335071603 -513361809 3559817480 -614989824 1 88
2045 a964ae463c6f7693 9028 1276 -2323495267 335071603 -513361809 3559817480 -614989824 1 89
2046 3e6c631a40014527 9063 1261 -2323495267 335071603 -513361809 3559817480 -614989824 1 90
2047 8425aef84d4b6e97 9098 1246 -2323495267 335071603 -513361809 3559817480 -614989824 1 91
2048 906f4509558fd993 9133 1231 -2323495267 335071603 -513361809 3559817480 -614989824 1 92
2049 c42c98d9a9c65b0b 9168 1216 -2323495267 335071603 -513361809 3559817480 -614989824 1 93
2050 9c54d318ca561db5 9203 1201 -2323495267 335071603 -513361809 3559817480 -614989824 1 94
2051 92577eb8e9e3aace 9238 1186 -2320805575 335262129 -514476581 3561392805 -616038400 1 95
2052 37c3e4e60c46eb8d 9273 1171 -2312811240 335260223 -516953383 3566231628 -618135552 1 96
2053 256f6450f1a5eec5 9307 1156 -2301794894 334524017 -519282641 3573083201 -619708416 1 97
2054 81446046ebc9a68e 9341 1140 -2294375108 333445686 -519975724 3577852171 -619708416 1 98
2055 5e1a80dbf88b81b1 9375 1124 -2286070718 332238794 -520747696 3583163960 -619708416 1 99
2056 e5666a2c71e3a561 9409 1108 -2271779084 329029149 -520327688 3592598333 -617611264 1 100
2057 56b1561071e22d0d 9443 1092 -2258886149 325191377 -518452007 3601338019 -613941248 1 101
2058 9ee790f066257ee1 9477 1075 -2247444801 323544270 -519481492 3608489160 -613941248 1 102
2059 6ed9820882cecd86 9511 1058 -2240313889 323076004 -520994455 3612744722 -614989824 1 103
2060 e84af25552fea409 9545 1041 -2238793222 324251700 -523318182 3613246172 -617611264 1 104
2061 0335ff9d12172507 9579 1024 -2238674327 325071549 -524641357 3613054285 -619184128 1 105
2062 0634cbc47bc3b49c 9613 1007 -2238674327 325071549 -524641357 3613054285 -619184128 1 106
2063 13089cf7e2467534 9647 990 -2238674327 325071549 -524641357 3613054285 -619184128 1 107
2064 8adebd8aebfe9c9b 9681 973 -2238674327 325071549 -524641357 3613054285 -619184128 1 108
2065 868638c232aa3a15 9715 956 -2238674327 325071549 -524641357 3613054285 -619184128 1 109
2066 84d863568b61d5e3 9749 939 -2238674327 325071549 -524641357 3613054285 -619184128 1 110
2067 769488acf04132c5 9783 922 -2238674327 325071549 -524641357 3613054285 -619184128 1 111
2068 517b71b2d0c8f0b0 9817 905 -2238674327 325071549 -524641357 3613054285 -619184128 1 112
2069 813dfb0dd443f5e8 9851 888 -2238674327 325071549 -524641357 3613054285 -619184128 1 113
2070 e73027b5f2e4c991 9885 871 -2238674327 325071549 -524641357 3613054285 -619184128 1 114
2071 8a444f4689aee601 9919 854 -2238674327 325071549 -524641357 3613054285 -619184128 1 115
2072 6e1d18ec6d57f9a6 9953 837 -2238674327 325071549 -524641357 3613054285 -619184128 1 116
2073 986b93bb82f5e619 9987 820 -2238674327 325071549 -524641357 3613054285 -619184128 1 117
2074 610e9cc7a7a9dd9b 10021 803 -2238674327 325071549 -524641357 3613054285 -619184128 1 118
2075 e9e38189fe4c7e10 10055 786 -2238674327 325071549 -524641357 3613054285 -619184128 1 119
2076 97742656ef7a6a5a 10089 769 -2238674327 325071549 -524641357 3613054285 -619184128 1 120
2077 abcacb4a53c8278c 10123 752 -2238674327 325071549 -524641357 3613054285 -619184128 1 121
2078 415d79aa38f45307 10157 735 -2238674327 325071549 -524641357 3613054285 -619184128 1 122
2079 d8f59af981f05f02 10191 718 -2238674327 325071549 -524641357 3613054285 -619184128 1 123
2080 d2dd46b6eec0bf32 10225 701 -2238674327 325071549 -524641357 3613054285 -619184128 1 124
2081 84ade39699896666 10259 684 -2238674327 325071549 -524641357 3613054285 -619184128 1 125
2082 bd63dbf6c16d70b9 10293 667 -2238674327 325071549 -524641357 3613054285 -619184128 1 126
2083 228af8dee7f98877 10327 650 -2238674327 325071549 -524641357 3613054285 -619184128 1 127
2084 c3b7e13cfb6dbcfc 10361 633 -2238674327 325071549 -524641357 3613054285 -619184128 1 128
2085 4b2d32914fa66846 10395 616 -2238187159 322211533 -520309183 3614238564 -613941248 1 129
2086 c276fce0ad8496b8 10429 599 -2235799614 316854946 -512637441 3617284887 -604504064 1 130
2087 e2b3301bbc073174 10463 582 -2235339703 313728512 -507856398 3618515827 -598736896 1 131
2088 6768e8529aa817e9 10497 565 -2234281516 311633447 -504878377 3619766925 -595066880 1 132
2089 671826d0da4284c9 10531 548 -2227763427 309892656 -504121020 3624036800 -593494016 1 133
2090 3acd181f69eeda26 10565 531 -2218323157 306371519 -501406263 3630497858 -589299712 1 134
2091 6eaa4e63c7c881b9 10599 514 -2208602575 301458082 -496492683 3637504197 -582483968 1 135
2092 a6ff5c618442561d 10633 496 -2193427877 293116214 -487570851 3648558040 -570425344 1 136
2093 7ce9090368ee3df9 10666 478 -2180240204 286479209 -480640364 3657897104 -560988160 1 137
2094 13cd3ecda8a65b55 10699 460 -2166452505 280633120 -475041599 3667261669 -553123840 1 138
2095 daafa72655a30dec 10732 441 -2153414377 275737479 -470682060 3675864230 -546832384 1 139
2096 fe87376720a442df 10765 422 -2141336235 270206657 -464876842 3684060407 -538968064 1 140
2097 514081f5ee5a1549 10798 403 -2127352378 265013097 -460068686 3693131570 -532152320 1 141
2098 b7aa2e0dd9bb52b6 10831 384 -2108320403 259506490 -456026757 3704919045 -525860864 1 142
2099 7ae1b34748a434d4 10863 364 -2072232868 249673689 -449018342 3726746649 -514850816 1 143
2100 efaedc4bb0328e10 10895 343 -2023914070 239341542 -443992393 3754477632 -505413632 1 144
2101 d8070dd240c28198 10926 321 -1960810322 228239324 -441023875 3788848335 -497549312 1 145
2102 ac4e093686c44fd5 10956 298 -1895477342 219227553 -442086959 3822356357 -494403584 1 146
2103 f779a5fa16ed95d6 10986 274 -1853502322 213226457 -442123009 3843219345 -491782144 1 147
2104 3cf89d14d7e64062 11015 249 -1809780809 207972904 -444043343 3864066547 -491257856 1 148
2105 dcaf996377ad1d77 11044 224 -1755363756 201719510 -446918850 3889089217 -491257856 1 149
2106 acf9c8ca8482bacd 11072 198 -1699693197 194901635 -448798464 3913870258 -490209280 1 150
2107 5fbb1bb695e652f8 11099 171 -1613922737 183868933 -450055826 3950397377 -487063552 1 151
2108 15e90920aafea4e5 11124 142 -1517575249 172329437 -452927685 3988592297 -485490688 1 152
2109 ca3520e507898233 11148 112 -1447849629 163337669 -452926020 4014804397 -482344960 1 153
2110 a48aa9d8c0ffb6c9 11172 82 -1417068231 158638931 -450728530 4026206550 -478674944 1 154
2111 84aad947dd3cd8b5 11196 52 -1408275824 157132464 -449600405 4029475417 -477102080 1 155
2112 66a27b3eda103868 11219 21 -1365059768 150960992 -447312522 4044808795 -472907776 1 156
2113 f8a6be16b24eaeb8 11241 -11 -1288315148 142314673 -449591463 4069963415 -472383488 1 157
2114 cb466e85749098d4 11262 -43 -1207240050 132016319 -447834693 4095281591 -467664896 1 158
2115 0d493ff1306bc1f8 11281 -76 -1119248787 120044236 -442015695 4121193726 -458752000 1 159
2116 c9fb87079805c2bd 11299 -110 -1058385289 112340351 -439194796 4137759325 -454033408 1 160
2117 887aadb7551401b8 11317 -144 -1031646871 108992868 -437888656 4144734356 -451936256 1 161
2118 751b5d567d96513f 11335 -178 -1029649479 108527666 -436929789 4145344392 -450887680 1 162
2119 d57c334f9d09ed00 11353 -212 -1028144560 108242146 -436463431 4145774493 -450363392 1 163
2120 bcae58f4be018de3 11370 -246 -1015059464 106112925 -433765826 4149335563 -447217664 1 164
2121 09bbc74806928fe3 11387 -281 -984680043 102572575 -433009122 4156817443 -445644800 1 165
2122 30e2ef70446d55fc 11403 -316 -933891789 97051574 -433211157 4168632783 -444596224 1 166
2123 a2ebb964badc2d90 11418 -351 -887020153 92180597 -434273706 4178857309 -444596224 1 167
2124 b406d93b095e14b3 11433 -387 -855879446 88944404 -434948051 4185346286 -444596224 1 168
2125 18fdeddbe206918a 11448 -423 -835944618 86872744 -435366559 4189373432 -444596224 1 169
2126 6639e973e6caf7fc 11462 -459 -827259556 85868105 -435034287 4191152292 -444071936 1 170
2127 dfa3bfcef4e4bf27 11476 -495 -825724655 85708785 -435065704 4191454963 -444071936 1 171
2128 3a1dc7036637a46d 11490 -531 -825724655 85708785 -435065704 4191454963 -444071936 1 172
2129 72cc20de03941ebb 11504 -567 -822706486 84887986 -432569652 4192323417 -441450496 1 173
2130 5257896ffdeb5d80 11518 -603 -815069711 83697813 -430676545 4194033599 -439353344 1 174
2131 2f38567c06ce96c3 11532 -639 -808433366 82816893 -429784562 4195426815 -438304768 1 175
2132 e591e4f7cdcd5495 11546 -675 -804345938 82298956 -429352997 4196266742 -437780480 1 176
2133 454e8b618f4730e8 11560 -711 -786952448 80228094 -428152912 4199725997 -436207616 1 177
2134 273b15953173b857 11573 -747 -745931730 75770124 -427375183 4207367261 -434634752 1 178
2135 7440879c37be99ae 11585 -784 -708411196 71958870 -428033386 4213847054 -434634752 1 179
2136 8be8f1da1e8ce617 11597 -821 -683708949 69449670 -428447665 4217925496 -434634752 1 180
2137 595f7eaea8dfd221 11609 -858 -682696071 69178395 -427434787 4218196771 -433586176 1 181
2138 38dfddaf69f5daa1 11621 -895 -682181149 69126217 -427443228 4218280077 -433586176 1 182
2139 d2c8126c6903ba86 11633 -932 -681151275 69021859 -427460092 4218446499 -433586176 1 183
2140 04a2f15f525f764a 11645 -969 -681151275 69021859 -427460092 4218446499 -433586176 1 184
2141 dfc5a9d420c562fa 11657 -1006 -681151275 69021859 -427460092 4218446499 -433586176 1 185
2142 d3718fc6ca8d7f34 11669 -1043 -681151275 69021859 -427460092 4218446499 -433586176 1 186
2143 f9f295cefe1384c6 11681 -1080 -681151275 69021859 -427460092 4218446499 -433586176 1 187
2144 3ec9202efcd32be1 11693 -1117 -681151275 69021859 -427460092 4218446499 -433586176 1 188
2145 b202cd9bd5e086dc 11705 -1154 -681151275 69021859 -427460092 4218446499 -433586176 1 189
2146 76da4b446602fd28 11717 -1191 -681151275 69021859 -427460092 4218446499 -433586176 1 190
2147 556a692ee6224337 11729 -1228 -681151275 69021859 -427460092 4218446499 -433586176 1 191
2148 6162634e0d0934d7 11741 -1265 -681151275 69021859 -427460092 4218446499 -433586176 1 192
2149 6afff0d5391df59f 11753 -1302 -681151275 69021859 -427460092 4218446499 -433586176 1 193
2150 9fd6b627f49ef117 11765 -1339 -681151275 69021859 -427460092 4218446499 -433586176 1 194
2151 d04a98cbd5c03ccd 11777 -1376 -681666217 69074039 -427451663 4218363319 -433586176 1 195
2152 e81c4d1aaa579598 11789 -1413 -682696071 69178395 -427434786 4218196771 -433586176 1 196
2153 4ad762038e7a28bb 11801 -1450 -683210983 69230572 -427426338 4218113403 -433586176 1 197
2154 f867257d3d4c127d 11813 -1487 -684240775 69334922 -427409423 4217946478 -433586176 1 198
2155 fb85c53ce9acf81b 11825 -1524 -684240775 69334922 -427409423 4217946478 -433586176 1 199
2156 76bca4cd52c37487 11837 -1561 -684240775 69334922 -427409423 4217946478 -433586176 1 200
2157 b26d84629e0e12c7 11849 -1598 -684755656 69387095 -427400956 4217862921 -433586176 1 201
2158 7173587e008e9590 11861 -1635 -684755656 69387095 -427400956 4217862921 -433586176 1 202
2159 288333c2a0101606 11873 -1672 -684755656 69387095 -427400956 4217862921 -433586176 1 203
2160 b0bda365acf4b04b 11885 -1709 -685785387 69491439 -427384003 4217695618 -433586176 1 204
2161 9b240d5f041e6263 11897 -1746 -686300237 69543609 -427375517 4217611873 -433586176 1 205
2162 97cb7dbc616647c1 11909 -1783 -686300237 69543609 -427375517 4217611873 -433586176 1 206
2163 77ec0ca3b5926985 11921 -1820 -687329907 69647947 -427358526 4217444193 -433586176 1 207
2164 b64d64b7834f7bd1 11933 -1857 -687321400 69731849 -427873348 4217391994 -434110464 1 208
2165 dccd8e26dd91469b 11945 -1894 -687819155 69952006 -428894436 4217203476 -435159040 1 209
2166 1a9b73b0a13badcc 11957 -1931 -688840168 70140802 -429392117 4216983041 -435683328 1 210
2167 30aef0ab021d9731 11969 -1968 -690341392 70719410 -431940010 4216467648 -438304768 1 211
2168 112bb7aa23b22395 11969 -1968 -692339270 71521934 -435507919 4215759466 -441974784 0 0
2169 48c8417dbbfc0073 11969 -1968 -696864204 73021228 -441602917 4214353938 -448266240 0 1
2170 5081f1b6a1b1fcd6 11969 -1968 -707342004 77175792 -459408057 4210629347 -466616320 0 2
2171 1439f29b897f861b 11969 -1968 -723883216 82738147 -480660042 4205336786 -488636416 0 3
2172 6c260636ed331b21 11969 -1968 -736944793 86692608 -494245062 4201411983 -502792192 0 4
2173 5d21b0ce47196162 11969 -1968 -746001744 89235586 -502255125 4198809625 -511180800 0 5
2174 433bef905c92b4a4 11969 -1968 -754112644 90952862 -506178607 4196852271 -515375104 0 6
2175 b045c4128a1d0cdc 11969 -1968 -766280010 93464435 -511541943 4193941852 -521142272 0 7
2176 bc0c2d31fa2c6b0f 11969 -1968 -797125642 100190641 -526165643 4186221009 -536870912 0 8
2177 d7e2d8c03dff824a 11984 -2003 -848461176 112328950 -552392626 4172421635 -565182464 1 0
2178 a9d959855f0d5474 12000 -2038 -914940244 125906521 -571822611 4155333304 -587202560 1 1
2179 19a6591a9f418a57 12017 -2072 -998128503 139589562 -578257851 4134805458 -596639744 1 2
2180 69c6a68e860566c3 12035 -2105 -1063875501 150506045 -582486691 4117398472 -603455488 1 3
2181 d3b6d064ebca8041 12054 -2138 -1119231588 160707053 -588906529 4101393308 -612368384 1 4
2182 404a865842d4eb66 12074 -2170 -1165096915 171649687 -602012487 4086246517 -628097024 1 5
2183 4b7af8ccec53f0e3 12094 -2202 -1213592417 184246818 -617782293 4069193491 -646971392 1 6
2184 927845c915ec71be 12115 -2233 -1256428904 196088453 -632595767 4053332258 -664797184 1 7
2185 65dd078afde2b2da 12137 -2264 -1293822960 206132948 -643548079 4039321886 -678428672 1 8
2186 44c4099aadd6a304 12159 -2294 -1340593979 216606013 -649928412 4022465258 -687865856 1 9
2187 7f9933c7a7e04da2 12182 -2324 -1372603216 224013536 -654527395 4010500755 -694681600 1 10
2188 224aeb1cb5db22d3 12205 -2353 -1394137186 230499125 -661592371 4001536113 -703594496 1 11
2189 d8a001147e817f84 12228 -2382 -1410303528 235825717 -667945273 3994499139 -711458816 1 12
2190 46327883a090cc7e 12251 -2411 -1426917419 241290472 -674233547 3987209398 -719323136 1 13
2191 500669840a6be01e 12275 -2439 -1456022240 249504043 -681153911 3974986841 -728760320 1 14
2192 a0c72565435c565a 12299 -2467 -1478727229 256740597 -688393850 3964884365 -738197504 1 15
2193 7d2199c7651b4358 12323 -2495 -1502901360 263773526 -694023940 3954337602 -746061824 1 16
2194 6248ce80063e4071 12348 -2522 -1525235510 269613005 -697315141 3944801786 -751304704 1 17
2195 d609c6cd78a8fcbb 12373 -2549 -1546479410 275704990 -701589020 3935340533 -757596160 1 18
2196 09fe1a36b9244d5f 12398 -2576 -1558209784 279366598 -704582516 3929916554 -761790464 1 19
2197 e2999862e8522e97 12423 -2603 -1566738093 281487851 -705404848 3926225211 -763363328 1 20
2198 5838134d1fce10d9 12448 -2630 -1571016157 282454438 -705574230 3924415473 -763887616 1 21
2199 9e2ff6cb4f4c6bf6 12473 -2657 -1575257503 283614026 -706221157 3922514835 -764936192 1 22
2200 b9ffddf44ca8a4b7 12498 -2684 -1579531225 284582548 -706387749 3920695640 -765460480 1 23
2201 0c8db6a7bb761ac6 12523 -2711 -1583289581 285658797 -707066303 3918978753 -766509056 1 24
2202 4fa9087084df227b 12549 -2738 -1588072307 286521702 -706717072 3917043108 -766509056 1 25
2203 73a1a852f4cd9a30 12575 -2764 -1593295468 287664900 -706809590 3914820907 -767033344 1 26
2204 6414fe597daa5c89 12601 -2790 -1596640069 288268758 -706563525 3913458019 -767033344 1 27
2205 a17add6a97365f9d 12627 -2816 -1600461042 288958624 -706281676 3911896935 -767033344 1 28
2206 96b362fa8b876256 12653 -2842 -1601893514 289217253 -706175809 3911310567 -767033344 1 29
2207 fff18767166670da 12679 -2868 -1602370957 289303454 -706140499 3911114994 -767033344 1 30
2208 02d12b920117521a 12705 -2894 -1602370957 289303454 -706140499 3911114994 -767033344 1 31
2209 928ebac0126fef34 12731 -2920 -1602370957 289303454 -706140499 3911114994 -767033344 1 32
2210 3829f12a9cd92c50 12757 -2946 -1602370957 289303454 -706140499 3911114994 -767033344 1 33
2211 464970446a276f6f 12783 -2972 -1602370957 289303454 -706140499 3911114994 -767033344 1 34
2212 28dc48301d6e9c2e 12809 -2998 -1602370957 289303454 -706140499 3911114994 -767033344 1 35
2213 18a96d7211329aba 12835 -3024 -1602370957 289303454 -706140499 3911114994 -767033344 1 36
2214 b9e6a1a8b1bc9bd7 12861 -3050 -1602370957 289303454 -706140499 3911114994 -767033344 1 37
2215 1fe5bf2a6e246dce 12887 -3076 -1602370957 289303454 -706140499 3911114994 -767033344 1 38
2216 fd6f6a963a4fe726 12913 -3102 -1602370957 289303454 -706140499 3911114994 -767033344 1 39
2217 e9ee8d89d53dde68 12939 -3128 -1602370957 289303454 -706140499 3911114994 -767033344 1 40
2218 57787e084490b2bd 12965 -3154 -1602370957 289303454 -706140499 3911114994 -767033344 1 41
2219 3a0fc7607f0b2857 12991 -3180 -1602370957 289303454 -706140499 3911114994 -767033344 1 42
2220 d308739b1a12a958 13017 -3206 -1602370957 289303454 -706140499 3911114994 -767033344 1 43
2221 013eb9a2096a52f2 13043 -3232 -1602370957 289303454 -706140499 3911114994 -767033344 1 44
2222 20478bfd50d58ca0 13069 -3258 -1602370957 289303454 -706140499 3911114994 -767033344 1 45
2223 551567d670c6c4b7 13095 -3284 -1602370957 289303454 -706140499 3911114994 -767033344 1 46
2224 b912e7eb263e45de 13121 -3310 -1602370957 289303454 -706140499 3911114994 -767033344 1 47
2225 ac372ae726f271d3 13147 -3336 -1605235112 289820569 -705928417 3909940334 -767033344 1 48
2226 9b2a76b9afd4d604 13173 -3362 -1622175008 291447919 -701348359 3903647129 -763363328 1 49
2227 4804c1a2cdf0201e 13199 -3388 -1641539182 293065686 -695636589 3896446513 -758644736 1 50
2228 f3761a1d7be632cd 13226 -3413 -1673605790 297315131 -689898353 3883481905 -754974720 1 51
2229 5928873cb9cf1160 13254 -3437 -1757407930 310432459 -679558353 3847088974 -750780416 1 52
2230 99b7c19d1d0aa39f 13283 -3460 -1867375664 324923299 -660686129 3797047654 -739770368 1 53
2231 ac5e5c9068bc6a99 13314 -3481 -1984823389 341366578 -642998349 3738615007 -731381760 1 54
2232 4f8c710486e5853b 13346 -3500 -2072675579 354392514 -631175129 3691447401 -727187456 1 55
2233 8eba84444a2b5715 13378 -3518 -2130851424 362465847 -622390671 3658888444 -723517440 1 56
2234 d8b134de07cab347 13411 -3536 -2161817043 366375708 -617093417 3641188775 -720896000 1 57
2235 8aff7f33326bb242 13444 -3553 -2184180886 369068803 -613074263 3628226301 -718798848 1 58
2236 4261d46e5e375cfd 13477 -3570 -2211104574 371120107 -606385979 3612800375 -714080256 1 59
2237 238eb31c1652f017 13511 -3586 -2252059282 372060913 -593026527 3589549175 -703070208 1 60
2238 587e95b1ed119302 13545 -3601 -2288355638 372320426 -580608407 3568535264 -692584448 1 61
2239 13708f147f418832 13579 -3616 -2325923032 371441441 -566372514 3546558832 -680001536 1 62
2240 c0b2443d3057a1b9 13614 -3630 -2357393743 371157141 -555382597 3527496473 -670564352 1 63
2241 80426e6f3c054802 13649 -3644 -2374569572 371188384 -549745959 3516839773 -665845760 1 64
2242 092a5c1745bfa0da 13684 -3658 -2385699209 370243557 -544754562 3510177422 -661127168 1 65
2243 f37a736d4f897b8b 13719 -3671 -2400362841 368919224 -538130375 3501330691 -654835712 1 66
2244 9ba9b53c37fd929f 13754 -3684 -2422275755 368353304 -530335064 3487461082 -648019968 1 67
2245 c60cbb1586ef41bf 13789 -3696 -2442027030 367088077 -522365718 3475000497 -640679936 1 68
2246 e8b15c2c9a3ec0f6 13824 -3708 -2445129930 366638891 -520780000 3473103484 -639107072 1 69
2247 a9e8b08460710674 13859 -3720 -2446022536 366467439 -520266579 3472569960 -638582784 1 70
2248 46bdc51b202b5e3f 13894 -3732 -2446535828 365933658 -519374102 3472398251 -637534208 1 71
2249 5fed622bfe051c94 13929 -3744 -2451508651 364536068 -515917752 3469552095 -633864192 1 72
2250 4841194eec7829e0 13965 -3756 -2453690091 361493517 -511082019 3469044049 -628097024 1 73
2251 5e3b35374d48570f 14001 -3768 -2451294805 357167131 -505881689 3471946603 -621281280 1 74
2252 29c691b07d530f79 14037 -3781 -2442823313 349844415 -498345091 3479744155 -610795520 1 75
2253 abea3127bd65b5fc 14072 -3794 -2432148100 345589172 -495621163 3488026302 -606076928 1 76
2254 809769b03b9867d8 14107 -3807 -2425372971 344324441 -495868828 3492830486 -605552640 1 77
2255 fd2cc46931b1f4a3 14142 -3820 -2425372971 344324441 -495868828 3492830486 -605552640 1 78
2256 fadb0050558c14cd 14177 -3833 -2425372971 344324441 -495868828 3492830486 -605552640 1 79
2257 b962d8273d1fbd47 14212 -3846 -2425372971 344324441 -495868828 3492830486 -605552640 1 80
2258 9ea636322832f3e4 14247 -3859 -2425372971 344324441 -495868828 3492830486 -605552640 1 81
2259 abab7b6d64211f83 14282 -3872 -2424093696 344142825 -495994890 3493718450 -605552640 1 82
2260 5004023a850af067 14317 -3885 -2424093696 344142825 -495994890 3493718450 -605552640 1 83
2261 3fde86e50b2fd97e 14352 -3898 -2424093696 344142825 -495994890 3493718450 -605552640 1 84
2262 e9894ae92f87c13a 14387 -3911 -2422814096 343961163 -496120886 3494605945 -605552640 1 85
2263 9c5d7eaf03b0930e 14422 -3924 -2418973348 343415901 -496498473 3497265617 -605552640 1 86
2264 31395e15c40e0953 14457 -3937 -2416411227 343052163 -496749865 3499036388 -605552640 1 87
2265 22f290e5b5aa61ce 14492 -3950 -2414702425 342809568 -496917312 3500215859 -605552640 1 88
2266 a48a8af31160ee10 14527 -3963 -2407516980 341189869 -496771856 3505340677 -604504064 1 89
2267 b144f37cab930a7f 14562 -3976 -2403236208 340583204 -497187977 3508276926 -604504064 1 90
2268 bfc61edba11ce6ae 14597 -3989 -2403236209 340583204 -497187977 3508276927 -604504064 1 91
2269 7b80cdfca0302c88 14632 -4002 -2403236208 340583204 -497187977 3508276926 -604504064 1 92
2270 f5a8024b434cebba 14667 -4015 -2403236209 340583204 -497187977 3508276927 -604504064 1 93
2271 58637fb01cfe755f 14702 -4028 -2403236208 340583204 -497187977 3508276926 -604504064 1 94
2272 8344467375fb05b8 14737 -4041 -2403236209 340583204 -497187977 3508276927 -604504064 1 95
2273 afb57ac6f172bf21 14772 -4054 -2403236208 340583204 -497187977 3508276926 -604504064 1 96
2274 9d8611deab78d0dd 14807 -4067 -2403236209 340583204 -497187977 3508276927 -604504064 1 97
2275 ae5a45042ccc8dba 14842 -4080 -2403236208 340583204 -497187977 3508276926 -604504064 1 98
2276 a98c8a1c9b4b9b19 14877 -4094 -2401951278 340401105 -497312669 3509156783 -604504064 1 99
2277 38fbc280179aca91 14912 -4108 -2398094556 339854536 -497686344 3511793526 -604504064 1 100
2278 af59671d3dc89a0b 14947 -4122 -2398094556 339854536 -497686344 3511793526 -604504064 1 101
2279 99f88403bc2c279b 14982 -4136 -2398094556 339854536 -497686344 3511793526 -604504064 1 102
2280 215967ec3400e4bd 15017 -4150 -2398094556 339854536 -497686344 3511793526 -604504064 1 103
2281 87f1d12f294afe49 15052 -4164 -2398094556 339854536 -497686344 3511793526 -604504064 1 104
2282 916648e615028ef6 15087 -4178 -2398094556 339854536 -497686344 3511793526 -604504064 1 105
2283 f56cdf6b35e4b74f 15122 -4192 -2398094556 339854536 -497686344 3511793526 -604504064 1 106
2284 bead6f18611d1da2 15157 -4206 -2398094556 339854536 -497686344 3511793526 -604504064 1 107
2285 88850f143e2a60c8 15192 -4220 -2398094556 339854536 -497686344 3511793526 -604504064 1 108
2286 3ee3b8ff939f8885 15227 -4234 -2398094556 339854536 -497686344 3511793526 -604504064 1 109
2287 a055a3fbefcc2934 15262 -4248 -2398094556 339854536 -497686344 3511793526 -604504064 1 110
2288 2f9b27f98d212080 15297 -4261 -2408069645 340368665 -495446585 3505228453 -602931200 1 111
2289 db0da13246f81eac 15332 -4274 -2431415320 341549583 -490210488 3489699295 -599261184 1 112
2290 33810290c315900c 15368 -4286 -2465243852 341086305 -479741884 3467394509 -590348288 1 113
2291 358c46b14b938f45 15404 -4297 -2529323922 342403377 -463390606 3423053264 -577765376 1 114
2292 9c24f4c3702fcc27 15441 -4306 -2609178938 350619249 -451956261 3363291694 -573571072 1 115
2293 44140a8ad7b1f5aa 15478 -4315 -2631394970 368003701 -467375809 3341951184 -596639744 1 116
2294 813bef67a047ac13 15515 -4323 -2646723624 377067426 -474105783 3327858469 -607649792 1 117
2295 f01923ad8d0a8739 15552 -4331 -2658844219 387739540 -483513429 3315594110 -621805568 1 118
2296 8a3e8c62c3ab0194 15589 -4338 -2674604656 398377425 -491593546 3300434095 -634912768 1 119
2297 161f1c006ba6fa30 15626 -4345 -2683278267 406368089 -498461371 3291377075 -645398528 1 120
2298 7c8a64c7f65f15d4 15663 -4352 -2686142587 409150110 -500874322 3288328326 -649068544 1 121
2299 e94a292c000a6053 15700 -4359 -2686142586 409150110 -500874322 3288328325 -649068544 1 122
2300 6fed7f2d389a79e0 15737 -4366 -2675190494 408150200 -503025068 3297040960 -650117120 1 123
2301 fa762e21d9672b24 15774 -4374 -2646293528 399775677 -501777118 3321486680 -643825664 1 124
2302 255ea22daabc9c8a 15811 -4383 -2607744065 392975283 -505151586 3352134733 -642252800 1 125
2303 cb966b608894234e 15847 -4393 -2568864478 397063779 -522275650 3378941826 -658505728 1 126
2304 d1c1f71c5cb222bc 15883 -4404 -2528303431 404077055 -544214306 3405139991 -680525824 1 127
2305 255af93951a390a3 15919 -4415 -2504081864 405850585 -554482230 3421133270 -689963008 1 128
2306 a24b0ed92727acc0 15954 -4426 -2487618714 404117289 -557665245 3432811661 -691535872 1 129
2307 6a14759a18460a4a 15989 -4438 -2460038023 403953080 -566704124 3451177385 -698875904 1 130
2308 b346611ebf35a44a 16024 -4451 -2414510985 405866409 -584959168 3479939080 -715128832 1 131
2309 41679a7dea08d096 16058 -4465 -2365586228 404474969 -600312672 3510950095 -727187456 1 132
2310 394e7836f875bb8d 16092 -4480 -2305242656 399372518 -614839671 3548953950 -736624640 1 133
2311 841928dae0f4869f 16126 -4495 -2305242656 399372518 -614839671 3548953950 -736624640 1 134
2312 c389ac9e602b8e32 16160 -4510 -2305242656 399372518 -614839671 3548953950 -736624640 1 135
2313 ed5f1da46df7a38c 16194 -4525 -2305242656 399372518 -614839671 3548953950 -736624640 1 136
2314 7e08fd8d173e2b90 16228 -4540 -2305242656 399372518 -614839671 3548953950 -736624640 1 137
2315 69eea6a394c36c79 16262 -4555 -2305242656 399372518 -614839671 3548953950 -736624640 1 138
2316 1e29bee2ed7f7db0 16296 -4570 -2305242656 399372518 -614839671 3548953950 -736624640 1 139
2317 b370b9e055ee5b72 16330 -4585 -2305242656 399372518 -614839671 3548953950 -736624640 1 140
2318 277a8a7274320484 16364 -4600 -2305242656 399372518 -614839671 3548953950 -736624640 1 141
2319 fc1527ac84d510db 16398 -4615 -2305242656 399372518 -614839671 3548953950 -736624640 1 142
2320 0f2bdbce6affbd50 16432 -4630 -2305242656 399372518 -614839671 3548953950 -736624640 1 143
2321 49b774005189630a 16466 -4645 -2305242656 399372518 -614839671 3548953950 -736624640 1 144
2322 a66c1461f4252c38 16500 -4660 -2305242656 399372518 -614839671 3548953950 -736624640 1 145
2323 6459813f743246b0 16534 -4675 -2305242656 399372518 -614839671 3548953950 -736624640 1 146
2324 048213b2c714ab77 16568 -4690 -2305242656 399372518 -614839671 3548953950 -736624640 1 147
2325 18ad960b1a9f1a7a 16602 -4705 -2305242656 399372518 -614839671 3548953950 -736624640 1 148
2326 90df023a391a685c 16636 -4720 -2305242656 399372518 -614839671 3548953950 -736624640 1 149
2327 cf72a0039bba3c08 16670 -4735 -2305242656 399372518 -614839671 3548953950 -736624640 1 150
2328 8815f7eee491f8c5 16704 -4750 -2305242656 399372518 -614839671 3548953950 -736624640 1 151
2329 0ffb2bc1a24f69a6 16738 -4765 -2305242656 399372518 -614839671 3548953950 -736624640 1 152
2330 aec26602e347fc51 16772 -4780 -2305242656 399372518 -614839671 3548953950 -736624640 1 153
2331 2371c9f79fc83c88 16806 -4795 -2305242656 399372518 -614839671 3548953950 -736624640 1 154
2332 794e69671042a556 16840 -4810 -2305242656 399372518 -614839671 3548953950 -736624640 1 155
2333 f1f87bf8a68354a2 16874 -4825 -2305242656 399372518 -614839671 3548953950 -736624640 1 156
2334 7c5efecbfa218973 16908 -4840 -2305242656 399372518 -614839671 3548953950 -736624640 1 157
2335 b6328660dee6da93 16942 -4855 -2305242656 399372518 -614839671 3548953950 -736624640 1 158
2336 cc822104d8c96289 16976 -4870 -2305242656 399372518 -614839671 3548953950 -736624640 1 159
2337 37906ce0cdc8dc09 17010 -4885 -2305242656 399372518 -614839671 3548953950 -736624640 1 160
2338 b31a18a8aabe8bc3 17044 -4900 -2305242656 399372518 -614839671 3548953950 -736624640 1 161
2339 8dd976045f04f058 17078 -4915 -2305242656 399372518 -614839671 3548953950 -736624640 1 162
2340 3c378347d77aef06 17112 -4930 -2305242656 399372518 -614839671 3548953950 -736624640 1 163
2341 5b1028942406e3e8 17146 -4945 -2305242656 399372518 -614839671 3548953950 -736624640 1 164
2342 79ab9681c10df9ca 17180 -4960 -2305242656 399372518 -614839671 3548953950 -736624640 1 165
2343 c1af4128400cb925 17214 -4975 -2305242656 399372518 -614839671 3548953950 -736624640 1 166
2344 c7185407ba83be21 17248 -4990 -2305242656 399372518 -614839671 3548953950 -736624640 1 167
2345 4909f5126e257c73 17282 -5005 -2305242656 399372518 -614839671 3548953950 -736624640 1 168
2346 fd203d3f35b8b9ee 17316 -5020 -2305242656 399372518 -614839671 3548953950 -736624640 1 169
2347 256998706f09e531 17350 -5035 -2305242656 399372518 -614839671 3548953950 -736624640 1 170
2348 d59c58397ab059e2 17384 -5050 -2305242656 399372518 -614839671 3548953950 -736624640 1 171
2349 09c1da6a1e54da30 17418 -5065 -2305242656 399372518 -614839671 3548953950 -736624640 1 172
2350 059e8d1918af5be0 17452 -5079 -2343428931 404809615 -608793543 3524284966 -734527488 1 173
2351 4bf5871e4c159c1b 17487 -5091 -2452818687 418465780 -588744025 3450897191 -725614592 1 174
2352 2ac58ba8d005be28 17523 -5101 -2570560853 423068511 -554533661 3369342136 -700448768 1 175
2353 ba977df860ec4a01 17560 -5108 -2670550953 424137355 -523409479 3295610976 -676331520 1 176
2354 5446d81fa7813142 17597 -5113 -2778243526 429774491 -496392901 3208893105 -659030016 1 177
2355 85db298ecfdb0cde 17635 -5115 -2918667417 441652258 -466771800 3084670478 -644874240 1 178
2356 83db955fbaa80315 17673 -5115 -3020652592 453690626 -448467014 2985874101 -640155648 1 179
2357 69590d520c5de501 17710 -5113 -3122927779 467103068 -430664180 2879307078 -637534208 1 180
2358 2e28ade7fc043476 17747 -5108 -3198592643 477222925 -417062271 2795365184 -635961344 1 181
2359 a9322bc0d66eb9a2 17784 -5101 -3282282127 488070976 -401054116 2697092959 -633864192 1 182
2360 bc6275468eb9f67f 17821 -5093 -3326961099 492224333 -390961898 2642524914 -630718464 1 183
2361 0dac73a06eae44e3 17858 -5084 -3365537296 494153876 -380921179 2594342649 -625999872 1 184
2362 1622d5b5a42f7441 17894 -5074 -3393695360 494903139 -373092950 2558407398 -621805568 1 185
2363 d77638c9bb3e6066 17930 -5063 -3422323621 493959315 -363940377 2521506831 -615514112 1 186
2364 e3ca15a6fb8ee74c 17966 -5052 -3443070577 493092955 -357208998 2494247411 -610795520 1 187
2365 1c9b211832bc0b30 18002 -5040 -3463295092 492107055 -350575022 2467237115 -606076928 1 188
2366 93166a6d7c1114f9 18038 -5028 -3482767630 490537439 -343800833 2440952216 -600834048 1 189
2367 89209e7369ddf8b9 18073 -5015 -3510505835 488327340 -334225207 2402690737 -593494016 1 190
2368 717d72e47c19d9ea 18108 -5001 -3544385793 485103967 -322284859 2354756895 -584056832 1 191
2369 d412b115772da7ac 18143 -4986 -3576420442 479707439 -309663099 2308668540 -572522496 1 192
2370 b9822e7b2406ad8b 18177 -4970 -3602700116 470255358 -296454256 2271182670 -557318144 1 193
2371 8ae74c086ca7947d 18211 -4953 -3634918216 458224137 -280343619 2223859647 -538443776 1 194
2372 a6cec96befdd19f3 18245 -4935 -3660848788 447426240 -267027026 2184819570 -522190848 1 195
2373 3df66fb8da12fba3 18278 -4917 -3681259034 440801787 -257774561 2152747560 -511705088 1 196
2374 deccc7e4648e1003 18311 -4898 -3695552697 434278969 -250345055 2130343508 -502267904 1 197
2375 594974f717332d71 18344 -4879 -3708658338 429853581 -244449638 2109044258 -495452160 1 198
2376 00330c18fce47e32 18377 -4859 -3726976619 423679711 -236306318 2078712145 -486014976 1 199
2377 0a1033b30aea2cc3 18409 -4838 -3746930095 416221546 -227175887 2045094050 -475004928 1 200
2378 9ab087794b3c7843 18441 -4817 -3765818826 408549842 -218350409 2012650682 -463994880 1 201
2379 5f36bb79b3080505 18473 -4796 -3774293838 405740466 -214752130 1997675222 -459800576 1 202
2380 0137c19b0026b1f3 18505 -4775 -3774587171 405305916 -214458798 1997240672 -459276288 1 203
2381 b7594af8f657bd5e 18537 -4754 -3774587171 405305916 -214458798 1997240672 -459276288 1 204
2382 55ba6b1ae2dfdf16 18569 -4733 -3774587171 405305916 -214458798 1997240672 -459276288 1 205
2383 e0e656fc52a82593 18601 -4711 -3777994906 405671830 -213765824 1990787055 -459276288 1 206
2384 042eee1e9f51beae 18633 -4689 -3785501299 406477848 -212229169 1976476291 -459276288 1 207
2385 8b6d69299b5e2c29 18665 -4667 -3786947897 406633180 -211931399 1973703178 -459276288 1 208
2386 bc2cd112af425ef9 18697 -4645 -3786067065 410278952 -213958914 1974419665 -463470592 1 209
2387 0db116798d48e58f 18729 -4624 -3770658985 436106460 -230892500 1996340328 -494403584 1 210
2388 97ad12cc66d03a1d 18761 -4604 -3727948951 473186188 -261876409 2063166563 -542113792 1 211
2389 2ef17451445461c7 18793 -4584 -3714751006 479807093 -269225034 2084387697 -551550976 1 212
2390 1744d05ce4e38107 18825 -4564 -3714751006 479807093 -269225034 2084387697 -551550976 1 213
2391 1ce42f5dcad11160 18857 -4544 -3714751006 479807093 -269225034 2084387697 -551550976 1 214
2392 25dc946ac5378c5d 18889 -4524 -3714751006 479807093 -269225034 2084387697 -551550976 1 215
2393 21ff62a06271ad07 18921 -4504 -3714751006 479807093 -269225034 2084387697 -551550976 1 216
2394 7541b2e90465682b 18953 -4484 -3714751006 479807093 -269225034 2084387697 -551550976 1 217
2395 080c5d990454fa2d 18985 -4464 -3714751006 479807093 -269225034 2084387697 -551550976 1 218
2396 419a1cf1d8ac04fb 19017 -4444 -3714751006 479807093 -269225034 2084387697 -551550976 1 219
2397 79d191279e0e2c0a 19049 -4424 -3714751006 479807093 -269225034 2084387697 -551550976 1 220
2398 a9062daf7b792a51 19081 -4404 -3714751006 479807093 -269225034 2084387697 -551550976 1 221
2399 01447e7ace15a517 19113 -4384 -3714751006 479807093 -269225034 2084387697 -551550976 1 222
2400 8739fa3156d33c9b 19145 -4364 -3714751006 479807093 -269225034 2084387697 -551550976 1 223
2401 dac3e2845f5012bf 19177 -4344 -3714751006 479807093 -269225034 2084387697 -551550976 1 224
2402 200e0217764c17ea 19209 -4324 -3714751006 479807093 -269225034 2084387697 -551550976 1 225
2403 08d6f9d6c0ebc137 19241 -4304 -3714751006 479807093 -269225034 2084387697 -551550976 1 226
2404 c1697683d0d9e11b 19273 -4284 -3714751006 479807093 -269225034 2084387697 -551550976 1 227
2405 3c45748c62e28b27 19305 -4264 -3714751006 479807093 -269225034 2084387697 -551550976 1 228
2406 ec8d941c8dbecde4 19337 -4244 -3714751006 479807093 -269225034 2084387697 -551550976 1 229
2407 4278118276b7e916 19369 -4224 -3714751006 479807093 -269225034 2084387697 -551550976 1 230
2408 cf134c82592b9acb 19401 -4204 -3714751006 479807093 -269225034 2084387697 -551550976 1 231
2409 e52f85f1963a19ed 19433 -4184 -3714751006 479807093 -269225034 2084387697 -551550976 1 232
2410 f1415864bf0e7fb1 19465 -4164 -3714751006 479807093 -269225034 2084387697 -551550976 1 233
2411 24a7f09ded6be558 19497 -4144 -3714751006 479807093 -269225034 2084387697 -551550976 1 234
2412 dec9363958450616 19529 -4124 -3714751006 479807093 -269225034 2084387697 -551550976 1 235
2413 c909336f9495a30d 19561 -4104 -3727269403 480498872 -265846871 2062196194 -550502400 1 236
2414 1d6273e6690215d3 19592 -4083 -3765591704 479832555 -253967889 1993069046 -544210944 1 237
2415 20c027a64ad85eec 19623 -4061 -3806020536 478375617 -240919189 1916785451 -536870912 1 238
2416 a93cbaa072b73922 19653 -4037 -3839881859 476443026 -229538889 1849963601 -530055168 1 239
2417 053ee95fc06326e3 19682 -4013 -3863487753 472190451 -220289330 1802419275 -522190848 1 240
2418 4d0d8653afd74a5b 19711 -3988 -3887775676 467935440 -210838423 1751721424 -514326528 1 241
2419 f0a5e95f2b776fca 19739 -3962 -3908378791 467511450 -204091107 1706194351 -511180800 1 242
2420 2dae48995f2ad44a 19766 -3935 -3928737696 468001072 -197673878 1659416831 -509083648 1 243
2421 6c9b0d9445dc6570 19793 -3908 -3942689412 468686834 -193328059 1626315218 -508035072 1 244
2422 497e9b4442417615 19819 -3881 -3954104747 470043831 -190004957 1598360608 -508035072 1 245
2423 04d21c7c39af0ffb 19845 -3853 -3964727007 469834171 -186326671 1572330135 -506462208 1 246
2424 9dbf267220c70c17 19871 -3825 -3975349071 468140658 -182093147 1546295652 -503316480 1 247
2425 f5f43c90f50a014b 19896 -3796 -3988247864 464724360 -176467176 1514435092 -498073600 1 248
2426 40eddd67262605c6 19921 -3767 -3999673439 460612982 -171120596 1485903723 -492306432 1 249
2427 ec86f268d177cb03 19946 -3738 -4008112257 458610507 -167515585 1464033859 -489160704 1 250
2428 b5fd40d665aec1e8 19970 -3708 -4015956656 456031877 -163928650 1443606086 -485490688 1 251
2429 e126038b89e863c9 19994 -3678 -4026921834 452796431 -159030533 1414329980 -480772096 1 252
2430 94bd775f98b2d7dd 20017 -3648 -4039461452 447217101 -152851949 1380626089 -473432064 1 253
2431 e8834c8916a76509 20040 -3617 -4052750887 445683939 -147604018 1342212054 -470286336 1 254
2432 e94259b48671fa74 20062 -3586 -4068206116 445875783 -141951688 1295178588 -468713472 1 255
2433 7dbcf23c703af49d 20083 -3554 -4083690945 443537470 -135444813 1247053146 -464519168 1 256
2434 0a7976c165667a00 20104 -3522 -4095596251 437244310 -129216883 1210353597 -456654848 1 257
2435 7d72b7d77c08d5a4 20124 -3489 -4105722428 430723375 -123639295 1178549159 -448790528 1 258
2436 9aefc4180648d0fe 20144 -3456 -4113716776 428516145 -119954043 1151548220 -445644800 1 259
2437 b530c0d194e7c057 20163 -3423 -4125797377 423666258 -113980631 1109979908 -439353344 1 260
2438 ad6807b1025eaf7e 20181 -3389 -4137816440 420307103 -108303751 1066222966 -434634752 1 261
2439 572470430649204d 20199 -3355 -4148384018 420357312 -103841173 1024778440 -433586176 1 262
2440 10888d9f901ca09a 20216 -3320 -4158193347 421351295 -99731366 984219947 -433586176 1 263
2441 f75be6ce93e55623 20232 -3285 -4165844849 420071736 -96023181 952260496 -431489024 1 264
2442 efda70f89bcfef38 20248 -3250 -4170586947 417978666 -93453142 932474630 -428867584 1 265
2443 0288182e4bb8234d 20264 -3215 -4173300896 418250660 -92228199 920252164 -428867584 1 266
2444 1df8081115fcac08 20280 -3180 -4175757218 418496834 -91104639 909041291 -428867584 1 267
2445 521ff4f81f84a42d 20295 -3145 -4178730630 418794831 -89724829 895273557 -428867584 1 268
2446 6cbc80990a84b53d 20310 -3110 -4183158977 419238643 -87627712 874348549 -428867584 1 269
2447 1dc7daedb9b7adc7 20325 -3075 -4187535423 420193567 -85581283 852880039 -429391872 1 270
2448 b1c559a532bf8cbf 20339 -3039 -4193368262 420778857 -82655572 823723195 -429391872 1 271
2449 f46f52feda7eb4da 20353 -3003 -4200630591 422543483 -78991645 785279590 -430440448 1 272
2450 33d42b815064516b 20366 -2967 -4210504801 421979257 -73301857 731405317 -428867584 1 273
2451 d0beb0176bc35a1c 20378 -2930 -4217108822 422641116 -69384025 692313224 -428867584 1 274
2452 451190b5861996b2 20390 -2893 -4220766420 423007683 -67113012 669653078 -428867584 1 275
2453 e4f8f67aac2d2d90 20401 -2856 -4222279256 422638715 -66102779 660385414 -428343296 1 276
2454 ec387547e813363e 20412 -2819 -4223584464 421727909 -65169454 652669026 -427294720 1 277
2455 b7b2806c1a596677 20423 -2782 -4224350416 421283588 -64626985 648036360 -426770432 1 278
2456 d8196b877524079b 20434 -2745 -4225373474 421385615 -63958364 641331872 -426770432 1 279
2457 399f7c9153a88deb 20445 -2708 -4226540702 421502020 -63186678 633593920 -426770432 1 280
2458 471e53871fde8e54 20456 -2671 -4228151013 421662612 -62105963 622757236 -426770432 1 281
2459 d43b1a6bae5a2192 20466 -2634 -4229974088 423930484 -61013143 608788654 -428867584 1 282
2460 b4af5acc638b2939 20476 -2597 -4231365212 425635097 -60145180 597921263 -430440448 1 283
2461 5d40dbb9197b739f 20486 -2560 -4232236532 425722744 -59521627 591722340 -430440448 1 284
2462 bac904388def9d24 20496 -2523 -4232452944 425744513 -59365719 590172409 -430440448 1 285
2463 ab7b63b0a81d8ae0 20506 -2486 -4232596903 425758994 -59261776 589139078 -430440448 1 286
2464 a305ff8543489cd5 20516 -2449 -4232668787 425766225 -59209803 588622399 -430440448 1 287
2465 b4eefc3b90e850cf 20526 -2412 -4233027266 425802284 -58949925 586038873 -430440448 1 288
2466 bfec7da2624c2b38 20536 -2375 -4233085370 427374074 -59008030 584467083 -432013312 1 289
2467 3698ed41016cfb73 20546 -2338 -4233370250 427402836 -58799344 582400077 -432013312 1 290
2468 4de1047b8518bfe0 20556 -2301 -4233672721 427955454 -58609245 579808974 -432537600 1 291
2469 bff4b929c45d4caa 20566 -2264 -4233884770 427976889 -58452519 578258518 -432537600 1 292
2470 490ce7aa9cfecaa1 20576 -2227 -4233955326 427984021 -58400275 577741682 -432537600 1 293
2471 7aa36345413ad8bb 20586 -2190 -4233955326 427984021 -58400275 577741682 -432537600 1 294
2472 565c96fa975b3391 20596 -2153 -4233955326 427984021 -58400275 577741682 -432537600 1 295
2473 4276b9f698433612 20606 -2116 -4233955326 427984021 -58400275 577741682 -432537600 1 296
2474 d4988b1778661011 20616 -2079 -4233955326 427984021 -58400275 577741682 -432537600 1 297
2475 00fdd2e03480321c 20626 -2042 -4233955326 427984021 -58400275 577741682 -432537600 1 298
2476 08f50b3248778d30 20636 -2005 -4233955326 427984021 -58400275 577741682 -432537600 1 299
2477 cbd39a09c612cb2e 20646 -1968 -4233955326 427984021 -58400275 577741682 -432537600 1 300
2478 8ade626a9deccd80 20656 -1931 -4233955326 427984021 -58400275 577741682 -432537600 1 301
2479 7bf4e9ca86322483 20666 -1894 -4233955326 427984021 -58400275 577741682 -432537600 1 302
2480 64954d486f0ade3a 20676 -1857 -4233955326 427984021 -58400275 577741682 -432537600 1 303
2481 1809d29fbbe2fde5 20686 -1820 -4233955326 427984021 -58400275 577741682 -432537600 1 304
2482 ac0072651c171318 20696 -1783 -4233955326 427984021 -58400275 577741682 -432537600 1 305
2483 ec54e118c5e5252c 20706 -1746 -4233955326 427984021 -58400275 577741682 -432537600 1 306
2484 bf867335f189c5e1 20716 -1709 -4233071139 428938695 -59117343 583411984 -433586176 1 307
2485 f3b1adc4acf778d5 20726 -1672 -4229498037 433793251 -62054295 605031490 -438829056 1 308
2486 ba9af761b14933b7 20737 -1635 -4220405159 444838028 -69296436 657450755 -450887680 1 309
2487 757a1718dd5ade6c 20750 -1599 -4207913485 451313406 -78112840 728301289 -458752000 1 310
2488 138b21129c1b8d40 20764 -1563 -4194506248 450393355 -86075748 801622230 -459276288 1 311
2489 bffe3a2e8bca77ad 20779 -1528 -4187265332 447030846 -89682737 840043773 -456654848 1 312
2490 f30bdb45021756dd 20794 -1493 -4186798653 436645538 -88431257 847927887 -446169088 1 313
2491 d7fc8cf146a66176 20809 -1458 -4187798604 420736395 -85530114 851323916 -429916160 1 314
2492 2898a7f4bd1e2ca9 20824 -1422 -4189539667 399742159 -81414715 853275629 -408420352 1 315
2493 fb080460e3a72e73 20839 -1386 -4189295917 388884621 -79796843 859619108 -397410304 1 316
2494 066c50ab7ac5d654 20854 -1351 -4187409140 385100819 -80049733 870424130 -393740288 1 317
2495 ffafaddb08227831 20869 -1316 -4183032137 383153505 -81696427 891911037 -392167424 1 318
2496 d2a1ceab40c5f5b7 20885 -1281 -4175258400 382441454 -84967342 927620855 -392167424 1 319
2497 096b58bf3377f1af 20902 -1246 -4159528479 381000639 -91210897 995784108 -392167424 1 320
2498 c0202fccac47c564 20921 -1212 -4140377531 380265807 -98478835 1072248950 -393216000 1 321
2499 bd15776935284f26 20941 -1179 -4120800271 379482331 -105426454 1144826458 -394264576 1 322
2500 6396d8bf398c7698 20962 -1147 -4101774760 378235239 -111674517 1211055239 -394788864 1 323
2501 3928610be033401d 20983 -1115 -4090893882 379750142 -115709180 1246488080 -397410304 1 324
2502 76c829ad9d69f991 21005 -1083 -4082574000 382496690 -119204562 1272328638 -401080320 1 325
2503 20ece8928f28f753 21027 -1051 -4076347391 384925338 -121923246 1291163515 -404226048 1 326
2504 0af4d3a80b2bff2c 21049 -1019 -4074451667 384746327 -122486970 1297133335 -404226048 1 327
2505 1a9f5c15bf76f17e 21071 -987 -4074293295 384731372 -122533935 1297630695 -404226048 1 328
2506 69c795c6b06462f8 21093 -955 -4074293295 384731372 -122533935 1297630695 -404226048 1 329
2507 ba250c272cf3c608 21115 -924 -4072247000 386042794 -123574757 1303552332 -405798912 1 330
2508 8b07fe973c677f96 21137 -893 -4070528680 388888245 -124956795 1307934277 -408944640 1 331
2509 4c84126d254aea96 21159 -862 -4069331568 391280415 -126041687 1310838584 -411566080 1 332
2510 feec65519c79815b 21181 -831 -4067697510 393127933 -127113710 1315246581 -413663232 1 333
2511 0481c5f063782a17 21203 -800 -4064508932 395824722 -128947032 1324087107 -416808960 1 334
2512 a2fdeacbd04df000 21226 -769 -4060713162 399458598 -131264455 1334374444 -421003264 1 335
2513 91109040b94a8639 21249 -738 -4057920437 402685184 -133142180 1341694303 -424673280 1 336
2514 e8967bca62f8fe8d 21249 -738 -4056624790 404056876 -133978826 1345112299 -426246144 0 0
2515 f351bf570c21eb31 21249 -738 -4055555721 406450417 -135047895 1347505840 -428867584 0 1
2516 2ff276c05f98a6c0 21249 -738 -4054418609 407836196 -135840101 1350426200 -430440448 0 2
2517 4a2b2fcd4a1c168a 21249 -738 -4052070980 409598715 -137149643 1356791699 -432537600 0 3
2518 1b0b757a5f0dcbbf 21249 -738 -4047944871 412176952 -139301130 1368061310 -435683328 0 4
2519 a294e77bfbb29555 21249 -738 -4044626365 414832359 -141214926 1376849336 -438829056 0 5
2520 0904b28aab031a63 21249 -738 -4042790505 416140211 -142227223 1381733602 -440401920 0 6
2521 8083733d79957687 21249 -738 -4042790505 416140211 -142227223 1381733602 -440401920 0 7
2522 1d617bc92081ecef 21249 -738 -4042790505 416140211 -142227223 1381733602 -440401920 0 8
2523 1d617bc92081ecef 21249 -738 -4042790505 416140211 -142227223 1381733602 -440401920 0 9
2524 242b5df0200049b9 21249 -738 -4042284228 416088098 -142379609 1383214023 -440401920 0 10
2525 680ec6af679d3d39 21249 -738 -4040660479 416917925 -143175429 1387619258 -441450496 0 11
2526 c64e62ed1324fd14 21249 -738 -4040270665 417376158 -143446718 1388588206 -441974784 0 12
2527 b3abb9b388e5e158 21249 -738 -4040270665 417376158 -143446718 1388588206 -441974784 0 13
2528 b3abb9b388e5e158 21249 -738 -4040270665 417376158 -143446718 1388588206 -441974784 0 14
2529 b3abb9b388e5e158 21249 -738 -4040270665 417376158 -143446718 1388588206 -441974784 0 15
2530 a1c0520c981266e6 21249 -738 -4040270665 417376158 -143446718 1388588206 -441974784 0 16
2531 a1c0520c981266e6 21249 -738 -4040270665 417376158 -143446718 1388588206 -441974784 0 17
2532 a1c0520c981266e6 21249 -738 -4040270665 417376158 -143446718 1388588206 -441974784 0 18
2533 3eace7273bae2f2d 21249 -738 -4040270665 417376158 -143446718 1388588206 -441974784 0 19
2534 3eace7273bae2f2d 21249 -738 -4040270665 417376158 -143446718 1388588206 -441974784 0 20
2535 3eace7273bae2f2d 21249 -738 -4040270665 417376158 -143446718 1388588206 -441974784 0 21
2536 3eace7273bae2f2d 21249 -738 -4040270665 417376158 -143446718 1388588206 -441974784 0 22
2537 80609e4b1dfdf466 21249 -738 -4039490160 418292282 -143989986 1390525716 -443023360 0 23
2538 4ba5e56175fc549d 21249 -738 -4039150556 418257116 -144092104 1391511878 -443023360 0 24
2539 4ba5e56175fc549d 21249 -738 -4039150556 418257116 -144092104 1391511878 -443023360 0 25
2540 4ba5e56175fc549d 21249 -738 -4039150556 418257116 -144092104 1391511878 -443023360 0 26
2541 4ba5e56175fc549d 21249 -738 -4039150556 418257116 -144092104 1391511878 -443023360 0 27
2542 4ba5e56175fc549d 21249 -738 -4039150556 418257116 -144092104 1391511878 -443023360 0 28
2543 4ba5e56175fc549d 21249 -738 -4039150556 418257116 -144092104 1391511878 -443023360 0 29
2544 4ba5e56175fc549d 21249 -738 -4039150556 418257116 -144092104 1391511878 -443023360 0 30
2545 1cef24b26f5a3f93 21249 -738 -4039150556 418257116 -144092104 1391511878 -443023360 0 31
2546 1cef24b26f5a3f93 21249 -738 -4039150556 418257116 -144092104 1391511878 -443023360 0 32
2547 1cef24b26f5a3f93 21249 -738 -4039150556 418257116 -144092104 1391511878 -443023360 0 33
2548 1cef24b26f5a3f93 21249 -738 -4039150556 418257116 -144092104 1391511878 -443023360 0 34
2549 1cef24b26f5a3f93 21249 -738 -4039150556 418257116 -144092104 1391511878 -443023360 0 35
2550 1cef24b26f5a3f93 21249 -738 -4039150556 418257116 -144092104 1391511878 -443023360 0 36
2551 c3e1c156ec9a073c 21249 -738 -4039150556 418257116 -144092104 1391511878 -443023360 0 37
2552 7985072a931b51bd 21249 -738 -4039099469 418750173 -144261965 1391494278 -443547648 0 38
2553 7985072a931b51bd 21249 -738 -4039099469 418750173 -144261965 1391494278 -443547648 0 39
2554 7985072a931b51bd 21249 -738 -4039099469 418750173 -144261965 1391494278 -443547648 0 40
2555 7985072a931b51bd 21249 -738 -4039099469 418750173 -144261965 1391494278 -443547648 0 41
2556 7985072a931b51bd 21249 -738 -4039099469 418750173 -144261965 1391494278 -443547648 0 42
2557 82753f6e59399cb2 21249 -738 -4038997115 419736269 -144601681 1391459016 -444596224 0 43
2558 bb29a68d04207df4 21249 -738 -4039367498 422765459 -145414366 1389380551 -447741952 0 44
2559 abf0946791c0e55a 21249 -738 -4039315861 423258543 -145583967 1389362790 -448266240 0 45
2560 1e0509f57656246a 21249 -738 -4039315861 423258543 -145583967 1389362790 -448266240 0 46
2561 1e0509f57656246a 21249 -738 -4039315861 423258543 -145583967 1389362790 -448266240 0 47
2562 1e0509f57656246a 21249 -738 -4039315861 423258543 -145583967 1389362790 -448266240 0 48
2563 a48c3baea9ff17c6 21249 -738 -4040528617 426377716 -146133183 1384817569 -451411968 0 49
