# URDRVXC1 coarseness census — one row per declared camera state, emitted by
# voxcoarse.generate(), committed as an artifact, re-derived by the gate.
# columns: index eye_x eye_y eye_z fwd_x fwd_y fwd_z colour_digest depth_digest
# world 29afd3369106966070bace50a9cb9e084607c14f9dc44c9bbd97a4fcc503715b
# lattice 216 positions x 8 orientations = 1728 states
0 -1536 -1536 -1536 1 0 0 5249544e3be4f0669cb9c5f5d900537f65fed11dc632e0939d1dedcb0d880243 2c15071e4d18cb440f22ce910f64d010fb4b9421ec240755d986e1e38fb7671a
1 -1536 -1536 -1536 -1 0 0 5249544e3be4f0669cb9c5f5d900537f65fed11dc632e0939d1dedcb0d880243 2c15071e4d18cb440f22ce910f64d010fb4b9421ec240755d986e1e38fb7671a
2 -1536 -1536 -1536 0 1 0 5249544e3be4f0669cb9c5f5d900537f65fed11dc632e0939d1dedcb0d880243 2c15071e4d18cb440f22ce910f64d010fb4b9421ec240755d986e1e38fb7671a
3 -1536 -1536 -1536 0 -1 0 5249544e3be4f0669cb9c5f5d900537f65fed11dc632e0939d1dedcb0d880243 2c15071e4d18cb440f22ce910f64d010fb4b9421ec240755d986e1e38fb7671a
4 -1536 -1536 -1536 1 1 0 1097f77ffd08063896004c4077fede5906cd661fb1e828aff19e6e758a6ed4e7 9210cbc732337f9a5248d3216abcddcb44e3658c025e10c394090054860f84a9
5 -1536 -1536 -1536 1 -1 0 5249544e3be4f0669cb9c5f5d900537f65fed11dc632e0939d1dedcb0d880243 2c15071e4d18cb440f22ce910f64d010fb4b9421ec240755d986e1e38fb7671a
6 -1536 -1536 -1536 2 1 -1 5249544e3be4f0669cb9c5f5d900537f65fed11dc632e0939d1dedcb0d880243 2c15071e4d18cb440f22ce910f64d010fb4b9421ec240755d986e1e38fb7671a
7 -1536 -1536 -1536 -1 2 -1 5249544e3be4f0669cb9c5f5d900537f65fed11dc632e0939d1dedcb0d880243 2c15071e4d18cb440f22ce910f64d010fb4b9421ec240755d986e1e38fb7671a
8 -1536 -1536 -512 1 0 0 17a61d03f3359d759901deb5da8b0a5f12991fc32118ae8d6c54efe9744b598c 4849b29ac48bf1da741458c5a90e05ffdfa6c259bc525816d2c2318584755b38
9 -1536 -1536 -512 -1 0 0 5249544e3be4f0669cb9c5f5d900537f65fed11dc632e0939d1dedcb0d880243 2c15071e4d18cb440f22ce910f64d010fb4b9421ec240755d986e1e38fb7671a
10 -1536 -1536 -512 0 1 0 5249544e3be4f0669cb9c5f5d900537f65fed11dc632e0939d1dedcb0d880243 2c15071e4d18cb440f22ce910f64d010fb4b9421ec240755d986e1e38fb7671a
11 -1536 -1536 -512 0 -1 0 5249544e3be4f0669cb9c5f5d900537f65fed11dc632e0939d1dedcb0d880243 2c15071e4d18cb440f22ce910f64d010fb4b9421ec240755d986e1e38fb7671a
12 -1536 -1536 -512 1 1 0 8c1abc36301a2746c775ef9231cef7732baf7c6792e86eb4abafcedc648b2e13 819e8b50b1d3a818742d3ddaf0b25b672eb4de35b6b841828c4ea11b110075e5
13 -1536 -1536 -512 1 -1 0 5249544e3be4f0669cb9c5f5d900537f65fed11dc632e0939d1dedcb0d880243 2c15071e4d18cb440f22ce910f64d010fb4b9421ec240755d986e1e38fb7671a
14 -1536 -1536 -512 2 1 -1 5249544e3be4f0669cb9c5f5d900537f65fed11dc632e0939d1dedcb0d880243 2c15071e4d18cb440f22ce910f64d010fb4b9421ec240755d986e1e38fb7671a
15 -1536 -1536 -512 -1 2 -1 5249544e3be4f0669cb9c5f5d900537f65fed11dc632e0939d1dedcb0d880243 2c15071e4d18cb440f22ce910f64d010fb4b9421ec240755d986e1e38fb7671a
16 -1536 -1536 512 1 0 0 873f71b4f943af37b714493919777d6084a8ef39c87c4dd293d304c16b64f38a e3b2566be2d6124bf2d22a1d9c7b9fbd0201948a7bc240ef30dbecfa79f71397
17 -1536 -1536 512 -1 0 0 5249544e3be4f0669cb9c5f5d900537f65fed11dc632e0939d1dedcb0d880243 2c15071e4d18cb440f22ce910f64d010fb4b9421ec240755d986e1e38fb7671a
18 -1536 -1536 512 0 1 0 5249544e3be4f0669cb9c5f5d900537f65fed11dc632e0939d1dedcb0d880243 2c15071e4d18cb440f22ce910f64d010fb4b9421ec240755d986e1e38fb7671a
19 -1536 -1536 512 0 -1 0 5249544e3be4f0669cb9c5f5d900537f65fed11dc632e0939d1dedcb0d880243 2c15071e4d18cb440f22ce910f64d010fb4b9421ec240755d986e1e38fb7671a
20 -1536 -1536 512 1 1 0 6fba1a4ed45488eeb9256d1569ad98b847d4044c439eef4a0e6342ea0329ef5b 7cf2872e3c26412c4a196eb375d38c51c46a36c1802ca03efc344ad49d1c89ef
21 -1536 -1536 512 1 -1 0 5249544e3be4f0669cb9c5f5d900537f65fed11dc632e0939d1dedcb0d880243 2c15071e4d18cb440f22ce910f64d010fb4b9421ec240755d986e1e38fb7671a
22 -1536 -1536 512 2 1 -1 823abf12e6b87c4dc6d5a837c489709340aa6ae25d2446df367aac78deed62ae 57038614b637a7339e0dd84d4e3f8eff24098f4adb6ffdce269a6cef334adb64
23 -1536 -1536 512 -1 2 -1 5249544e3be4f0669cb9c5f5d900537f65fed11dc632e0939d1dedcb0d880243 2c15071e4d18cb440f22ce910f64d010fb4b9421ec240755d986e1e38fb7671a
24 -1536 -1536 1536 1 0 0 211859af3ba639f178c362259efb7ca3ff154d69d2bcbac8c29679e9e01c0270 cd2ef26b2f46c9c99b718c5b239f3672f106e59a8e8df168de1b742a8477c25e
25 -1536 -1536 1536 -1 0 0 5249544e3be4f0669cb9c5f5d900537f65fed11dc632e0939d1dedcb0d880243 2c15071e4d18cb440f22ce910f64d010fb4b9421ec240755d986e1e38fb7671a
26 -1536 -1536 1536 0 1 0 5249544e3be4f0669cb9c5f5d900537f65fed11dc632e0939d1dedcb0d880243 2c15071e4d18cb440f22ce910f64d010fb4b9421ec240755d986e1e38fb7671a
27 -1536 -1536 1536 0 -1 0 5249544e3be4f0669cb9c5f5d900537f65fed11dc632e0939d1dedcb0d880243 2c15071e4d18cb440f22ce910f64d010fb4b9421ec240755d986e1e38fb7671a
28 -1536 -1536 1536 1 1 0 1e72ab6bb00a611cd431812f82c4f9716b2519192f449150f4efcc059fb3a494 bae7771fae28dfa5e9b93c2ae9de7b9e797f365965a7cd963ff678d2725b5378
29 -1536 -1536 1536 1 -1 0 5249544e3be4f0669cb9c5f5d900537f65fed11dc632e0939d1dedcb0d880243 2c15071e4d18cb440f22ce910f64d010fb4b9421ec240755d986e1e38fb7671a
30 -1536 -1536 1536 2 1 -1 2af34c18c6536ff5c4d01c08847bd27acda98ba223ba4ca89bf97b46cd522330 00bd1398a0276b1928dd7c3bd7912eadb3a6219a95f99da228fd2e9c52f52a36
31 -1536 -1536 1536 -1 2 -1 5249544e3be4f0669cb9c5f5d900537f65fed11dc632e0939d1dedcb0d880243 2c15071e4d18cb440f22ce910f64d010fb4b9421ec240755d986e1e38fb7671a
32 -1536 -1536 2560 1 0 0 0175d9c9c87c234daa2b29601e8f1d1131708be77b2e5d58ad1b6b7e21798f42 d49ec00a20be93862c6380288ad5a4ee1c81285105fc746c1ea8099708921fe7
33 -1536 -1536 2560 -1 0 0 5249544e3be4f0669cb9c5f5d900537f65fed11dc632e0939d1dedcb0d880243 2c15071e4d18cb440f22ce910f64d010fb4b9421ec240755d986e1e38fb7671a
34 -1536 -1536 2560 0 1 0 5249544e3be4f0669cb9c5f5d900537f65fed11dc632e0939d1dedcb0d880243 2c15071e4d18cb440f22ce910f64d010fb4b9421ec240755d986e1e38fb7671a
35 -1536 -1536 2560 0 -1 0 5249544e3be4f0669cb9c5f5d900537f65fed11dc632e0939d1dedcb0d880243 2c15071e4d18cb440f22ce910f64d010fb4b9421ec240755d986e1e38fb7671a
36 -1536 -1536 2560 1 1 0 84a3c5042ef9522631c80435349d458d6a870a9b310f1302a6c9c7914f0b5053 b8863f7d12ce89dae6becc77c538c16ecc030a2a307a92cfad9e8b78677d83de
37 -1536 -1536 2560 1 -1 0 5249544e3be4f0669cb9c5f5d900537f65fed11dc632e0939d1dedcb0d880243 2c15071e4d18cb440f22ce910f64d010fb4b9421ec240755d986e1e38fb7671a
38 -1536 -1536 2560 2 1 -1 5af356409c5ccd4f6a9bb0b4b72dc181d254e6eb39ac6397ec16bb64b2d0814e 839b0281820c654e15a30a7f2933648ee3601c81568d78c1d720ffeb31867eeb
39 -1536 -1536 2560 -1 2 -1 5249544e3be4f0669cb9c5f5d900537f65fed11dc632e0939d1dedcb0d880243 2c15071e4d18cb440f22ce910f64d010fb4b9421ec240755d986e1e38fb7671a
40 -1536 -1536 4096 1 0 0 1182dcdc083d89402ed67cd70d13072917cbd8829693468ad5cc02090495df98 5155f8f9c85fbeed569a16069286905156b1695b3aaf01bd89e32ecbab805051
41 -1536 -1536 4096 -1 0 0 5249544e3be4f0669cb9c5f5d900537f65fed11dc632e0939d1dedcb0d880243 2c15071e4d18cb440f22ce910f64d010fb4b9421ec240755d986e1e38fb7671a
42 -1536 -1536 4096 0 1 0 5249544e3be4f0669cb9c5f5d900537f65fed11dc632e0939d1dedcb0d880243 2c15071e4d18cb440f22ce910f64d010fb4b9421ec240755d986e1e38fb7671a
43 -1536 -1536 4096 0 -1 0 5249544e3be4f0669cb9c5f5d900537f65fed11dc632e0939d1dedcb0d880243 2c15071e4d18cb440f22ce910f64d010fb4b9421ec240755d986e1e38fb7671a
44 -1536 -1536 4096 1 1 0 67792bf5ff3114660a6da5dbab14ac5223892246db1a56ae49198b37607d68ec d091106c0735b778b50867eea0419f559c8e315aba102ed25823c60b2e33bc89
45 -1536 -1536 4096 1 -1 0 5249544e3be4f0669cb9c5f5d900537f65fed11dc632e0939d1dedcb0d880243 2c15071e4d18cb440f22ce910f64d010fb4b9421ec240755d986e1e38fb7671a
46 -1536 -1536 4096 2 1 -1 133b398a25caec85459518b608b874c1d1b912f854703d3b3aea7d5f80f23eda cd02bb76fce65e0e7dcf88ad0bbae53e227802f581f08efbad08a367db198573
47 -1536 -1536 4096 -1 2 -1 5249544e3be4f0669cb9c5f5d900537f65fed11dc632e0939d1dedcb0d880243 2c15071e4d18cb440f22ce910f64d010fb4b9421ec240755d986e1e38fb7671a
48 -1536 -512 -1536 1 0 0 5249544e3be4f0669cb9c5f5d900537f65fed11dc632e0939d1dedcb0d880243 2c15071e4d18cb440f22ce910f64d010fb4b9421ec240755d986e1e38fb7671a
49 -1536 -512 -1536 -1 0 0 5249544e3be4f0669cb9c5f5d900537f65fed11dc632e0939d1dedcb0d880243 2c15071e4d18cb440f22ce910f64d010fb4b9421ec240755d986e1e38fb7671a
50 -1536 -512 -1536 0 1 0 5249544e3be4f0669cb9c5f5d900537f65fed11dc632e0939d1dedcb0d880243 2c15071e4d18cb440f22ce910f64d010fb4b9421ec240755d986e1e38fb7671a
51 -1536 -512 -1536 0 -1 0 5249544e3be4f0669cb9c5f5d900537f65fed11dc632e0939d1dedcb0d880243 2c15071e4d18cb440f22ce910f64d010fb4b9421ec240755d986e1e38fb7671a
52 -1536 -512 -1536 1 1 0 5249544e3be4f0669cb9c5f5d900537f65fed11dc632e0939d1dedcb0d880243 2c15071e4d18cb440f22ce910f64d010fb4b9421ec240755d986e1e38fb7671a
53 -1536 -512 -1536 1 -1 0 5249544e3be4f0669cb9c5f5d900537f65fed11dc632e0939d1dedcb0d880243 2c15071e4d18cb440f22ce910f64d010fb4b9421ec240755d986e1e38fb7671a
54 -1536 -512 -1536 2 1 -1 5249544e3be4f0669cb9c5f5d900537f65fed11dc632e0939d1dedcb0d880243 2c15071e4d18cb440f22ce910f64d010fb4b9421ec240755d986e1e38fb7671a
55 -1536 -512 -1536 -1 2 -1 5249544e3be4f0669cb9c5f5d900537f65fed11dc632e0939d1dedcb0d880243 2c15071e4d18cb440f22ce910f64d010fb4b9421ec240755d986e1e38fb7671a
56 -1536 -512 -512 1 0 0 5152dfc905c98f7c7f1b7efc2033862224ec041ac9563bd196f41809ff2fba61 ad8191390604196730ff82851621c195ded76e3f50dcc68bb76b6333b8540f96
57 -1536 -512 -512 -1 0 0 5249544e3be4f0669cb9c5f5d900537f65fed11dc632e0939d1dedcb0d880243 2c15071e4d18cb440f22ce910f64d010fb4b9421ec240755d986e1e38fb7671a
58 -1536 -512 -512 0 1 0 5249544e3be4f0669cb9c5f5d900537f65fed11dc632e0939d1dedcb0d880243 2c15071e4d18cb440f22ce910f64d010fb4b9421ec240755d986e1e38fb7671a
59 -1536 -512 -512 0 -1 0 5249544e3be4f0669cb9c5f5d900537f65fed11dc632e0939d1dedcb0d880243 2c15071e4d18cb440f22ce910f64d010fb4b9421ec240755d986e1e38fb7671a
60 -1536 -512 -512 1 1 0 e156d1cd27de5352a593656c6479ce7696534475280ff0949a02bd5608d98e1c e2d69bb404739ff7f911db742ed5b82e71d0c12e2ee1b4de5e46145737bc2fc1
61 -1536 -512 -512 1 -1 0 5249544e3be4f0669cb9c5f5d900537f65fed11dc632e0939d1dedcb0d880243 2c15071e4d18cb440f22ce910f64d010fb4b9421ec240755d986e1e38fb7671a
62 -1536 -512 -512 2 1 -1 5249544e3be4f0669cb9c5f5d900537f65fed11dc632e0939d1dedcb0d880243 2c15071e4d18cb440f22ce910f64d010fb4b9421ec240755d986e1e38fb7671a
63 -1536 -512 -512 -1 2 -1 5249544e3be4f0669cb9c5f5d900537f65fed11dc632e0939d1dedcb0d880243 2c15071e4d18cb440f22ce910f64d010fb4b9421ec240755d986e1e38fb7671a
64 -1536 -512 512 1 0 0 1ab2a719f67815ad1d8e2b7f1b8688fca7f4be4106270bd2559da538e94161da 25bb740ae38f65e46acfd4d320d3edda848bc8bca17bb50dcf0126aad6a82604
65 -1536 -512 512 -1 0 0 5249544e3be4f0669cb9c5f5d900537f65fed11dc632e0939d1dedcb0d880243 2c15071e4d18cb440f22ce910f64d010fb4b9421ec240755d986e1e38fb7671a
66 -1536 -512 512 0 1 0 5249544e3be4f0669cb9c5f5d900537f65fed11dc632e0939d1dedcb0d880243 2c15071e4d18cb440f22ce910f64d010fb4b9421ec240755d986e1e38fb7671a
67 -1536 -512 512 0 -1 0 5249544e3be4f0669cb9c5f5d900537f65fed11dc632e0939d1dedcb0d880243 2c15071e4d18cb440f22ce910f64d010fb4b9421ec240755d986e1e38fb7671a
68 -1536 -512 512 1 1 0 80b37e55214e08e78db898578289033a04f31a903668b00619c1983e384a89f3 92b47048df1ec743bbc0fe520ff71a23d4d1b0f18658c4b746b3027958361f58
69 -1536 -512 512 1 -1 0 5249544e3be4f0669cb9c5f5d900537f65fed11dc632e0939d1dedcb0d880243 2c15071e4d18cb440f22ce910f64d010fb4b9421ec240755d986e1e38fb7671a
70 -1536 -512 512 2 1 -1 c78eb32f684e554eed670dc2de47ca03161c464656bbd6a3b05421545105de0e 64754878c07bf1a7ff2129b12b1bb3f34333be783339d4107bc1aef4ee7f5c81
71 -1536 -512 512 -1 2 -1 5249544e3be4f0669cb9c5f5d900537f65fed11dc632e0939d1dedcb0d880243 2c15071e4d18cb440f22ce910f64d010fb4b9421ec240755d986e1e38fb7671a
72 -1536 -512 1536 1 0 0 242db7e8494a8f69efdb7ced4f50a05b443bf3d0c2870f2a8858f728d8ef10fa fadd3e907ff58b3bd58d2232d10d3eb62cee3f1c86b38bfe66001f99777463d5
73 -1536 -512 1536 -1 0 0 5249544e3be4f0669cb9c5f5d900537f65fed11dc632e0939d1dedcb0d880243 2c15071e4d18cb440f22ce910f64d010fb4b9421ec240755d986e1e38fb7671a
74 -1536 -512 1536 0 1 0 5249544e3be4f0669cb9c5f5d900537f65fed11dc632e0939d1dedcb0d880243 2c15071e4d18cb440f22ce910f64d010fb4b9421ec240755d986e1e38fb7671a
75 -1536 -512 1536 0 -1 0 5249544e3be4f0669cb9c5f5d900537f65fed11dc632e0939d1dedcb0d880243 2c15071e4d18cb440f22ce910f64d010fb4b9421ec240755d986e1e38fb7671a
76 -1536 -512 1536 1 1 0 bee3d65880ed8d6cb66a95ce4a260958b6d1aa5193f0f4ff341e50ca8352fe75 e9cd3dd9867af6554e1576e8c3dfa590d0ba825656122bc61077161ba13eee1b
77 -1536 -512 1536 1 -1 0 5249544e3be4f0669cb9c5f5d900537f65fed11dc632e0939d1dedcb0d880243 2c15071e4d18cb440f22ce910f64d010fb4b9421ec240755d986e1e38fb7671a
78 -1536 -512 1536 2 1 -1 25f4c3092051ca887465bca94de082680785f5a904a24cb27b34ad141d3d54c8 0aa63b9c67d8dc78d344827419a3b9131372c3ff486e0b2fd027f399eeb0c3f5
79 -1536 -512 1536 -1 2 -1 5249544e3be4f0669cb9c5f5d900537f65fed11dc632e0939d1dedcb0d880243 2c15071e4d18cb440f22ce910f64d010fb4b9421ec240755d986e1e38fb7671a
80 -1536 -512 2560 1 0 0 d99f3e3aff819fbea221343aff4d964a51ac032fb3d5efbedda780307f524f02 bcbbc09a99fc54a36153c7a2c8414de4c0801d3b7301fa77c9e949657491efac
81 -1536 -512 2560 -1 0 0 5249544e3be4f0669cb9c5f5d900537f65fed11dc632e0939d1dedcb0d880243 2c15071e4d18cb440f22ce910f64d010fb4b9421ec240755d986e1e38fb7671a
82 -1536 -512 2560 0 1 0 5249544e3be4f0669cb9c5f5d900537f65fed11dc632e0939d1dedcb0d880243 2c15071e4d18cb440f22ce910f64d010fb4b9421ec240755d986e1e38fb7671a
83 -1536 -512 2560 0 -1 0 5249544e3be4f0669cb9c5f5d900537f65fed11dc632e0939d1dedcb0d880243 2c15071e4d18cb440f22ce910f64d010fb4b9421ec240755d986e1e38fb7671a
84 -1536 -512 2560 1 1 0 c66b08cda4b6ad6acd7246a2048648c8e5bb7f43e5256dd9ea4079604ecd7b5b 1a7d9fe9ed70b6ec2c5ae51ed649ce1df4768e8dbe1a472aa4417decb9f6949a
85 -1536 -512 2560 1 -1 0 5249544e3be4f0669cb9c5f5d900537f65fed11dc632e0939d1dedcb0d880243 2c15071e4d18cb440f22ce910f64d010fb4b9421ec240755d986e1e38fb7671a
86 -1536 -512 2560 2 1 -1 c5cf0cb18d2d7c84d605546ffa1f8894930005e9699070f772c496fa9da8b2cc 52f6068ee19a17dee631cac02c429ba143baa89eca28298ed18875294764c3db
87 -1536 -512 2560 -1 2 -1 5249544e3be4f0669cb9c5f5d900537f65fed11dc632e0939d1dedcb0d880243 2c15071e4d18cb440f22ce910f64d010fb4b9421ec240755d986e1e38fb7671a
88 -1536 -512 4096 1 0 0 588b63f425251aa2344bacceeec5ccff1ed97b0deebc979f82a77fe57b0fe48d 9360c9055d3dd0941117e34dbc81246e550266733535ca08bfe898ebb3889f8a
89 -1536 -512 4096 -1 0 0 5249544e3be4f0669cb9c5f5d900537f65fed11dc632e0939d1dedcb0d880243 2c15071e4d18cb440f22ce910f64d010fb4b9421ec240755d986e1e38fb7671a
90 -1536 -512 4096 0 1 0 5249544e3be4f0669cb9c5f5d900537f65fed11dc632e0939d1dedcb0d880243 2c15071e4d18cb440f22ce910f64d010fb4b9421ec240755d986e1e38fb7671a
91 -1536 -512 4096 0 -1 0 5249544e3be4f0669cb9c5f5d900537f65fed11dc632e0939d1dedcb0d880243 2c15071e4d18cb440f22ce910f64d010fb4b9421ec240755d986e1e38fb7671a
92 -1536 -512 4096 1 1 0 73b6b85fa37dea392696a8df2ef7270baef06f2a9e98a3fb9183b844f31acb14 0834f133acdfc8837c6a6546bb11313b9287dd9bb7c39182b5c78d46beabd0a3
93 -1536 -512 4096 1 -1 0 5249544e3be4f0669cb9c5f5d900537f65fed11dc632e0939d1dedcb0d880243 2c15071e4d18cb440f22ce910f64d010fb4b9421ec240755d986e1e38fb7671a
94 -1536 -512 4096 2 1 -1 ef9d06497d9e71d8338ee5746765907f77c068f674f2013a5a175293941f68be e8a198666a11b969ff6dcf454549c31000abc73dc34d9656627746d8c44d0a61
95 -1536 -512 4096 -1 2 -1 5249544e3be4f0669cb9c5f5d900537f65fed11dc632e0939d1dedcb0d880243 2c15071e4d18cb440f22ce910f64d010fb4b9421ec240755d986e1e38fb7671a
96 -1536 512 -1536 1 0 0 5249544e3be4f0669cb9c5f5d900537f65fed11dc632e0939d1dedcb0d880243 2c15071e4d18cb440f22ce910f64d010fb4b9421ec240755d986e1e38fb7671a
97 -1536 512 -1536 -1 0 0 5249544e3be4f0669cb9c5f5d900537f65fed11dc632e0939d1dedcb0d880243 2c15071e4d18cb440f22ce910f64d010fb4b9421ec240755d986e1e38fb7671a
98 -1536 512 -1536 0 1 0 5249544e3be4f0669cb9c5f5d900537f65fed11dc632e0939d1dedcb0d880243 2c15071e4d18cb440f22ce910f64d010fb4b9421ec240755d986e1e38fb7671a
99 -1536 512 -1536 0 -1 0 5249544e3be4f0669cb9c5f5d900537f65fed11dc632e0939d1dedcb0d880243 2c15071e4d18cb440f22ce910f64d010fb4b9421ec240755d986e1e38fb7671a
100 -1536 512 -1536 1 1 0 5249544e3be4f0669cb9c5f5d900537f65fed11dc632e0939d1dedcb0d880243 2c15071e4d18cb440f22ce910f64d010fb4b9421ec240755d986e1e38fb7671a
101 -1536 512 -1536 1 -1 0 5249544e3be4f0669cb9c5f5d900537f65fed11dc632e0939d1dedcb0d880243 2c15071e4d18cb440f22ce910f64d010fb4b9421ec240755d986e1e38fb7671a
102 -1536 512 -1536 2 1 -1 5249544e3be4f0669cb9c5f5d900537f65fed11dc632e0939d1dedcb0d880243 2c15071e4d18cb440f22ce910f64d010fb4b9421ec240755d986e1e38fb7671a
103 -1536 512 -1536 -1 2 -1 5249544e3be4f0669cb9c5f5d900537f65fed11dc632e0939d1dedcb0d880243 2c15071e4d18cb440f22ce910f64d010fb4b9421ec240755d986e1e38fb7671a
104 -1536 512 -512 1 0 0 ba4defd5fabcf098fcb5405d451462c8083fa650ad3610143753f7a4566feee7 71ba7ba61f9b92b5e601394d201d0816a934f4c4a92fda451ec144af10d22b65
105 -1536 512 -512 -1 0 0 5249544e3be4f0669cb9c5f5d900537f65fed11dc632e0939d1dedcb0d880243 2c15071e4d18cb440f22ce910f64d010fb4b9421ec240755d986e1e38fb7671a
106 -1536 512 -512 0 1 0 5249544e3be4f0669cb9c5f5d900537f65fed11dc632e0939d1dedcb0d880243 2c15071e4d18cb440f22ce910f64d010fb4b9421ec240755d986e1e38fb7671a
107 -1536 512 -512 0 -1 0 5249544e3be4f0669cb9c5f5d900537f65fed11dc632e0939d1dedcb0d880243 2c15071e4d18cb440f22ce910f64d010fb4b9421ec240755d986e1e38fb7671a
108 -1536 512 -512 1 1 0 4093860835d50ebc4267db91720aca4e2d380437d0310d998f601216ad1ae2b0 b9e33281fcff6d58227ff2f6ee48515f8ca6d8f19b948ee98257f8c52d4f2836
109 -1536 512 -512 1 -1 0 5249544e3be4f0669cb9c5f5d900537f65fed11dc632e0939d1dedcb0d880243 2c15071e4d18cb440f22ce910f64d010fb4b9421ec240755d986e1e38fb7671a
110 -1536 512 -512 2 1 -1 5249544e3be4f0669cb9c5f5d900537f65fed11dc632e0939d1dedcb0d880243 2c15071e4d18cb440f22ce910f64d010fb4b9421ec240755d986e1e38fb7671a
111 -1536 512 -512 -1 2 -1 5249544e3be4f0669cb9c5f5d900537f65fed11dc632e0939d1dedcb0d880243 2c15071e4d18cb440f22ce910f64d010fb4b9421ec240755d986e1e38fb7671a
112 -1536 512 512 1 0 0 c36c0529a4f5cf0d614fbc45f6f8e2b227ce410fb82bcef53465a9d11e464f27 89243c45f63717ba134007673ba7e7c6f2c789ea35d632fd9c737780db88986b
113 -1536 512 512 -1 0 0 5249544e3be4f0669cb9c5f5d900537f65fed11dc632e0939d1dedcb0d880243 2c15071e4d18cb440f22ce910f64d010fb4b9421ec240755d986e1e38fb7671a
114 -1536 512 512 0 1 0 5249544e3be4f0669cb9c5f5d900537f65fed11dc632e0939d1dedcb0d880243 2c15071e4d18cb440f22ce910f64d010fb4b9421ec240755d986e1e38fb7671a
115 -1536 512 512 0 -1 0 5249544e3be4f0669cb9c5f5d900537f65fed11dc632e0939d1dedcb0d880243 2c15071e4d18cb440f22ce910f64d010fb4b9421ec240755d986e1e38fb7671a
116 -1536 512 512 1 1 0 84f48328c2f5748cf85f745013a8731fc09c99050fd3bc9c5b1a691b1d28133f 30e4c6a89e7d4cc2831d65596b020b22bee1df1245f50d3dc51ba88bba32b382
117 -1536 512 512 1 -1 0 5249544e3be4f0669cb9c5f5d900537f65fed11dc632e0939d1dedcb0d880243 2c15071e4d18cb440f22ce910f64d010fb4b9421ec240755d986e1e38fb7671a
118 -1536 512 512 2 1 -1 c75558657ff79b596a71ecf90e0a3efeda706064513e3b9727d1319bef488d10 c1316cf83def4f6a046bb60bb57493df45793efa1a547b8d98dda03eb58d3a7d
119 -1536 512 512 -1 2 -1 5249544e3be4f0669cb9c5f5d900537f65fed11dc632e0939d1dedcb0d880243 2c15071e4d18cb440f22ce910f64d010fb4b9421ec240755d986e1e38fb7671a
120 -1536 512 1536 1 0 0 9a7e8859d5ec0085c1e7ee1a513d9cdbdc45f12449b6b34fff9b9b6b3c4cba71 a7184f2c9ad8791da951b70a1dadcc590be3db3dda22daf0e56ca874fefa12df
121 -1536 512 1536 -1 0 0 5249544e3be4f0669cb9c5f5d900537f65fed11dc632e0939d1dedcb0d880243 2c15071e4d18cb440f22ce910f64d010fb4b9421ec240755d986e1e38fb7671a
122 -1536 512 1536 0 1 0 5249544e3be4f0669cb9c5f5d900537f65fed11dc632e0939d1dedcb0d880243 2c15071e4d18cb440f22ce910f64d010fb4b9421ec240755d986e1e38fb7671a
123 -1536 512 1536 0 -1 0 5249544e3be4f0669cb9c5f5d900537f65fed11dc632e0939d1dedcb0d880243 2c15071e4d18cb440f22ce910f64d010fb4b9421ec240755d986e1e38fb7671a
124 -1536 512 1536 1 1 0 1fa25b7daf359d4492310cf624a532ffc02dfd76e86faec7b95f5ba394e5c771 aefdac04a0dc70073cd2e7a18a34b9764165444d53999ce668177ea5ffaa363c
125 -1536 512 1536 1 -1 0 5249544e3be4f0669cb9c5f5d900537f65fed11dc632e0939d1dedcb0d880243 2c15071e4d18cb440f22ce910f64d010fb4b9421ec240755d986e1e38fb7671a
126 -1536 512 1536 2 1 -1 2bdb343a4e271cd123a903078fd41a3a36f1d2649923bd519524e65a20478730 f1e2ec559730ba81f093b63812890d7091fb69c7577c3adb2d2d5af854913e9f
127 -1536 512 1536 -1 2 -1 5249544e3be4f0669cb9c5f5d900537f65fed11dc632e0939d1dedcb0d880243 2c15071e4d18cb440f22ce910f64d010fb4b9421ec240755d986e1e38fb7671a
128 -1536 512 2560 1 0 0 35c4994fe6ba02a262e700e3c35f90b8449f6b2dce8affac42388c68490143b8 77a08953c504b6e39f83f19780049c92bf57af941a99e59fbb8e92fb605187cf
129 -1536 512 2560 -1 0 0 5249544e3be4f0669cb9c5f5d900537f65fed11dc632e0939d1dedcb0d880243 2c15071e4d18cb440f22ce910f64d010fb4b9421ec240755d986e1e38fb7671a
130 -1536 512 2560 0 1 0 5249544e3be4f0669cb9c5f5d900537f65fed11dc632e0939d1dedcb0d880243 2c15071e4d18cb440f22ce910f64d010fb4b9421ec240755d986e1e38fb7671a
131 -1536 512 2560 0 -1 0 5249544e3be4f0669cb9c5f5d900537f65fed11dc632e0939d1dedcb0d880243 2c15071e4d18cb440f22ce910f64d010fb4b9421ec240755d986e1e38fb7671a
132 -1536 512 2560 1 1 0 f723edcb92820de3c3d5c0c62f0218d94b1a74113595f9c88e41aab26406b8ea bf5297a44169a090d7752de7996b81920533cdf544efae65bee9d05af4e0649c
133 -1536 512 2560 1 -1 0 5249544e3be4f0669cb9c5f5d900537f65fed11dc632e0939d1dedcb0d880243 2c15071e4d18cb440f22ce910f64d010fb4b9421ec240755d986e1e38fb7671a
134 -1536 512 2560 2 1 -1 9bda278712b742116eae7a042534e97561b172af93448069ab47e5c01bc53bb3 4c08252b46232e173795306eb1962e14e34de38855cbb93f59f0f38f07485d11
135 -1536 512 2560 -1 2 -1 5249544e3be4f0669cb9c5f5d900537f65fed11dc632e0939d1dedcb0d880243 2c15071e4d18cb440f22ce910f64d010fb4b9421ec240755d986e1e38fb7671a
136 -1536 512 4096 1 0 0 0ab7850cc017d373702e14093f0025f4ad7352edd584909361147e47f71b78ea adfba5c24c9364a65366ed75272144445716b22dcbdd9386d06efa071ccee3c6
137 -1536 512 4096 -1 0 0 5249544e3be4f0669cb9c5f5d900537f65fed11dc632e0939d1dedcb0d880243 2c15071e4d18cb440f22ce910f64d010fb4b9421ec240755d986e1e38fb7671a
138 -1536 512 4096 0 1 0 5249544e3be4f0669cb9c5f5d900537f65fed11dc632e0939d1dedcb0d880243 2c15071e4d18cb440f22ce910f64d010fb4b9421ec240755d986e1e38fb7671a
139 -1536 512 4096 0 -1 0 5249544e3be4f0669cb9c5f5d900537f65fed11dc632e0939d1dedcb0d880243 2c15071e4d18cb440f22ce910f64d010fb4b9421ec240755d986e1e38fb7671a
140 -1536 512 4096 1 1 0 c71ec31331a27b8abe3b661d44a4ab60824bdecf21b762a3ef5805c391ec8d36 3118f2fc4bc37c9942dfe4f74e636c956a4878da1978410f115b195acea1a6fb
141 -1536 512 4096 1 -1 0 5249544e3be4f0669cb9c5f5d900537f65fed11dc632e0939d1dedcb0d880243 2c15071e4d18cb440f22ce910f64d010fb4b9421ec240755d986e1e38fb7671a
142 -1536 512 4096 2 1 -1 26d454928b4bfcb4904d6fe807b69e0b45e6974da58bd0dfb2273e4b27d6e587 aee43fe4f19e138b56e50d3876de7c72eed5dc96d2f411ae4d4c52ede3380da1
143 -1536 512 4096 -1 2 -1 5249544e3be4f0669cb9c5f5d900537f65fed11dc632e0939d1dedcb0d880243 2c15071e4d18cb440f22ce910f64d010fb4b9421ec240755d986e1e38fb7671a
144 -1536 1536 -1536 1 0 0 5249544e3be4f0669cb9c5f5d900537f65fed11dc632e0939d1dedcb0d880243 2c15071e4d18cb440f22ce910f64d010fb4b9421ec240755d986e1e38fb7671a
145 -1536 1536 -1536 -1 0 0 5249544e3be4f0669cb9c5f5d900537f65fed11dc632e0939d1dedcb0d880243 2c15071e4d18cb440f22ce910f64d010fb4b9421ec240755d986e1e38fb7671a
146 -1536 1536 -1536 0 1 0 5249544e3be4f0669cb9c5f5d900537f65fed11dc632e0939d1dedcb0d880243 2c15071e4d18cb440f22ce910f64d010fb4b9421ec240755d986e1e38fb7671a
147 -1536 1536 -1536 0 -1 0 5249544e3be4f0669cb9c5f5d900537f65fed11dc632e0939d1dedcb0d880243 2c15071e4d18cb440f22ce910f64d010fb4b9421ec240755d986e1e38fb7671a
148 -1536 1536 -1536 1 1 0 5249544e3be4f0669cb9c5f5d900537f65fed11dc632e0939d1dedcb0d880243 2c15071e4d18cb440f22ce910f64d010fb4b9421ec240755d986e1e38fb7671a
149 -1536 1536 -1536 1 -1 0 5249544e3be4f0669cb9c5f5d900537f65fed11dc632e0939d1dedcb0d880243 2c15071e4d18cb440f22ce910f64d010fb4b9421ec240755d986e1e38fb7671a
150 -1536 1536 -1536 2 1 -1 5249544e3be4f0669cb9c5f5d900537f65fed11dc632e0939d1dedcb0d880243 2c15071e4d18cb440f22ce910f64d010fb4b9421ec240755d986e1e38fb7671a
151 -1536 1536 -1536 -1 2 -1 5249544e3be4f0669cb9c5f5d900537f65fed11dc632e0939d1dedcb0d880243 2c15071e4d18cb440f22ce910f64d010fb4b9421ec240755d986e1e38fb7671a
152 -1536 1536 -512 1 0 0 b269cf7d2ccc4cf472366197ed9002207820979113b73b500b93f61ee1d49bd9 4381f0ffeab1d50e950c906e30b61d4cf06b08c713ebcb00f9f1a695acb6f51e
153 -1536 1536 -512 -1 0 0 5249544e3be4f0669cb9c5f5d900537f65fed11dc632e0939d1dedcb0d880243 2c15071e4d18cb440f22ce910f64d010fb4b9421ec240755d986e1e38fb7671a
154 -1536 1536 -512 0 1 0 5249544e3be4f0669cb9c5f5d900537f65fed11dc632e0939d1dedcb0d880243 2c15071e4d18cb440f22ce910f64d010fb4b9421ec240755d986e1e38fb7671a
155 -1536 1536 -512 0 -1 0 5249544e3be4f0669cb9c5f5d900537f65fed11dc632e0939d1dedcb0d880243 2c15071e4d18cb440f22ce910f64d010fb4b9421ec240755d986e1e38fb7671a
156 -1536 1536 -512 1 1 0 54bf4eb85f1c9703c89bdd9d5f53ca8f786707f295c1010a843d1ef431cf4f8c 381e76da559cd50bc45e691f174708596c5a2bf774bd968dc32369d2b0861f9f
157 -1536 1536 -512 1 -1 0 80c6ff632485aae9a0341973c780655b5509e7695372f96d6fa07794296493fc a45eb3721076f87ebf728e1aaee24a5506493dac15532b52c07d273a04046594
158 -1536 1536 -512 2 1 -1 5249544e3be4f0669cb9c5f5d900537f65fed11dc632e0939d1dedcb0d880243 2c15071e4d18cb440f22ce910f64d010fb4b9421ec240755d986e1e38fb7671a
159 -1536 1536 -512 -1 2 -1 5249544e3be4f0669cb9c5f5d900537f65fed11dc632e0939d1dedcb0d880243 2c15071e4d18cb440f22ce910f64d010fb4b9421ec240755d986e1e38fb7671a
160 -1536 1536 512 1 0 0 01cda15d7dac173c84f9c98eb016f2b17332884654dc2b2f0cd0803b948d2ffa dfad1f04674aed0be77fe85ebd5d4b6e27bf2fb612b0eaf66e03dbe114dd454b
161 -1536 1536 512 -1 0 0 5249544e3be4f0669cb9c5f5d900537f65fed11dc632e0939d1dedcb0d880243 2c15071e4d18cb440f22ce910f64d010fb4b9421ec240755d986e1e38fb7671a
162 -1536 1536 512 0 1 0 5249544e3be4f0669cb9c5f5d900537f65fed11dc632e0939d1dedcb0d880243 2c15071e4d18cb440f22ce910f64d010fb4b9421ec240755d986e1e38fb7671a
163 -1536 1536 512 0 -1 0 5249544e3be4f0669cb9c5f5d900537f65fed11dc632e0939d1dedcb0d880243 2c15071e4d18cb440f22ce910f64d010fb4b9421ec240755d986e1e38fb7671a
164 -1536 1536 512 1 1 0 5eee02cf8509dd10fd83e8b21a4239582c094b99749a4feb600208f44ff8809d a5872d8e2958720e1678c4b2784600c73f7cf67d6461aa3e575a29b1e3ee7b2c
165 -1536 1536 512 1 -1 0 3f3d8d482727270643ae3eb7d59aef8ae9d88f72e56178417b39ac216bde6431 53ad55d718847e6a87e9c2d68837d5e70cd8f306ceda254675ca5ab639938f38
166 -1536 1536 512 2 1 -1 74c1e8e4554f665676e0a05632a54a892cf0f32918af30029df2eb36aa089c33 8dc407aa9c5a4a18670442d2d28dee82f7dee0d3d56b8af6fb77f4af26fb643e
167 -1536 1536 512 -1 2 -1 5249544e3be4f0669cb9c5f5d900537f65fed11dc632e0939d1dedcb0d880243 2c15071e4d18cb440f22ce910f64d010fb4b9421ec240755d986e1e38fb7671a
168 -1536 1536 1536 1 0 0 ae351085d071e2a135accdaadf732a6f032580b0c65df9c81033088159f3bbfd e9bf7d7a2a27e155a865867912e28711c8f3c0bc25ae3b002ccbdfd99ade3cfd
169 -1536 1536 1536 -1 0 0 5249544e3be4f0669cb9c5f5d900537f65fed11dc632e0939d1dedcb0d880243 2c15071e4d18cb440f22ce910f64d010fb4b9421ec240755d986e1e38fb7671a
170 -1536 1536 1536 0 1 0 5249544e3be4f0669cb9c5f5d900537f65fed11dc632e0939d1dedcb0d880243 2c15071e4d18cb440f22ce910f64d010fb4b9421ec240755d986e1e38fb7671a
171 -1536 1536 1536 0 -1 0 5249544e3be4f0669cb9c5f5d900537f65fed11dc632e0939d1dedcb0d880243 2c15071e4d18cb440f22ce910f64d010fb4b9421ec240755d986e1e38fb7671a
172 -1536 1536 1536 1 1 0 dfe33140cd91b7a87c3d6a75ea75235a1e992a465c6a477bf9fa9d6145ce0778 1e0cb2f2856e3330c2db6d7d4c53e866fdd3ef050804f8377ab3d8c7159e359a
173 -1536 1536 1536 1 -1 0 f6db13e3038d3e681f473c640586ed6960241cdb8d6b3dd654ee450e5e0bb785 7c102f36f247ed3db1874412700ebf80e97b9d90bf1cde6c9e3fee26782e6c4f
174 -1536 1536 1536 2 1 -1 1e4d754babbbd7cd731f376fdcde6e3bd0703813ddece7e506223270985f2f85 2bc2076358253bcaad9e3227753fa58e56457e33e0ffb5d80807777c0eb7339b
175 -1536 1536 1536 -1 2 -1 5249544e3be4f0669cb9c5f5d900537f65fed11dc632e0939d1dedcb0d880243 2c15071e4d18cb440f22ce910f64d010fb4b9421ec240755d986e1e38fb7671a
176 -1536 1536 2560 1 0 0 f4d244178244f353dc6e7168dce10377624c83bd55fb5be3b01768851720cfd8 487d3b28b5dc3fd29e40d6c4277c0864fa235d553dd8ba75287ae4e109408e67
177 -1536 1536 2560 -1 0 0 5249544e3be4f0669cb9c5f5d900537f65fed11dc632e0939d1dedcb0d880243 2c15071e4d18cb440f22ce910f64d010fb4b9421ec240755d986e1e38fb7671a
178 -1536 1536 2560 0 1 0 5249544e3be4f0669cb9c5f5d900537f65fed11dc632e0939d1dedcb0d880243 2c15071e4d18cb440f22ce910f64d010fb4b9421ec240755d986e1e38fb7671a
179 -1536 1536 2560 0 -1 0 5249544e3be4f0669cb9c5f5d900537f65fed11dc632e0939d1dedcb0d880243 2c15071e4d18cb440f22ce910f64d010fb4b9421ec240755d986e1e38fb7671a
180 -1536 1536 2560 1 1 0 e6b5e2cc30a5a8420a98838bd7a6651d69bc66e9f9070b02d84e23ce13dc9a0e ceec891f128b12fad3d4ba4176a424ed0e72e5c17f1a500122d1982349fc132b
181 -1536 1536 2560 1 -1 0 5d74bf2a79adc0192e1a91169f8769289e5400d3602392c074a24be9f9649abf 579e9e226c725e0309d8478eff29a11020849f18ff0d466a7400c0d4fa82324f
182 -1536 1536 2560 2 1 -1 04c0422adaf309cb97710c230a2c22e1e571f6d10bb3c8852cd28d20201ed7aa a80a551fce9e2e6cfea2d023f9c16b6ddbc4a76b9dc7475aaf7862550438ec2d
183 -1536 1536 2560 -1 2 -1 5249544e3be4f0669cb9c5f5d900537f65fed11dc632e0939d1dedcb0d880243 2c15071e4d18cb440f22ce910f64d010fb4b9421ec240755d986e1e38fb7671a
184 -1536 1536 4096 1 0 0 092a8020a073a156e8567a7cdf5e015432c55fde2e2908caea95ae59a5c99240 90ee976281a9a4a71b817e238131435aef6a65dce93e4bfed594e5effb4c41fa
185 -1536 1536 4096 -1 0 0 5249544e3be4f0669cb9c5f5d900537f65fed11dc632e0939d1dedcb0d880243 2c15071e4d18cb440f22ce910f64d010fb4b9421ec240755d986e1e38fb7671a
186 -1536 1536 4096 0 1 0 5249544e3be4f0669cb9c5f5d900537f65fed11dc632e0939d1dedcb0d880243 2c15071e4d18cb440f22ce910f64d010fb4b9421ec240755d986e1e38fb7671a
187 -1536 1536 4096 0 -1 0 5249544e3be4f0669cb9c5f5d900537f65fed11dc632e0939d1dedcb0d880243 2c15071e4d18cb440f22ce910f64d010fb4b9421ec240755d986e1e38fb7671a
188 -1536 1536 4096 1 1 0 5249544e3be4f0669cb9c5f5d900537f65fed11dc632e0939d1dedcb0d880243 2c15071e4d18cb440f22ce910f64d010fb4b9421ec240755d986e1e38fb7671a
189 -1536 1536 4096 1 -1 0 5249544e3be4f0669cb9c5f5d900537f65fed11dc632e0939d1dedcb0d880243 2c15071e4d18cb440f22ce910f64d010fb4b9421ec240755d986e1e38fb7671a
190 -1536 1536 4096 2 1 -1 0a245ed1e8735128d53a6eb401d675f05bb2657ff5c7b8549e3397559104691e 46629f4f0773664897b0bdae240edb210f8f2e3203106844bb784225d2620c85
191 -1536 1536 4096 -1 2 -1 5249544e3be4f0669cb9c5f5d900537f65fed11dc632e0939d1dedcb0d880243 2c15071e4d18cb440f22ce910f64d010fb4b9421ec240755d986e1e38fb7671a
192 -1536 2560 -1536 1 0 0 5249544e3be4f0669cb9c5f5d900537f65fed11dc632e0939d1dedcb0d880243 2c15071e4d18cb440f22ce910f64d010fb4b9421ec240755d986e1e38fb7671a
193 -1536 2560 -1536 -1 0 0 5249544e3be4f0669cb9c5f5d900537f65fed11dc632e0939d1dedcb0d880243 2c15071e4d18cb440f22ce910f64d010fb4b9421ec240755d986e1e38fb7671a
194 -1536 2560 -1536 0 1 0 5249544e3be4f0669cb9c5f5d900537f65fed11dc632e0939d1dedcb0d880243 2c15071e4d18cb440f22ce910f64d010fb4b9421ec240755d986e1e38fb7671a
195 -1536 2560 -1536 0 -1 0 5249544e3be4f0669cb9c5f5d900537f65fed11dc632e0939d1dedcb0d880243 2c15071e4d18cb440f22ce910f64d010fb4b9421ec240755d986e1e38fb7671a
196 -1536 2560 -1536 1 1 0 5249544e3be4f0669cb9c5f5d900537f65fed11dc632e0939d1dedcb0d880243 2c15071e4d18cb440f22ce910f64d010fb4b9421ec240755d986e1e38fb7671a
197 -1536 2560 -1536 1 -1 0 5249544e3be4f0669cb9c5f5d900537f65fed11dc632e0939d1dedcb0d880243 2c15071e4d18cb440f22ce910f64d010fb4b9421ec240755d986e1e38fb7671a
198 -1536 2560 -1536 2 1 -1 5249544e3be4f0669cb9c5f5d900537f65fed11dc632e0939d1dedcb0d880243 2c15071e4d18cb440f22ce910f64d010fb4b9421ec240755d986e1e38fb7671a
199 -1536 2560 -1536 -1 2 -1 5249544e3be4f0669cb9c5f5d900537f65fed11dc632e0939d1dedcb0d880243 2c15071e4d18cb440f22ce910f64d010fb4b9421ec240755d986e1e38fb7671a
200 -1536 2560 -512 1 0 0 3488e82d1a967416f24a2e28842b96e2c80626acb7905c407973034e92783827 4983b7f3075f3bf7ae964949c3ccd1fe19050f30c28885cc9e35ade0d98e1c08
201 -1536 2560 -512 -1 0 0 5249544e3be4f0669cb9c5f5d900537f65fed11dc632e0939d1dedcb0d880243 2c15071e4d18cb440f22ce910f64d010fb4b9421ec240755d986e1e38fb7671a
202 -1536 2560 -512 0 1 0 5249544e3be4f0669cb9c5f5d900537f65fed11dc632e0939d1dedcb0d880243 2c15071e4d18cb440f22ce910f64d010fb4b9421ec240755d986e1e38fb7671a
203 -1536 2560 -512 0 -1 0 5249544e3be4f0669cb9c5f5d900537f65fed11dc632e0939d1dedcb0d880243 2c15071e4d18cb440f22ce910f64d010fb4b9421ec240755d986e1e38fb7671a
204 -1536 2560 -512 1 1 0 5249544e3be4f0669cb9c5f5d900537f65fed11dc632e0939d1dedcb0d880243 2c15071e4d18cb440f22ce910f64d010fb4b9421ec240755d986e1e38fb7671a
205 -1536 2560 -512 1 -1 0 cf4146843731934d000a4e482dd3f0f78a9dce8da4db368836c6dea13a051a07 2479891416e1d350af5ebfeb5953a8166d23c822ffec6127a23a80672da47c65
206 -1536 2560 -512 2 1 -1 5249544e3be4f0669cb9c5f5d900537f65fed11dc632e0939d1dedcb0d880243 2c15071e4d18cb440f22ce910f64d010fb4b9421ec240755d986e1e38fb7671a
207 -1536 2560 -512 -1 2 -1 5249544e3be4f0669cb9c5f5d900537f65fed11dc632e0939d1dedcb0d880243 2c15071e4d18cb440f22ce910f64d010fb4b9421ec240755d986e1e38fb7671a
208 -1536 2560 512 1 0 0 73401a408824f878440239844b8884031f1e14392cc4b3b285e9c593decde68a 97fb8e764117416e34eed2954eba330c0b25d1a9ddd2eb0fab86cd47c849bc0e
209 -1536 2560 512 -1 0 0 5249544e3be4f0669cb9c5f5d900537f65fed11dc632e0939d1dedcb0d880243 2c15071e4d18cb440f22ce910f64d010fb4b9421ec240755d986e1e38fb7671a
210 -1536 2560 512 0 1 0 5249544e3be4f0669cb9c5f5d900537f65fed11dc632e0939d1dedcb0d880243 2c15071e4d18cb440f22ce910f64d010fb4b9421ec240755d986e1e38fb7671a
211 -1536 2560 512 0 -1 0 5249544e3be4f0669cb9c5f5d900537f65fed11dc632e0939d1dedcb0d880243 2c15071e4d18cb440f22ce910f64d010fb4b9421ec240755d986e1e38fb7671a
212 -1536 2560 512 1 1 0 5249544e3be4f0669cb9c5f5d900537f65fed11dc632e0939d1dedcb0d880243 2c15071e4d18cb440f22ce910f64d010fb4b9421ec240755d986e1e38fb7671a
213 -1536 2560 512 1 -1 0 8bdf9706af0d131d3c469bf820170dce6534c36658d99aab8cde92b1822f4be4 2fe11e3ea8b82eb4c39ba6462e00f82bbdfe3adad694d00ec3081270d5df5253
214 -1536 2560 512 2 1 -1 5d48d305c0b9e12113c1c9503d4dec6a4e0ae4ae2531e640295b9385311e3014 8d7d5922939d9d5ad1bbb55b300358a8a8e1edf5aac12b289598583f11b95f4c
215 -1536 2560 512 -1 2 -1 5249544e3be4f0669cb9c5f5d900537f65fed11dc632e0939d1dedcb0d880243 2c15071e4d18cb440f22ce910f64d010fb4b9421ec240755d986e1e38fb7671a
216 -1536 2560 1536 1 0 0 f18b9e1607047da3d100c0f2a4bc4e82ac4cac0b6b53e4c6cc18bd848d90e11e 65a19382da874245a58b5c598dbd0d009d5a3d5961c1e86d757c2e5ef9db018d
217 -1536 2560 1536 -1 0 0 5249544e3be4f0669cb9c5f5d900537f65fed11dc632e0939d1dedcb0d880243 2c15071e4d18cb440f22ce910f64d010fb4b9421ec240755d986e1e38fb7671a
218 -1536 2560 1536 0 1 0 5249544e3be4f0669cb9c5f5d900537f65fed11dc632e0939d1dedcb0d880243 2c15071e4d18cb440f22ce910f64d010fb4b9421ec240755d986e1e38fb7671a
219 -1536 2560 1536 0 -1 0 5249544e3be4f0669cb9c5f5d900537f65fed11dc632e0939d1dedcb0d880243 2c15071e4d18cb440f22ce910f64d010fb4b9421ec240755d986e1e38fb7671a
220 -1536 2560 1536 1 1 0 5249544e3be4f0669cb9c5f5d900537f65fed11dc632e0939d1dedcb0d880243 2c15071e4d18cb440f22ce910f64d010fb4b9421ec240755d986e1e38fb7671a
221 -1536 2560 1536 1 -1 0 a49bc5993c1f2f90fb9470d662fb0a3e2ccc13ea9372b103d45c248e78ffa550 b968c113cba9a2390bf254ea905962700a2695c7cd9a9350c715683ef649d043
222 -1536 2560 1536 2 1 -1 eceedd9a65dd38273b5054dcd7fa5d3de68ef6e8600782f09488e4e58a5896ff 9021e0d6dda118c6d374992577e509a6613fcdbd9eac21d329b807baaddc8004
223 -1536 2560 1536 -1 2 -1 5249544e3be4f0669cb9c5f5d900537f65fed11dc632e0939d1dedcb0d880243 2c15071e4d18cb440f22ce910f64d010fb4b9421ec240755d986e1e38fb7671a
224 -1536 2560 2560 1 0 0 c8f6ad8ec70525f2ffb845c6c20685c09a195e248bf568898582c308e89236fe 8b05677d1b4d17f9760b89fcaf2296967f0ebff9b5dd33bf7db55c4f7dd1ac64
225 -1536 2560 2560 -1 0 0 5249544e3be4f0669cb9c5f5d900537f65fed11dc632e0939d1dedcb0d880243 2c15071e4d18cb440f22ce910f64d010fb4b9421ec240755d986e1e38fb7671a
226 -1536 2560 2560 0 1 0 5249544e3be4f0669cb9c5f5d900537f65fed11dc632e0939d1dedcb0d880243 2c15071e4d18cb440f22ce910f64d010fb4b9421ec240755d986e1e38fb7671a
227 -1536 2560 2560 0 -1 0 5249544e3be4f0669cb9c5f5d900537f65fed11dc632e0939d1dedcb0d880243 2c15071e4d18cb440f22ce910f64d010fb4b9421ec240755d986e1e38fb7671a
228 -1536 2560 2560 1 1 0 5249544e3be4f0669cb9c5f5d900537f65fed11dc632e0939d1dedcb0d880243 2c15071e4d18cb440f22ce910f64d010fb4b9421ec240755d986e1e38fb7671a
229 -1536 2560 2560 1 -1 0 0f30b0535642efc351da57179e3abe1a452fbf42571e1da79031be115423eca9 f5bcc47268ef4536885e59b53588116cafe5dc926f51aa4d78977525b5c944ae
230 -1536 2560 2560 2 1 -1 0d33a1b470629f127d1558af3fe6c5cd36010c34ddb6d612cd7ed349d4730389 18e507557dbd41c4bc3cc55e93316310bec6002e7c0b7bed899026b1e3d9d456
231 -1536 2560 2560 -1 2 -1 5249544e3be4f0669cb9c5f5d900537f65fed11dc632e0939d1dedcb0d880243 2c15071e4d18cb440f22ce910f64d010fb4b9421ec240755d986e1e38fb7671a
232 -1536 2560 4096 1 0 0 7a6acd2e75c98bce97f86fa4c7c70d87b28daa8035806894db1c6e692dd76b03 6079243d3d58c376875519fb2fd53a26684600bc57a6a4f04166ac8ba7057b80
233 -1536 2560 4096 -1 0 0 5249544e3be4f0669cb9c5f5d900537f65fed11dc632e0939d1dedcb0d880243 2c15071e4d18cb440f22ce910f64d010fb4b9421ec240755d986e1e38fb7671a
234 -1536 2560 4096 0 1 0 5249544e3be4f0669cb9c5f5d900537f65fed11dc632e0939d1dedcb0d880243 2c15071e4d18cb440f22ce910f64d010fb4b9421ec240755d986e1e38fb7671a
235 -1536 2560 4096 0 -1 0 5249544e3be4f0669cb9c5f5d900537f65fed11dc632e0939d1dedcb0d880243 2c15071e4d18cb440f22ce910f64d010fb4b9421ec240755d986e1e38fb7671a
236 -1536 2560 4096 1 1 0 5249544e3be4f0669cb9c5f5d900537f65fed11dc632e0939d1dedcb0d880243 2c15071e4d18cb440f22ce910f64d010fb4b9421ec240755d986e1e38fb7671a
237 -1536 2560 4096 1 -1 0 5295ef465b7e40efd5dc450f732656905ea674905d566dd65f157badb45a505c 74fdebf08e358cc072a88dd35f17298ec833f187f01160e8820e3a54b2f9b15e
238 -1536 2560 4096 2 1 -1 4b8b7087c69254096e4b26bd31111156922ab948b0919a20075542ed8df6e434 4be0dc9f5cc05da8f97fe243dcc26d8a828e1c062eece859c3037753c08f42c0
239 -1536 2560 4096 -1 2 -1 5249544e3be4f0669cb9c5f5d900537f65fed11dc632e0939d1dedcb0d880243 2c15071e4d18cb440f22ce910f64d010fb4b9421ec240755d986e1e38fb7671a
240 -1536 4096 -1536 1 0 0 5249544e3be4f0669cb9c5f5d900537f65fed11dc632e0939d1dedcb0d880243 2c15071e4d18cb440f22ce910f64d010fb4b9421ec240755d986e1e38fb7671a
241 -1536 4096 -1536 -1 0 0 5249544e3be4f0669cb9c5f5d900537f65fed11dc632e0939d1dedcb0d880243 2c15071e4d18cb440f22ce910f64d010fb4b9421ec240755d986e1e38fb7671a
242 -1536 4096 -1536 0 1 0 5249544e3be4f0669cb9c5f5d900537f65fed11dc632e0939d1dedcb0d880243 2c15071e4d18cb440f22ce910f64d010fb4b9421ec240755d986e1e38fb7671a
243 -1536 4096 -1536 0 -1 0 5249544e3be4f0669cb9c5f5d900537f65fed11dc632e0939d1dedcb0d880243 2c15071e4d18cb440f22ce910f64d010fb4b9421ec240755d986e1e38fb7671a
244 -1536 4096 -1536 1 1 0 5249544e3be4f0669cb9c5f5d900537f65fed11dc632e0939d1dedcb0d880243 2c15071e4d18cb440f22ce910f64d010fb4b9421ec240755d986e1e38fb7671a
245 -1536 4096 -1536 1 -1 0 64a15e70a331b8e788d8e00c5bf5e868d6905b59a8a7d45632279f2afc4412b3 cc728632ffab7060d5a60cf9665577f5b5d8aee3dda4e6426e7c962721795bb3
246 -1536 4096 -1536 2 1 -1 5249544e3be4f0669cb9c5f5d900537f65fed11dc632e0939d1dedcb0d880243 2c15071e4d18cb440f22ce910f64d010fb4b9421ec240755d986e1e38fb7671a
247 -1536 4096 -1536 -1 2 -1 5249544e3be4f0669cb9c5f5d900537f65fed11dc632e0939d1dedcb0d880243 2c15071e4d18cb440f22ce910f64d010fb4b9421ec240755d986e1e38fb7671a
248 -1536 4096 -512 1 0 0 f28b75b5c3fcd34fe6a1e0d3f6cff1080be85dde967a879cb4984c815df353b6 e25e93fa514d722ee711d980d17a16f9052a0fa001b8868a1e0aa459bec0de2f
249 -1536 4096 -512 -1 0 0 5249544e3be4f0669cb9c5f5d900537f65fed11dc632e0939d1dedcb0d880243 2c15071e4d18cb440f22ce910f64d010fb4b9421ec240755d986e1e38fb7671a
250 -1536 4096 -512 0 1 0 5249544e3be4f0669cb9c5f5d900537f65fed11dc632e0939d1dedcb0d880243 2c15071e4d18cb440f22ce910f64d010fb4b9421ec240755d986e1e38fb7671a
251 -1536 4096 -512 0 -1 0 5249544e3be4f0669cb9c5f5d900537f65fed11dc632e0939d1dedcb0d880243 2c15071e4d18cb440f22ce910f64d010fb4b9421ec240755d986e1e38fb7671a
252 -1536 4096 -512 1 1 0 5249544e3be4f0669cb9c5f5d900537f65fed11dc632e0939d1dedcb0d880243 2c15071e4d18cb440f22ce910f64d010fb4b9421ec240755d986e1e38fb7671a
253 -1536 4096 -512 1 -1 0 67f44f48be84f0f29e400b6a4a34a4ea842319ee3891b8b175f241e28c677c32 6c6609c1e62a9c4f7f02beef31d20c11bfe977f18085257b92e678a33537888c
254 -1536 4096 -512 2 1 -1 5249544e3be4f0669cb9c5f5d900537f65fed11dc632e0939d1dedcb0d880243 2c15071e4d18cb440f22ce910f64d010fb4b9421ec240755d986e1e38fb7671a
255 -1536 4096 -512 -1 2 -1 5249544e3be4f0669cb9c5f5d900537f65fed11dc632e0939d1dedcb0d880243 2c15071e4d18cb440f22ce910f64d010fb4b9421ec240755d986e1e38fb7671a
256 -1536 4096 512 1 0 0 e06972836c9eeba32c757419acd1c69945f7d40584bde50c8709e6483c869f4c e539458967e8135ef038d628695930102a22a1ada55c98e84e8bf161fdc6e563
257 -1536 4096 512 -1 0 0 5249544e3be4f0669cb9c5f5d900537f65fed11dc632e0939d1dedcb0d880243 2c15071e4d18cb440f22ce910f64d010fb4b9421ec240755d986e1e38fb7671a
258 -1536 4096 512 0 1 0 5249544e3be4f0669cb9c5f5d900537f65fed11dc632e0939d1dedcb0d880243 2c15071e4d18cb440f22ce910f64d010fb4b9421ec240755d986e1e38fb7671a
259 -1536 4096 512 0 -1 0 5249544e3be4f0669cb9c5f5d900537f65fed11dc632e0939d1dedcb0d880243 2c15071e4d18cb440f22ce910f64d010fb4b9421ec240755d986e1e38fb7671a
260 -1536 4096 512 1 1 0 5249544e3be4f0669cb9c5f5d900537f65fed11dc632e0939d1dedcb0d880243 2c15071e4d18cb440f22ce910f64d010fb4b9421ec240755d986e1e38fb7671a
261 -1536 4096 512 1 -1 0 29520bc18c2d5da0a9d98c31c722e86818f3f2af324b82716cbc011dc67cc175 fa72d6a00f08ea8259b3ced33b250be94b22e7fcb7312e3d35ac3e92d3e569db
262 -1536 4096 512 2 1 -1 5249544e3be4f0669cb9c5f5d900537f65fed11dc632e0939d1dedcb0d880243 2c15071e4d18cb440f22ce910f64d010fb4b9421ec240755d986e1e38fb7671a
263 -1536 4096 512 -1 2 -1 5249544e3be4f0669cb9c5f5d900537f65fed11dc632e0939d1dedcb0d880243 2c15071e4d18cb440f22ce910f64d010fb4b9421ec240755d986e1e38fb7671a
264 -1536 4096 1536 1 0 0 5d00ce0d158cf49070c0ee65eecb58a31458c1ca1fbd92669a83c36a6a9fcaa4 63c20c9006ea4501b110f483d21ef20e2b3e1985eb6100dd5a66d9eab58d8fb4
265 -1536 4096 1536 -1 0 0 5249544e3be4f0669cb9c5f5d900537f65fed11dc632e0939d1dedcb0d880243 2c15071e4d18cb440f22ce910f64d010fb4b9421ec240755d986e1e38fb7671a
266 -1536 4096 1536 0 1 0 5249544e3be4f0669cb9c5f5d900537f65fed11dc632e0939d1dedcb0d880243 2c15071e4d18cb440f22ce910f64d010fb4b9421ec240755d986e1e38fb7671a
267 -1536 4096 1536 0 -1 0 5249544e3be4f0669cb9c5f5d900537f65fed11dc632e0939d1dedcb0d880243 2c15071e4d18cb440f22ce910f64d010fb4b9421ec240755d986e1e38fb7671a
268 -1536 4096 1536 1 1 0 5249544e3be4f0669cb9c5f5d900537f65fed11dc632e0939d1dedcb0d880243 2c15071e4d18cb440f22ce910f64d010fb4b9421ec240755d986e1e38fb7671a
269 -1536 4096 1536 1 -1 0 edb8215ac6deb3731508f70d95cc4f0497ae3f9d1ff806eda2d6a9d1eede9a1c d7ef8baeaccb5fedc9531705efcf861ce559b7582a69a828576c9530f3f29aa0
270 -1536 4096 1536 2 1 -1 5249544e3be4f0669cb9c5f5d900537f65fed11dc632e0939d1dedcb0d880243 2c15071e4d18cb440f22ce910f64d010fb4b9421ec240755d986e1e38fb7671a
271 -1536 4096 1536 -1 2 -1 5249544e3be4f0669cb9c5f5d900537f65fed11dc632e0939d1dedcb0d880243 2c15071e4d18cb440f22ce910f64d010fb4b9421ec240755d986e1e38fb7671a
272 -1536 4096 2560 1 0 0 62034c8198ba2b3dbcd1c261d34c1f3822cbbff19dbfe85d59992f9acfd07c81 f779e5fe3b76e68c27a45509e3433b023e0921d27a9fe64c0f056569f1d812cb
273 -1536 4096 2560 -1 0 0 5249544e3be4f0669cb9c5f5d900537f65fed11dc632e0939d1dedcb0d880243 2c15071e4d18cb440f22ce910f64d010fb4b9421ec240755d986e1e38fb7671a
274 -1536 4096 2560 0 1 0 5249544e3be4f0669cb9c5f5d900537f65fed11dc632e0939d1dedcb0d880243 2c15071e4d18cb440f22ce910f64d010fb4b9421ec240755d986e1e38fb7671a
275 -1536 4096 2560 0 -1 0 5249544e3be4f0669cb9c5f5d900537f65fed11dc632e0939d1dedcb0d880243 2c15071e4d18cb440f22ce910f64d010fb4b9421ec240755d986e1e38fb7671a
276 -1536 4096 2560 1 1 0 5249544e3be4f0669cb9c5f5d900537f65fed11dc632e0939d1dedcb0d880243 2c15071e4d18cb440f22ce910f64d010fb4b9421ec240755d986e1e38fb7671a
277 -1536 4096 2560 1 -1 0 ed8ecef0ec0dd49d357a9b32c7ddef682de747756e3f0abfb318f9e8622f3d89 bb7d9d4d70309b9c7423377064b62025fd2e6166c1092842e65d127781468ba7
278 -1536 4096 2560 2 1 -1 5249544e3be4f0669cb9c5f5d900537f65fed11dc632e0939d1dedcb0d880243 2c15071e4d18cb440f22ce910f64d010fb4b9421ec240755d986e1e38fb7671a
279 -1536 4096 2560 -1 2 -1 5249544e3be4f0669cb9c5f5d900537f65fed11dc632e0939d1dedcb0d880243 2c15071e4d18cb440f22ce910f64d010fb4b9421ec240755d986e1e38fb7671a
280 -1536 4096 4096 1 0 0 b22bfc5d2db9e3173f419c613b4b2ee48af9bc0e6dead1fef8c035bcd01ea085 be0cc810e3f6839a1705240de5f4b7ec231dd3b587bc5268467f3d2711d8c144
281 -1536 4096 4096 -1 0 0 5249544e3be4f0669cb9c5f5d900537f65fed11dc632e0939d1dedcb0d880243 2c15071e4d18cb440f22ce910f64d010fb4b9421ec240755d986e1e38fb7671a
282 -1536 4096 4096 0 1 0 5249544e3be4f0669cb9c5f5d900537f65fed11dc632e0939d1dedcb0d880243 2c15071e4d18cb440f22ce910f64d010fb4b9421ec240755d986e1e38fb7671a
283 -1536 4096 4096 0 -1 0 5249544e3be4f0669cb9c5f5d900537f65fed11dc632e0939d1dedcb0d880243 2c15071e4d18cb440f22ce910f64d010fb4b9421ec240755d986e1e38fb7671a
284 -1536 4096 4096 1 1 0 5249544e3be4f0669cb9c5f5d900537f65fed11dc632e0939d1dedcb0d880243 2c15071e4d18cb440f22ce910f64d010fb4b9421ec240755d986e1e38fb7671a
285 -1536 4096 4096 1 -1 0 99f26f8e2216fab758f1910b7749dd51da0571d279e5031a7a456614df11492e 01129cf908d4cc900de2d8e987f407cc845ba6693702b5cc19ad757ecd5dbf4e
286 -1536 4096 4096 2 1 -1 5249544e3be4f0669cb9c5f5d900537f65fed11dc632e0939d1dedcb0d880243 2c15071e4d18cb440f22ce910f64d010fb4b9421ec240755d986e1e38fb7671a
287 -1536 4096 4096 -1 2 -1 5249544e3be4f0669cb9c5f5d900537f65fed11dc632e0939d1dedcb0d880243 2c15071e4d18cb440f22ce910f64d010fb4b9421ec240755d986e1e38fb7671a
288 -512 -1536 -1536 1 0 0 5249544e3be4f0669cb9c5f5d900537f65fed11dc632e0939d1dedcb0d880243 2c15071e4d18cb440f22ce910f64d010fb4b9421ec240755d986e1e38fb7671a
289 -512 -1536 -1536 -1 0 0 5249544e3be4f0669cb9c5f5d900537f65fed11dc632e0939d1dedcb0d880243 2c15071e4d18cb440f22ce910f64d010fb4b9421ec240755d986e1e38fb7671a
290 -512 -1536 -1536 0 1 0 5249544e3be4f0669cb9c5f5d900537f65fed11dc632e0939d1dedcb0d880243 2c15071e4d18cb440f22ce910f64d010fb4b9421ec240755d986e1e38fb7671a
291 -512 -1536 -1536 0 -1 0 5249544e3be4f0669cb9c5f5d900537f65fed11dc632e0939d1dedcb0d880243 2c15071e4d18cb440f22ce910f64d010fb4b9421ec240755d986e1e38fb7671a
292 -512 -1536 -1536 1 1 0 5249544e3be4f0669cb9c5f5d900537f65fed11dc632e0939d1dedcb0d880243 2c15071e4d18cb440f22ce910f64d010fb4b9421ec240755d986e1e38fb7671a
293 -512 -1536 -1536 1 -1 0 5249544e3be4f0669cb9c5f5d900537f65fed11dc632e0939d1dedcb0d880243 2c15071e4d18cb440f22ce910f64d010fb4b9421ec240755d986e1e38fb7671a
294 -512 -1536 -1536 2 1 -1 5249544e3be4f0669cb9c5f5d900537f65fed11dc632e0939d1dedcb0d880243 2c15071e4d18cb440f22ce910f64d010fb4b9421ec240755d986e1e38fb7671a
295 -512 -1536 -1536 -1 2 -1 5249544e3be4f0669cb9c5f5d900537f65fed11dc632e0939d1dedcb0d880243 2c15071e4d18cb440f22ce910f64d010fb4b9421ec240755d986e1e38fb7671a
296 -512 -1536 -512 1 0 0 5249544e3be4f0669cb9c5f5d900537f65fed11dc632e0939d1dedcb0d880243 2c15071e4d18cb440f22ce910f64d010fb4b9421ec240755d986e1e38fb7671a
297 -512 -1536 -512 -1 0 0 5249544e3be4f0669cb9c5f5d900537f65fed11dc632e0939d1dedcb0d880243 2c15071e4d18cb440f22ce910f64d010fb4b9421ec240755d986e1e38fb7671a
298 -512 -1536 -512 0 1 0 f2dfc4c30f396753049410ed9d93b2d6b1cef82df0e5d39637fa2d2f5ab4fd99 fadbd71d592742bc7f1c8971fc108c000631ff0b66c668d332c363e04d3f6354
299 -512 -1536 -512 0 -1 0 5249544e3be4f0669cb9c5f5d900537f65fed11dc632e0939d1dedcb0d880243 2c15071e4d18cb440f22ce910f64d010fb4b9421ec240755d986e1e38fb7671a
300 -512 -1536 -512 1 1 0 e4d7c689b22d12940a10bac27379d7984e846f14585280d21fa38a9cbaf3867e 258002f3976df2bba53836b5e44040e658a27247f098c37714a5ddace87b2f67
301 -512 -1536 -512 1 -1 0 5249544e3be4f0669cb9c5f5d900537f65fed11dc632e0939d1dedcb0d880243 2c15071e4d18cb440f22ce910f64d010fb4b9421ec240755d986e1e38fb7671a
302 -512 -1536 -512 2 1 -1 5249544e3be4f0669cb9c5f5d900537f65fed11dc632e0939d1dedcb0d880243 2c15071e4d18cb440f22ce910f64d010fb4b9421ec240755d986e1e38fb7671a
303 -512 -1536 -512 -1 2 -1 5249544e3be4f0669cb9c5f5d900537f65fed11dc632e0939d1dedcb0d880243 2c15071e4d18cb440f22ce910f64d010fb4b9421ec240755d986e1e38fb7671a
304 -512 -1536 512 1 0 0 5249544e3be4f0669cb9c5f5d900537f65fed11dc632e0939d1dedcb0d880243 2c15071e4d18cb440f22ce910f64d010fb4b9421ec240755d986e1e38fb7671a
305 -512 -1536 512 -1 0 0 5249544e3be4f0669cb9c5f5d900537f65fed11dc632e0939d1dedcb0d880243 2c15071e4d18cb440f22ce910f64d010fb4b9421ec240755d986e1e38fb7671a
306 -512 -1536 512 0 1 0 3a688609be49a7070f5d0acc950975a3a3c8c077f70e859bf80963bb79500312 7dff58f5e2d4e767a50f4caa3a7ac970c98d99b303ac7ab06097a879b5904de9
307 -512 -1536 512 0 -1 0 5249544e3be4f0669cb9c5f5d900537f65fed11dc632e0939d1dedcb0d880243 2c15071e4d18cb440f22ce910f64d010fb4b9421ec240755d986e1e38fb7671a
308 -512 -1536 512 1 1 0 9b2e2fe5b3dd5d673755c5beb7c0af5ddc4fe466bbcd090c7909d18ca1ad17cb fff3b044ce7af6c5f9e1552368b41bdc793c7108e26b43cbf3322834d8cceeda
309 -512 -1536 512 1 -1 0 5249544e3be4f0669cb9c5f5d900537f65fed11dc632e0939d1dedcb0d880243 2c15071e4d18cb440f22ce910f64d010fb4b9421ec240755d986e1e38fb7671a
310 -512 -1536 512 2 1 -1 968474b2ac7e5abd999ff65872f817914623038a9e40508da560b555ee264678 82e8acd37b67ffd3bdb32d7d163562318d9411ada1859afa1664e305f9e93fc5
311 -512 -1536 512 -1 2 -1 5249544e3be4f0669cb9c5f5d900537f65fed11dc632e0939d1dedcb0d880243 2c15071e4d18cb440f22ce910f64d010fb4b9421ec240755d986e1e38fb7671a
312 -512 -1536 1536 1 0 0 5249544e3be4f0669cb9c5f5d900537f65fed11dc632e0939d1dedcb0d880243 2c15071e4d18cb440f22ce910f64d010fb4b9421ec240755d986e1e38fb7671a
313 -512 -1536 1536 -1 0 0 5249544e3be4f0669cb9c5f5d900537f65fed11dc632e0939d1dedcb0d880243 2c15071e4d18cb440f22ce910f64d010fb4b9421ec240755d986e1e38fb7671a
314 -512 -1536 1536 0 1 0 8927ca733558611ac0c41102f72517d6a08d3890952a6bcd687619625464b575 1e982101642c3be9641456c84c54138cac70feea7d24167ec14f5202bbf37170
315 -512 -1536 1536 0 -1 0 5249544e3be4f0669cb9c5f5d900537f65fed11dc632e0939d1dedcb0d880243 2c15071e4d18cb440f22ce910f64d010fb4b9421ec240755d986e1e38fb7671a
316 -512 -1536 1536 1 1 0 724ce97757aa3a58e2c35ad1ba60e77b8f485687a02bba92dacdd2b2437f03d9 616f6d52ea2fba5da918fc450cd139d26f87daefa9f251ed1722c3038d0d3fec
317 -512 -1536 1536 1 -1 0 5249544e3be4f0669cb9c5f5d900537f65fed11dc632e0939d1dedcb0d880243 2c15071e4d18cb440f22ce910f64d010fb4b9421ec240755d986e1e38fb7671a
318 -512 -1536 1536 2 1 -1 43440bfb17889587d1ccde0873f2325794a54c8c55157d725ccef495710fa624 2ecab63aee9bb58082af698bc6f78f9403f2b2960f3184bf57d763facd6d05d3
319 -512 -1536 1536 -1 2 -1 5249544e3be4f0669cb9c5f5d900537f65fed11dc632e0939d1dedcb0d880243 2c15071e4d18cb440f22ce910f64d010fb4b9421ec240755d986e1e38fb7671a
320 -512 -1536 2560 1 0 0 5249544e3be4f0669cb9c5f5d900537f65fed11dc632e0939d1dedcb0d880243 2c15071e4d18cb440f22ce910f64d010fb4b9421ec240755d986e1e38fb7671a
321 -512 -1536 2560 -1 0 0 5249544e3be4f0669cb9c5f5d900537f65fed11dc632e0939d1dedcb0d880243 2c15071e4d18cb440f22ce910f64d010fb4b9421ec240755d986e1e38fb7671a
322 -512 -1536 2560 0 1 0 2e0939ab37be78ce9d90aa3912145423ee4a8c0b0cdee0a625d8ffde79082682 d881efaaf7eb6b315c240e9aa593ea389f73237c4c48079987b7dc9de3f28426
323 -512 -1536 2560 0 -1 0 5249544e3be4f0669cb9c5f5d900537f65fed11dc632e0939d1dedcb0d880243 2c15071e4d18cb440f22ce910f64d010fb4b9421ec240755d986e1e38fb7671a
324 -512 -1536 2560 1 1 0 d181c9aee564dcf9de63404d41efb80c3c7e15b6938edea11fd5a712774681fb 5e5a83e7b7bb6ff5821d477a387b30870fe363e8a9fa544e080f987f805ed03f
325 -512 -1536 2560 1 -1 0 5249544e3be4f0669cb9c5f5d900537f65fed11dc632e0939d1dedcb0d880243 2c15071e4d18cb440f22ce910f64d010fb4b9421ec240755d986e1e38fb7671a
326 -512 -1536 2560 2 1 -1 ad6be47a52edb21d327ad23a79a828b9a66f99cd101568a8fe21e22969771434 0b85685eb42ed7a549589d146579b0318125e6156e7f063747718a51cdfc6a16
327 -512 -1536 2560 -1 2 -1 5249544e3be4f0669cb9c5f5d900537f65fed11dc632e0939d1dedcb0d880243 2c15071e4d18cb440f22ce910f64d010fb4b9421ec240755d986e1e38fb7671a
328 -512 -1536 4096 1 0 0 5249544e3be4f0669cb9c5f5d900537f65fed11dc632e0939d1dedcb0d880243 2c15071e4d18cb440f22ce910f64d010fb4b9421ec240755d986e1e38fb7671a
329 -512 -1536 4096 -1 0 0 5249544e3be4f0669cb9c5f5d900537f65fed11dc632e0939d1dedcb0d880243 2c15071e4d18cb440f22ce910f64d010fb4b9421ec240755d986e1e38fb7671a
330 -512 -1536 4096 0 1 0 b9039f9405c12da574c9d21c313232e35e75e268a7431649f43087ab79f07a07 bd526835e277b049b40468f0b7965101216e5d727929707b38c9e0ac2c4a247a
331 -512 -1536 4096 0 -1 0 5249544e3be4f0669cb9c5f5d900537f65fed11dc632e0939d1dedcb0d880243 2c15071e4d18cb440f22ce910f64d010fb4b9421ec240755d986e1e38fb7671a
332 -512 -1536 4096 1 1 0 2bf5740fe935aa0ba8e02eec5c7a58d0cd17f392743539b8b1454f51404fb6f3 2d426954098679c17223a3093370211049052f8e9afed54c51923e4a30f2cb46
333 -512 -1536 4096 1 -1 0 5249544e3be4f0669cb9c5f5d900537f65fed11dc632e0939d1dedcb0d880243 2c15071e4d18cb440f22ce910f64d010fb4b9421ec240755d986e1e38fb7671a
334 -512 -1536 4096 2 1 -1 f6461c085a7fb95659d52915f3b2148da4b5a8dda0c1066a7482654751b63c05 2523528a1429427e208cfd4d641a1d95b7bf03d19f666e83c2396237a238f924
335 -512 -1536 4096 -1 2 -1 5249544e3be4f0669cb9c5f5d900537f65fed11dc632e0939d1dedcb0d880243 2c15071e4d18cb440f22ce910f64d010fb4b9421ec240755d986e1e38fb7671a
336 -512 -512 -1536 1 0 0 5249544e3be4f0669cb9c5f5d900537f65fed11dc632e0939d1dedcb0d880243 2c15071e4d18cb440f22ce910f64d010fb4b9421ec240755d986e1e38fb7671a
337 -512 -512 -1536 -1 0 0 5249544e3be4f0669cb9c5f5d900537f65fed11dc632e0939d1dedcb0d880243 2c15071e4d18cb440f22ce910f64d010fb4b9421ec240755d986e1e38fb7671a
338 -512 -512 -1536 0 1 0 5249544e3be4f0669cb9c5f5d900537f65fed11dc632e0939d1dedcb0d880243 2c15071e4d18cb440f22ce910f64d010fb4b9421ec240755d986e1e38fb7671a
339 -512 -512 -1536 0 -1 0 5249544e3be4f0669cb9c5f5d900537f65fed11dc632e0939d1dedcb0d880243 2c15071e4d18cb440f22ce910f64d010fb4b9421ec240755d986e1e38fb7671a
340 -512 -512 -1536 1 1 0 5249544e3be4f0669cb9c5f5d900537f65fed11dc632e0939d1dedcb0d880243 2c15071e4d18cb440f22ce910f64d010fb4b9421ec240755d986e1e38fb7671a
341 -512 -512 -1536 1 -1 0 5249544e3be4f0669cb9c5f5d900537f65fed11dc632e0939d1dedcb0d880243 2c15071e4d18cb440f22ce910f64d010fb4b9421ec240755d986e1e38fb7671a
342 -512 -512 -1536 2 1 -1 5249544e3be4f0669cb9c5f5d900537f65fed11dc632e0939d1dedcb0d880243 2c15071e4d18cb440f22ce910f64d010fb4b9421ec240755d986e1e38fb7671a
343 -512 -512 -1536 -1 2 -1 5249544e3be4f0669cb9c5f5d900537f65fed11dc632e0939d1dedcb0d880243 2c15071e4d18cb440f22ce910f64d010fb4b9421ec240755d986e1e38fb7671a
344 -512 -512 -512 1 0 0 10a61ddce8a0cf8c9892748141a6d82c3c6a91cd16e0bf017c1e6c62d903f1a3 6e18957e6086bc3ef7bd9279d1182d616ef393c48cfc8042472332205c72d773
345 -512 -512 -512 -1 0 0 5249544e3be4f0669cb9c5f5d900537f65fed11dc632e0939d1dedcb0d880243 2c15071e4d18cb440f22ce910f64d010fb4b9421ec240755d986e1e38fb7671a
346 -512 -512 -512 0 1 0 dbc4be9fa46f16ed691f8ea40e86d79a8e379671f017059332a3e464c45d6388 91732887a4527e41a9826b64cd5f8e7e3ac0e78b429719c985cab8b213e1884f
347 -512 -512 -512 0 -1 0 5249544e3be4f0669cb9c5f5d900537f65fed11dc632e0939d1dedcb0d880243 2c15071e4d18cb440f22ce910f64d010fb4b9421ec240755d986e1e38fb7671a
348 -512 -512 -512 1 1 0 5b858c344614df0bd13dc1f8ca1429fe4f19d88213c8cb5c18c8a2e4b8b3e43a a97170604365eb12e39d6876c5e0c21a05cf3309e6ae3a1c2d0bbb1e14c9fad4
349 -512 -512 -512 1 -1 0 5249544e3be4f0669cb9c5f5d900537f65fed11dc632e0939d1dedcb0d880243 2c15071e4d18cb440f22ce910f64d010fb4b9421ec240755d986e1e38fb7671a
350 -512 -512 -512 2 1 -1 5249544e3be4f0669cb9c5f5d900537f65fed11dc632e0939d1dedcb0d880243 2c15071e4d18cb440f22ce910f64d010fb4b9421ec240755d986e1e38fb7671a
351 -512 -512 -512 -1 2 -1 5249544e3be4f0669cb9c5f5d900537f65fed11dc632e0939d1dedcb0d880243 2c15071e4d18cb440f22ce910f64d010fb4b9421ec240755d986e1e38fb7671a
352 -512 -512 512 1 0 0 9cae76ce3663a52110f2ae74449aaf44d7ee59eefd265c2ec41442e543a5763a ece825224a48a274f59125dbf0b0e552c331bfce329155552157815ab387be2c
353 -512 -512 512 -1 0 0 5249544e3be4f0669cb9c5f5d900537f65fed11dc632e0939d1dedcb0d880243 2c15071e4d18cb440f22ce910f64d010fb4b9421ec240755d986e1e38fb7671a
354 -512 -512 512 0 1 0 529af4885a624bba3ba1e7146363778851a638419e808279a9b17d0fca76fcde 6487a137e228f020055e6103265e1b4b4db77f902c9088343efd489040ff8012
355 -512 -512 512 0 -1 0 5249544e3be4f0669cb9c5f5d900537f65fed11dc632e0939d1dedcb0d880243 2c15071e4d18cb440f22ce910f64d010fb4b9421ec240755d986e1e38fb7671a
356 -512 -512 512 1 1 0 e2dc9b55db64c28949733764a886cb77b4c29f99e98de38c8b14e950eee0ef75 c35ea6418d6c84632f18bc69bd79544ea17bcd64e347ddf701a0a4d4c9a0fc33
357 -512 -512 512 1 -1 0 5249544e3be4f0669cb9c5f5d900537f65fed11dc632e0939d1dedcb0d880243 2c15071e4d18cb440f22ce910f64d010fb4b9421ec240755d986e1e38fb7671a
358 -512 -512 512 2 1 -1 375619105c7c614b9375203daafee88b2a3a5bc19ec349b35fcc4fb83a6accee c683a3b8ae9762ca0bfd0870c04342918bfbb3c13653c8c4d8188465ca3ead4c
359 -512 -512 512 -1 2 -1 5249544e3be4f0669cb9c5f5d900537f65fed11dc632e0939d1dedcb0d880243 2c15071e4d18cb440f22ce910f64d010fb4b9421ec240755d986e1e38fb7671a
360 -512 -512 1536 1 0 0 2a148eb5e0711d19cd32023975a2a145739f3418f182913fe1648b87004a424e 6bdecca7411d928808606cefc3b0f425c5f34bce6376c1e837a01261e472ebe0
361 -512 -512 1536 -1 0 0 5249544e3be4f0669cb9c5f5d900537f65fed11dc632e0939d1dedcb0d880243 2c15071e4d18cb440f22ce910f64d010fb4b9421ec240755d986e1e38fb7671a
362 -512 -512 1536 0 1 0 2634983d937ff00819d363e169320b5f3eb97de6b78157e1c560d9379050cb0a a6bb4fa8931259bb46b5f949e4ffb154ae527d8d4a4e34889a7e5ea122a934d7
363 -512 -512 1536 0 -1 0 5249544e3be4f0669cb9c5f5d900537f65fed11dc632e0939d1dedcb0d880243 2c15071e4d18cb440f22ce910f64d010fb4b9421ec240755d986e1e38fb7671a
364 -512 -512 1536 1 1 0 6905eec11b9a8109122523e759e93d94d50da1fb06536a941a2ba301c0246ee6 3123fd2cf7f7a05068c1c94a8eeeb3e94be26b3440faa849b0e0eb7ec307e286
365 -512 -512 1536 1 -1 0 5249544e3be4f0669cb9c5f5d900537f65fed11dc632e0939d1dedcb0d880243 2c15071e4d18cb440f22ce910f64d010fb4b9421ec240755d986e1e38fb7671a
366 -512 -512 1536 2 1 -1 993b4cc383af5d5fb3eed2305dd5b95f9959d1cb0a7a67c5bc5b0d2ce4eb0759 292c3fa60cbafb7bdb53c5710042c80aeedddee89787195aa388627c2d3d74c2
367 -512 -512 1536 -1 2 -1 5249544e3be4f0669cb9c5f5d900537f65fed11dc632e0939d1dedcb0d880243 2c15071e4d18cb440f22ce910f64d010fb4b9421ec240755d986e1e38fb7671a
368 -512 -512 2560 1 0 0 4349444b9401470dda55fa163795bc8c56038c5245fd2c982aa234c96b2a6ab4 9016599a8058b3306db34b912fc3e3c3d1e42ded2d876a8816fa8b096bda4d3c
369 -512 -512 2560 -1 0 0 5249544e3be4f0669cb9c5f5d900537f65fed11dc632e0939d1dedcb0d880243 2c15071e4d18cb440f22ce910f64d010fb4b9421ec240755d986e1e38fb7671a
370 -512 -512 2560 0 1 0 cf85eca0963a9575d79dae0605caec89de802be79f20aaed319ec9ab6333beb8 cf105b6cb9ef49c035187ce5d5ad75ff4fb2e22720205d12df989fbe7029631f
371 -512 -512 2560 0 -1 0 5249544e3be4f0669cb9c5f5d900537f65fed11dc632e0939d1dedcb0d880243 2c15071e4d18cb440f22ce910f64d010fb4b9421ec240755d986e1e38fb7671a
372 -512 -512 2560 1 1 0 3374ba063394f2f6b39890cd3ca0148942ad74aebb2a70398dd053a934208d32 e1c6f519f4e4ee756d96ee392945d8286db4b21a1044ec9423f2d9c41b903309
373 -512 -512 2560 1 -1 0 5249544e3be4f0669cb9c5f5d900537f65fed11dc632e0939d1dedcb0d880243 2c15071e4d18cb440f22ce910f64d010fb4b9421ec240755d986e1e38fb7671a
374 -512 -512 2560 2 1 -1 53d69fc2cc08ffab28759fe23c729d2412e1fd89ded6ff222ca883139247892c e7e08410008ab9b5b3ec5277868ba7c710897a0d52d01a50dcdf39c4af232e0b
375 -512 -512 2560 -1 2 -1 5249544e3be4f0669cb9c5f5d900537f65fed11dc632e0939d1dedcb0d880243 2c15071e4d18cb440f22ce910f64d010fb4b9421ec240755d986e1e38fb7671a
376 -512 -512 4096 1 0 0 5249544e3be4f0669cb9c5f5d900537f65fed11dc632e0939d1dedcb0d880243 2c15071e4d18cb440f22ce910f64d010fb4b9421ec240755d986e1e38fb7671a
377 -512 -512 4096 -1 0 0 5249544e3be4f0669cb9c5f5d900537f65fed11dc632e0939d1dedcb0d880243 2c15071e4d18cb440f22ce910f64d010fb4b9421ec240755d986e1e38fb7671a
378 -512 -512 4096 0 1 0 5249544e3be4f0669cb9c5f5d900537f65fed11dc632e0939d1dedcb0d880243 2c15071e4d18cb440f22ce910f64d010fb4b9421ec240755d986e1e38fb7671a
379 -512 -512 4096 0 -1 0 5249544e3be4f0669cb9c5f5d900537f65fed11dc632e0939d1dedcb0d880243 2c15071e4d18cb440f22ce910f64d010fb4b9421ec240755d986e1e38fb7671a
380 -512 -512 4096 1 1 0 ae4ec250be2d9020045d64f741d06caa9078f26cff7baf15104c6aad117790a2 8bdd13102b4b2897b80e664ee3bf07615951bf16ef0961f713e2073d08cee3b6
381 -512 -512 4096 1 -1 0 5249544e3be4f0669cb9c5f5d900537f65fed11dc632e0939d1dedcb0d880243 2c15071e4d18cb440f22ce910f64d010fb4b9421ec240755d986e1e38fb7671a
382 -512 -512 4096 2 1 -1 40a6eb6004b1dea942546fa0176104901ddfedf06f6c13a7602638598a9ad2e3 8e76e84bb360a5c5a54439c0894c1b55d3f0b4e64a3cbec9e32f9dddb27cd23e
383 -512 -512 4096 -1 2 -1 5249544e3be4f0669cb9c5f5d900537f65fed11dc632e0939d1dedcb0d880243 2c15071e4d18cb440f22ce910f64d010fb4b9421ec240755d986e1e38fb7671a
384 -512 512 -1536 1 0 0 5249544e3be4f0669cb9c5f5d900537f65fed11dc632e0939d1dedcb0d880243 2c15071e4d18cb440f22ce910f64d010fb4b9421ec240755d986e1e38fb7671a
385 -512 512 -1536 -1 0 0 5249544e3be4f0669cb9c5f5d900537f65fed11dc632e0939d1dedcb0d880243 2c15071e4d18cb440f22ce910f64d010fb4b9421ec240755d986e1e38fb7671a
386 -512 512 -1536 0 1 0 5249544e3be4f0669cb9c5f5d900537f65fed11dc632e0939d1dedcb0d880243 2c15071e4d18cb440f22ce910f64d010fb4b9421ec240755d986e1e38fb7671a
387 -512 512 -1536 0 -1 0 5249544e3be4f0669cb9c5f5d900537f65fed11dc632e0939d1dedcb0d880243 2c15071e4d18cb440f22ce910f64d010fb4b9421ec240755d986e1e38fb7671a
388 -512 512 -1536 1 1 0 5249544e3be4f0669cb9c5f5d900537f65fed11dc632e0939d1dedcb0d880243 2c15071e4d18cb440f22ce910f64d010fb4b9421ec240755d986e1e38fb7671a
389 -512 512 -1536 1 -1 0 5249544e3be4f0669cb9c5f5d900537f65fed11dc632e0939d1dedcb0d880243 2c15071e4d18cb440f22ce910f64d010fb4b9421ec240755d986e1e38fb7671a
390 -512 512 -1536 2 1 -1 5249544e3be4f0669cb9c5f5d900537f65fed11dc632e0939d1dedcb0d880243 2c15071e4d18cb440f22ce910f64d010fb4b9421ec240755d986e1e38fb7671a
391 -512 512 -1536 -1 2 -1 5249544e3be4f0669cb9c5f5d900537f65fed11dc632e0939d1dedcb0d880243 2c15071e4d18cb440f22ce910f64d010fb4b9421ec240755d986e1e38fb7671a
392 -512 512 -512 1 0 0 df2b95682e9ec8ef59bd12b102a15387e00e94d3ae0122800941c635d5c53ad7 439d22531c383473085019e8bc15e8afbb8ca95fd8d58c347f47a60e39430e48
393 -512 512 -512 -1 0 0 5249544e3be4f0669cb9c5f5d900537f65fed11dc632e0939d1dedcb0d880243 2c15071e4d18cb440f22ce910f64d010fb4b9421ec240755d986e1e38fb7671a
394 -512 512 -512 0 1 0 65b900f47b54b70f7f82c3a7ee6e0c267c400782de0ed7322766ae884db34d58 97b019ac50e7e9eaaf9ce07b1878838107cd1862caef8181e583c31e600625aa
395 -512 512 -512 0 -1 0 5249544e3be4f0669cb9c5f5d900537f65fed11dc632e0939d1dedcb0d880243 2c15071e4d18cb440f22ce910f64d010fb4b9421ec240755d986e1e38fb7671a
396 -512 512 -512 1 1 0 fd6f1cf467765b9a3c6ae7cc3dec3cc4ed7ec2369b996c32c24cb9d91fc1ee26 c68d6aae7e9bf94e17350612150b8a929f6d7f295c33ad986aa1d2a3b6650c37
397 -512 512 -512 1 -1 0 5249544e3be4f0669cb9c5f5d900537f65fed11dc632e0939d1dedcb0d880243 2c15071e4d18cb440f22ce910f64d010fb4b9421ec240755d986e1e38fb7671a
398 -512 512 -512 2 1 -1 5249544e3be4f0669cb9c5f5d900537f65fed11dc632e0939d1dedcb0d880243 2c15071e4d18cb440f22ce910f64d010fb4b9421ec240755d986e1e38fb7671a
399 -512 512 -512 -1 2 -1 5249544e3be4f0669cb9c5f5d900537f65fed11dc632e0939d1dedcb0d880243 2c15071e4d18cb440f22ce910f64d010fb4b9421ec240755d986e1e38fb7671a
400 -512 512 512 1 0 0 32353fdae59242c7e271fd765ea038afd9c79c9850a5175b698105fcb05a19e4 22b260b5efc27f5a52dd0b8677c5b9f31c3015f6dda97e2aa1d9ff029ddfe07b
401 -512 512 512 -1 0 0 5249544e3be4f0669cb9c5f5d900537f65fed11dc632e0939d1dedcb0d880243 2c15071e4d18cb440f22ce910f64d010fb4b9421ec240755d986e1e38fb7671a
402 -512 512 512 0 1 0 5acbf45bae565949e17b9c3b4519a2e495d71c411914dbe30ba5f15208266849 075a663fe957e6916d72c19c8bd4d89f56dcf14ad412d1c400f929b1e1eacd6e
403 -512 512 512 0 -1 0 5249544e3be4f0669cb9c5f5d900537f65fed11dc632e0939d1dedcb0d880243 2c15071e4d18cb440f22ce910f64d010fb4b9421ec240755d986e1e38fb7671a
404 -512 512 512 1 1 0 4907626ee8958ffae9d473105f8d0f09a09619aa60eb6c78d4aa8ff5037f7b3b 8388919ac209e6dd16164bc575a8af671ff4936b77029399b010589e577992f8
405 -512 512 512 1 -1 0 0837074b811f7249d06668dce9957c0ee908bb0789e9099c45c4eeeb2aa2af20 a4be5c673af9570646a828283e97b2ec908eb6ead74bb1a3ba26f25db8f1827a
406 -512 512 512 2 1 -1 d2c7475ed7424b3e6716755b9c4f580b5204b0a31c14be0ca2413ab28f6c746a 45c96ed0071e895857c1e90bbf680268fe4c6038b752f4f2405c96c248a50388
407 -512 512 512 -1 2 -1 5249544e3be4f0669cb9c5f5d900537f65fed11dc632e0939d1dedcb0d880243 2c15071e4d18cb440f22ce910f64d010fb4b9421ec240755d986e1e38fb7671a
408 -512 512 1536 1 0 0 c81628100bf526698a9f8edd2ad72055b919454dc3d9ac9c9b280e74a868458f 2a324cc5683d8bee2865e75923aaf876e90190f8b137c91f0174a4eb2337efa0
409 -512 512 1536 -1 0 0 5249544e3be4f0669cb9c5f5d900537f65fed11dc632e0939d1dedcb0d880243 2c15071e4d18cb440f22ce910f64d010fb4b9421ec240755d986e1e38fb7671a
410 -512 512 1536 0 1 0 87541e66877095537445d2c08351ff18a701ecc8847e9a83b2160ee1a753b402 c11ba614d0a836cc6bce5ce565a42c8b7b3f4c3d8f2b0e35ff9830653479fcfa
411 -512 512 1536 0 -1 0 5249544e3be4f0669cb9c5f5d900537f65fed11dc632e0939d1dedcb0d880243 2c15071e4d18cb440f22ce910f64d010fb4b9421ec240755d986e1e38fb7671a
412 -512 512 1536 1 1 0 0cb5aaa0dfbb1d9d92e2fd8122348a42762326655fd716a68a78302a7a81d0ad 7d555b6cbc1008eea00f0b171b192b86f39d910c82afadb6fc7d6792000a035d
413 -512 512 1536 1 -1 0 194fc72abe164e58f99c468d4cbc2bcbc83bc27842dfd06d2ac34493e511d347 3ce0a28b1663fed037071fbe7f6dd0fe162ded157582837a92fc4a1c32f926d3
414 -512 512 1536 2 1 -1 0a7af80c585a29e586531c1de50bdcd36ecddf5680380d2c9585e930b9361d41 ee8bf5d7fce53b961511acc335622afca96d629c2ebc2376c146ccca9b9a8f5a
415 -512 512 1536 -1 2 -1 5249544e3be4f0669cb9c5f5d900537f65fed11dc632e0939d1dedcb0d880243 2c15071e4d18cb440f22ce910f64d010fb4b9421ec240755d986e1e38fb7671a
416 -512 512 2560 1 0 0 29a3a26b8c80568098f3b1b20f67713865f640591d15826a6d31e48ac7bd73f5 6d8803628cb4ac5c7d98da87abcc17249f4860f46915244477d0973aed5aebc1
417 -512 512 2560 -1 0 0 5249544e3be4f0669cb9c5f5d900537f65fed11dc632e0939d1dedcb0d880243 2c15071e4d18cb440f22ce910f64d010fb4b9421ec240755d986e1e38fb7671a
418 -512 512 2560 0 1 0 92c26a8028e7b559145f37fe07fc5e4ba24a8289cffbee6eb9f4660f8f88470e 96a1165c6fae8d518153d73314939b10cbb2bb6ff25b17bacf628cc4a3be5349
419 -512 512 2560 0 -1 0 5249544e3be4f0669cb9c5f5d900537f65fed11dc632e0939d1dedcb0d880243 2c15071e4d18cb440f22ce910f64d010fb4b9421ec240755d986e1e38fb7671a
420 -512 512 2560 1 1 0 705e50d00d5cbb387d549109703b818a4d6421f65be6d53da0bcd590d80a3a56 f70d2d30f3c75ddea2399a8a491d8f9ecf497aacccdabc52a5cd87359d660977
421 -512 512 2560 1 -1 0 194fc72abe164e58f99c468d4cbc2bcbc83bc27842dfd06d2ac34493e511d347 3ce0a28b1663fed037071fbe7f6dd0fe162ded157582837a92fc4a1c32f926d3
422 -512 512 2560 2 1 -1 50c8d8741b1586b58ef2beca8f6430fbda7b5552084c3926e86cebec2f5b1333 d93f81b8d0e1f3d6076fb2ef82dc71d02612e49a9a7a0c5ad846a28cc3213061
423 -512 512 2560 -1 2 -1 5249544e3be4f0669cb9c5f5d900537f65fed11dc632e0939d1dedcb0d880243 2c15071e4d18cb440f22ce910f64d010fb4b9421ec240755d986e1e38fb7671a
424 -512 512 4096 1 0 0 5249544e3be4f0669cb9c5f5d900537f65fed11dc632e0939d1dedcb0d880243 2c15071e4d18cb440f22ce910f64d010fb4b9421ec240755d986e1e38fb7671a
425 -512 512 4096 -1 0 0 5249544e3be4f0669cb9c5f5d900537f65fed11dc632e0939d1dedcb0d880243 2c15071e4d18cb440f22ce910f64d010fb4b9421ec240755d986e1e38fb7671a
426 -512 512 4096 0 1 0 5249544e3be4f0669cb9c5f5d900537f65fed11dc632e0939d1dedcb0d880243 2c15071e4d18cb440f22ce910f64d010fb4b9421ec240755d986e1e38fb7671a
427 -512 512 4096 0 -1 0 5249544e3be4f0669cb9c5f5d900537f65fed11dc632e0939d1dedcb0d880243 2c15071e4d18cb440f22ce910f64d010fb4b9421ec240755d986e1e38fb7671a
428 -512 512 4096 1 1 0 5249544e3be4f0669cb9c5f5d900537f65fed11dc632e0939d1dedcb0d880243 2c15071e4d18cb440f22ce910f64d010fb4b9421ec240755d986e1e38fb7671a
429 -512 512 4096 1 -1 0 5249544e3be4f0669cb9c5f5d900537f65fed11dc632e0939d1dedcb0d880243 2c15071e4d18cb440f22ce910f64d010fb4b9421ec240755d986e1e38fb7671a
430 -512 512 4096 2 1 -1 a46f6dc6d99f9e7b67a8d9d4672e21213805a44ab3a80958ba4205c70bdf40da 1b588be4b9d28a0bbc0c192bd1430ee49e4b7d36d09dc37957d8b2789473bd71
431 -512 512 4096 -1 2 -1 5249544e3be4f0669cb9c5f5d900537f65fed11dc632e0939d1dedcb0d880243 2c15071e4d18cb440f22ce910f64d010fb4b9421ec240755d986e1e38fb7671a
432 -512 1536 -1536 1 0 0 5249544e3be4f0669cb9c5f5d900537f65fed11dc632e0939d1dedcb0d880243 2c15071e4d18cb440f22ce910f64d010fb4b9421ec240755d986e1e38fb7671a
433 -512 1536 -1536 -1 0 0 5249544e3be4f0669cb9c5f5d900537f65fed11dc632e0939d1dedcb0d880243 2c15071e4d18cb440f22ce910f64d010fb4b9421ec240755d986e1e38fb7671a
434 -512 1536 -1536 0 1 0 5249544e3be4f0669cb9c5f5d900537f65fed11dc632e0939d1dedcb0d880243 2c15071e4d18cb440f22ce910f64d010fb4b9421ec240755d986e1e38fb7671a
435 -512 1536 -1536 0 -1 0 5249544e3be4f0669cb9c5f5d900537f65fed11dc632e0939d1dedcb0d880243 2c15071e4d18cb440f22ce910f64d010fb4b9421ec240755d986e1e38fb7671a
436 -512 1536 -1536 1 1 0 5249544e3be4f0669cb9c5f5d900537f65fed11dc632e0939d1dedcb0d880243 2c15071e4d18cb440f22ce910f64d010fb4b9421ec240755d986e1e38fb7671a
437 -512 1536 -1536 1 -1 0 5249544e3be4f0669cb9c5f5d900537f65fed11dc632e0939d1dedcb0d880243 2c15071e4d18cb440f22ce910f64d010fb4b9421ec240755d986e1e38fb7671a
438 -512 1536 -1536 2 1 -1 5249544e3be4f0669cb9c5f5d900537f65fed11dc632e0939d1dedcb0d880243 2c15071e4d18cb440f22ce910f64d010fb4b9421ec240755d986e1e38fb7671a
439 -512 1536 -1536 -1 2 -1 5249544e3be4f0669cb9c5f5d900537f65fed11dc632e0939d1dedcb0d880243 2c15071e4d18cb440f22ce910f64d010fb4b9421ec240755d986e1e38fb7671a
440 -512 1536 -512 1 0 0 eabb63cccf7baf8384c8d4196cab458effa08605503e74892c4967a9fb6b57ce 2504cdf9337c919da4182042adfb4e5c490aadfd31781ee81bf8f61bdccf43c8
441 -512 1536 -512 -1 0 0 5249544e3be4f0669cb9c5f5d900537f65fed11dc632e0939d1dedcb0d880243 2c15071e4d18cb440f22ce910f64d010fb4b9421ec240755d986e1e38fb7671a
442 -512 1536 -512 0 1 0 5249544e3be4f0669cb9c5f5d900537f65fed11dc632e0939d1dedcb0d880243 2c15071e4d18cb440f22ce910f64d010fb4b9421ec240755d986e1e38fb7671a
443 -512 1536 -512 0 -1 0 5249544e3be4f0669cb9c5f5d900537f65fed11dc632e0939d1dedcb0d880243 2c15071e4d18cb440f22ce910f64d010fb4b9421ec240755d986e1e38fb7671a
444 -512 1536 -512 1 1 0 396c134c9eda73a43cc34e50787a70571a8e4c64db17b75a4a5830e0d43ca81a 9fe6d9521e743000d874cbfb1bfb00c5777a3b5f00dbddaf308f0a053f6de879
445 -512 1536 -512 1 -1 0 313b18bf96a4fd35e450506ff76dce09a559922f06f2bf19cde6bec101275787 1803c579adb3e9f97c26ac4bbc354be9826cb86e28135264fad18b3a7baea2dd
446 -512 1536 -512 2 1 -1 5249544e3be4f0669cb9c5f5d900537f65fed11dc632e0939d1dedcb0d880243 2c15071e4d18cb440f22ce910f64d010fb4b9421ec240755d986e1e38fb7671a
447 -512 1536 -512 -1 2 -1 5249544e3be4f0669cb9c5f5d900537f65fed11dc632e0939d1dedcb0d880243 2c15071e4d18cb440f22ce910f64d010fb4b9421ec240755d986e1e38fb7671a
448 -512 1536 512 1 0 0 2ed8e3234c0c06fcd055b8932274e03c7576965053e7dfa0fe057c8414e70cb7 f543642fa7ccfcc5c0e61a3bdd244524100d1f4dea52e258b567b6d7badc2861
449 -512 1536 512 -1 0 0 5249544e3be4f0669cb9c5f5d900537f65fed11dc632e0939d1dedcb0d880243 2c15071e4d18cb440f22ce910f64d010fb4b9421ec240755d986e1e38fb7671a
450 -512 1536 512 0 1 0 5249544e3be4f0669cb9c5f5d900537f65fed11dc632e0939d1dedcb0d880243 2c15071e4d18cb440f22ce910f64d010fb4b9421ec240755d986e1e38fb7671a
451 -512 1536 512 0 -1 0 93d60de9c7c6384e12411067936f8303206552caeb5390040b48d766c9453a47 f673835ce0cf38342f79804e3fc859e807d6bad3fe49737e139a589230dca7f3
452 -512 1536 512 1 1 0 d05267184adb28bfafb628613723cc9e02802efe2e2e79b0ce40e7f962564cdb 9fc679e62944e8bb814354e45cf149cba73098d3a6f8088a3e415107304599a1
453 -512 1536 512 1 -1 0 d24ccdd8154e36dc9078ef85ccd3935822f33c4ed0149ef6d1126decd8100eb1 6a51c894e24874a0888745245699ba44bfd878b77bd8c5518cf0d483f63660ee
454 -512 1536 512 2 1 -1 6e1d3f9ef76bacf27136152a727bebabb0990ba622388433aa651ece8b6cd553 44031cd1988d7776c433ff5c933a908eaa703d65084e3d40d842148110344572
455 -512 1536 512 -1 2 -1 5249544e3be4f0669cb9c5f5d900537f65fed11dc632e0939d1dedcb0d880243 2c15071e4d18cb440f22ce910f64d010fb4b9421ec240755d986e1e38fb7671a
456 -512 1536 1536 1 0 0 e6a67e7644a845a4eaa60ad5ab04fd34774fc8e57f75daf629d576c32429ab8c 47adb30e7bfb37aad43c3fbd0a1ded5fa6e0fc7a2a62d18a130e3ee63d55b992
457 -512 1536 1536 -1 0 0 5249544e3be4f0669cb9c5f5d900537f65fed11dc632e0939d1dedcb0d880243 2c15071e4d18cb440f22ce910f64d010fb4b9421ec240755d986e1e38fb7671a
458 -512 1536 1536 0 1 0 5249544e3be4f0669cb9c5f5d900537f65fed11dc632e0939d1dedcb0d880243 2c15071e4d18cb440f22ce910f64d010fb4b9421ec240755d986e1e38fb7671a
459 -512 1536 1536 0 -1 0 85c5cc6af39539c06c078733d3cfa6275398d3c3aaeafff1c2f1075dd4b359db 0e52dddfc054e46510a00fd7ac853164ba440d13a6c79dbe6197e47aa4908280
460 -512 1536 1536 1 1 0 bfedab25be93b096d2d3b262b7f27d0e8143bfd7766d156e4ffe7a1359d4292a 633cb46f3f8513e15659ff4ba7ac912e37f57d2a288ff1a923a911437fcbfc83
461 -512 1536 1536 1 -1 0 67ef315e4f8fe84a4ba27720b011b4b45d61d42e2c9c0d979fa4ac526edfbdcd 8941418e5dccd7810a93f51ca67d0a22ae87a8359490fe4a70e6eec8bff92bb4
462 -512 1536 1536 2 1 -1 5b29e7d215fe13778a47fa7b7c2e2f58ff89455c9df3900e76e8d7d70d5b70ca 1eadbbdfee7c91e565d530d82081be00b8443b37a281a1eacfa4efe8821bb57d
463 -512 1536 1536 -1 2 -1 5249544e3be4f0669cb9c5f5d900537f65fed11dc632e0939d1dedcb0d880243 2c15071e4d18cb440f22ce910f64d010fb4b9421ec240755d986e1e38fb7671a
464 -512 1536 2560 1 0 0 29a3a26b8c80568098f3b1b20f67713865f640591d15826a6d31e48ac7bd73f5 6d8803628cb4ac5c7d98da87abcc17249f4860f46915244477d0973aed5aebc1
465 -512 1536 2560 -1 0 0 5249544e3be4f0669cb9c5f5d900537f65fed11dc632e0939d1dedcb0d880243 2c15071e4d18cb440f22ce910f64d010fb4b9421ec240755d986e1e38fb7671a
466 -512 1536 2560 0 1 0 5249544e3be4f0669cb9c5f5d900537f65fed11dc632e0939d1dedcb0d880243 2c15071e4d18cb440f22ce910f64d010fb4b9421ec240755d986e1e38fb7671a
467 -512 1536 2560 0 -1 0 3b0d4905cca9cb207760c7d1846a236b4c05e65fb5a54665244905f51143d141 ca7fe6cd96b96dcc3a5b48c84c97cbc8e93735141c1e7ded78979a44028234d7
468 -512 1536 2560 1 1 0 f2bef6bcbba9c6751616fa230a54fd8505debb2b9dd1092963f3a3bacb739fc4 21c96e88518a67ac2d19ba3d12df8c5e658e6f5ff5f1d0d9fca60eb7f7279b54
469 -512 1536 2560 1 -1 0 ddb07c58a10d8de7197bf0711df17fa04b97ddda6714d384ffd86824c4e3aefb e1a5781f257613977a535a2126e0ff295719aae7fb9c1042c51cc9c1f130e14a
470 -512 1536 2560 2 1 -1 5015436805b6d9ecac445d1574fa1b0edf6b5233348aa1d856aefc7b20194530 70fb78f6c97d60064e6edb8f0240256fb5217e1e660c7c13fb6e2a1f6d6120a3
471 -512 1536 2560 -1 2 -1 5249544e3be4f0669cb9c5f5d900537f65fed11dc632e0939d1dedcb0d880243 2c15071e4d18cb440f22ce910f64d010fb4b9421ec240755d986e1e38fb7671a
472 -512 1536 4096 1 0 0 5249544e3be4f0669cb9c5f5d900537f65fed11dc632e0939d1dedcb0d880243 2c15071e4d18cb440f22ce910f64d010fb4b9421ec240755d986e1e38fb7671a
473 -512 1536 4096 -1 0 0 5249544e3be4f0669cb9c5f5d900537f65fed11dc632e0939d1dedcb0d880243 2c15071e4d18cb440f22ce910f64d010fb4b9421ec240755d986e1e38fb7671a
474 -512 1536 4096 0 1 0 5249544e3be4f0669cb9c5f5d900537f65fed11dc632e0939d1dedcb0d880243 2c15071e4d18cb440f22ce910f64d010fb4b9421ec240755d986e1e38fb7671a
475 -512 1536 4096 0 -1 0 5249544e3be4f0669cb9c5f5d900537f65fed11dc632e0939d1dedcb0d880243 2c15071e4d18cb440f22ce910f64d010fb4b9421ec240755d986e1e38fb7671a
476 -512 1536 4096 1 1 0 5249544e3be4f0669cb9c5f5d900537f65fed11dc632e0939d1dedcb0d880243 2c15071e4d18cb440f22ce910f64d010fb4b9421ec240755d986e1e38fb7671a
477 -512 1536 4096 1 -1 0 5249544e3be4f0669cb9c5f5d900537f65fed11dc632e0939d1dedcb0d880243 2c15071e4d18cb440f22ce910f64d010fb4b9421ec240755d986e1e38fb7671a
478 -512 1536 4096 2 1 -1 7e41e1cc9576c7d4a3a60ed83007e629fd90e2b58d1480a62645f29a1ab35614 d3db7590ab0678983c5caa29d2e4d3cb3cdb81ebe60edf4cac3c02ebcd831be0
479 -512 1536 4096 -1 2 -1 5249544e3be4f0669cb9c5f5d900537f65fed11dc632e0939d1dedcb0d880243 2c15071e4d18cb440f22ce910f64d010fb4b9421ec240755d986e1e38fb7671a
480 -512 2560 -1536 1 0 0 5249544e3be4f0669cb9c5f5d900537f65fed11dc632e0939d1dedcb0d880243 2c15071e4d18cb440f22ce910f64d010fb4b9421ec240755d986e1e38fb7671a
481 -512 2560 -1536 -1 0 0 5249544e3be4f0669cb9c5f5d900537f65fed11dc632e0939d1dedcb0d880243 2c15071e4d18cb440f22ce910f64d010fb4b9421ec240755d986e1e38fb7671a
482 -512 2560 -1536 0 1 0 5249544e3be4f0669cb9c5f5d900537f65fed11dc632e0939d1dedcb0d880243 2c15071e4d18cb440f22ce910f64d010fb4b9421ec240755d986e1e38fb7671a
483 -512 2560 -1536 0 -1 0 5249544e3be4f0669cb9c5f5d900537f65fed11dc632e0939d1dedcb0d880243 2c15071e4d18cb440f22ce910f64d010fb4b9421ec240755d986e1e38fb7671a
484 -512 2560 -1536 1 1 0 5249544e3be4f0669cb9c5f5d900537f65fed11dc632e0939d1dedcb0d880243 2c15071e4d18cb440f22ce910f64d010fb4b9421ec240755d986e1e38fb7671a
485 -512 2560 -1536 1 -1 0 5249544e3be4f0669cb9c5f5d900537f65fed11dc632e0939d1dedcb0d880243 2c15071e4d18cb440f22ce910f64d010fb4b9421ec240755d986e1e38fb7671a
486 -512 2560 -1536 2 1 -1 5249544e3be4f0669cb9c5f5d900537f65fed11dc632e0939d1dedcb0d880243 2c15071e4d18cb440f22ce910f64d010fb4b9421ec240755d986e1e38fb7671a
487 -512 2560 -1536 -1 2 -1 5249544e3be4f0669cb9c5f5d900537f65fed11dc632e0939d1dedcb0d880243 2c15071e4d18cb440f22ce910f64d010fb4b9421ec240755d986e1e38fb7671a
488 -512 2560 -512 1 0 0 56045a50b69c16baf6eb237cd14cdd16eddbc773852552c41a24c5266e9fb002 d48899730f3bafd5914d93aa158bc890604dba64a5688f39044a3f676983a378
489 -512 2560 -512 -1 0 0 5249544e3be4f0669cb9c5f5d900537f65fed11dc632e0939d1dedcb0d880243 2c15071e4d18cb440f22ce910f64d010fb4b9421ec240755d986e1e38fb7671a
490 -512 2560 -512 0 1 0 5249544e3be4f0669cb9c5f5d900537f65fed11dc632e0939d1dedcb0d880243 2c15071e4d18cb440f22ce910f64d010fb4b9421ec240755d986e1e38fb7671a
491 -512 2560 -512 0 -1 0 960b871261f262c44498008359f0460932cc0f82621bed8f79dd859225a18948 58ae99363d16249f92cd91e1f5f2b00d9c09d22c335f982bbb5db61bf6942393
492 -512 2560 -512 1 1 0 5249544e3be4f0669cb9c5f5d900537f65fed11dc632e0939d1dedcb0d880243 2c15071e4d18cb440f22ce910f64d010fb4b9421ec240755d986e1e38fb7671a
493 -512 2560 -512 1 -1 0 0a06cbbc0a1e25c827d91de474fe1ed1c7ec84fcc0428f8fde2bb47abe3324d3 371786a22c52148e3fcca093230286e87aac5956408a16cfdb7d9ea91ff97f48
494 -512 2560 -512 2 1 -1 5249544e3be4f0669cb9c5f5d900537f65fed11dc632e0939d1dedcb0d880243 2c15071e4d18cb440f22ce910f64d010fb4b9421ec240755d986e1e38fb7671a
495 -512 2560 -512 -1 2 -1 5249544e3be4f0669cb9c5f5d900537f65fed11dc632e0939d1dedcb0d880243 2c15071e4d18cb440f22ce910f64d010fb4b9421ec240755d986e1e38fb7671a
496 -512 2560 512 1 0 0 8e10b381a8cf3f7e9d19a54f91e6b8a0a4860818557878ab7c0f2aff1e287124 a5c0b0cb48aa9da29ecc41d75fac2ea9e81f579f995b59a7e2492316d08385d8
497 -512 2560 512 -1 0 0 5249544e3be4f0669cb9c5f5d900537f65fed11dc632e0939d1dedcb0d880243 2c15071e4d18cb440f22ce910f64d010fb4b9421ec240755d986e1e38fb7671a
498 -512 2560 512 0 1 0 5249544e3be4f0669cb9c5f5d900537f65fed11dc632e0939d1dedcb0d880243 2c15071e4d18cb440f22ce910f64d010fb4b9421ec240755d986e1e38fb7671a
499 -512 2560 512 0 -1 0 804dc074eaf0ab9b594d591deeb4496bc10b31849c9aa3887575099cb544c486 1e3bc07d5d5a3d9acf8d0c0aacf521c9b62f8113d1915ea1183b92242bc4ed64
500 -512 2560 512 1 1 0 fb37ff6a86387fd3962b93de7c613a9782fe047b4fe2c7bf2f69f7c3bad4ed9b 21189f80ac2bdd05dfa0aa81808aa5d8e8728d9d70dc02f1518dd8420eca6734
501 -512 2560 512 1 -1 0 3c961f179217c2b33228cc1b8e4a32c1b9a323d1d7c5b22d1ad0deacedde123d 356d90fd960422203736875ef9527fe07724b75f5ae4b33ee05d0998d4f1b4ee
502 -512 2560 512 2 1 -1 d5654c10495d1d8801319d09d77a5dc4ccbd891b2bab61ba2040e1774ba39962 b6456523e0fb8fa7cb00117c808a3f9f24b6bd5ef37d93cc04bfbb0f19bdd937
503 -512 2560 512 -1 2 -1 5249544e3be4f0669cb9c5f5d900537f65fed11dc632e0939d1dedcb0d880243 2c15071e4d18cb440f22ce910f64d010fb4b9421ec240755d986e1e38fb7671a
504 -512 2560 1536 1 0 0 810ca09419d76853d17399c7e11ba70a21769b2632f157b27242b99ffc450799 97a12f09545b155db1f5f5bb0d4f494f764b738d014dc8a48a8696ef4147c437
505 -512 2560 1536 -1 0 0 5249544e3be4f0669cb9c5f5d900537f65fed11dc632e0939d1dedcb0d880243 2c15071e4d18cb440f22ce910f64d010fb4b9421ec240755d986e1e38fb7671a
506 -512 2560 1536 0 1 0 5249544e3be4f0669cb9c5f5d900537f65fed11dc632e0939d1dedcb0d880243 2c15071e4d18cb440f22ce910f64d010fb4b9421ec240755d986e1e38fb7671a
507 -512 2560 1536 0 -1 0 1ac18e5091929e38ad7fa8453d44b725c19c007b411416f5318fb9c9cc63f17d 756a888cdd9702d466d0dea5b4bf2d9f92e6108c16412cb792f948f3a903ca68
508 -512 2560 1536 1 1 0 46a0f1f870ff52b2d22c15a4d9247dd549dbdb1d623b59a1c5ca812775cad4fa 3c2c50951efbe0a77469c1f0547306b2b67a1e7285fe9601b584b90d8a9d1dce
509 -512 2560 1536 1 -1 0 e601ec178d001f113c381449b727359a697f2fb924a39035b0be92e0428a0bee 3f7be4da3d523326d38316f541a3f1b5b2082e853712b7e300465090484156c7
510 -512 2560 1536 2 1 -1 7fcd299099ca66d19f32b3f78acc91df54761e6466845b79f6b14008f37fc0f0 b2d7fe3c2ad9590b5bcac56b2c283754bd4a9d46472dcdef631abda97c090aba
511 -512 2560 1536 -1 2 -1 5249544e3be4f0669cb9c5f5d900537f65fed11dc632e0939d1dedcb0d880243 2c15071e4d18cb440f22ce910f64d010fb4b9421ec240755d986e1e38fb7671a
512 -512 2560 2560 1 0 0 02eb0130c999dece437b6e1d2915965ed90059a62d20408a1689538e9d27b3d5 3340be13c1b2dae1487dbd606d6c1dc96e55e6479cb90ce0c8c0f9b0cd0412be
513 -512 2560 2560 -1 0 0 5249544e3be4f0669cb9c5f5d900537f65fed11dc632e0939d1dedcb0d880243 2c15071e4d18cb440f22ce910f64d010fb4b9421ec240755d986e1e38fb7671a
514 -512 2560 2560 0 1 0 5249544e3be4f0669cb9c5f5d900537f65fed11dc632e0939d1dedcb0d880243 2c15071e4d18cb440f22ce910f64d010fb4b9421ec240755d986e1e38fb7671a
515 -512 2560 2560 0 -1 0 1e2c9fb1ce58e9036fee1fccadacb21657629b7a532c09f2cfe209331951eec8 ad87a1894eac18cd259efa8e1aa88be05bc864f44c87a27f5dffbfa2bcd2a33b
516 -512 2560 2560 1 1 0 bac3c71039d094f0ef3ca01d9ffa25f8e0b1c6d1d2e7f835345650eb3a22dbb8 db14b929a84ddbae1beca8c0095c3a39649eb8804b05e980e6fc354d16411f3b
517 -512 2560 2560 1 -1 0 32b36609633f52881166512d3e95d7c8b90ee16ed3779d73ac3bf6abfc06899b c90b674ee65096d567c67d4b62c62ef88224b87e100a4c68c796bad410026080
518 -512 2560 2560 2 1 -1 f3f6f5c5d2bb26e924ab53c85648c247f93e3edbff467509e7b41e52cce3127a 7ed2b7ba02095270884d2d4d3a585151bc4fc32aa88c3831a8d2ad94c733ebf8
519 -512 2560 2560 -1 2 -1 5249544e3be4f0669cb9c5f5d900537f65fed11dc632e0939d1dedcb0d880243 2c15071e4d18cb440f22ce910f64d010fb4b9421ec240755d986e1e38fb7671a
520 -512 2560 4096 1 0 0 5249544e3be4f0669cb9c5f5d900537f65fed11dc632e0939d1dedcb0d880243 2c15071e4d18cb440f22ce910f64d010fb4b9421ec240755d986e1e38fb7671a
521 -512 2560 4096 -1 0 0 5249544e3be4f0669cb9c5f5d900537f65fed11dc632e0939d1dedcb0d880243 2c15071e4d18cb440f22ce910f64d010fb4b9421ec240755d986e1e38fb7671a
522 -512 2560 4096 0 1 0 5249544e3be4f0669cb9c5f5d900537f65fed11dc632e0939d1dedcb0d880243 2c15071e4d18cb440f22ce910f64d010fb4b9421ec240755d986e1e38fb7671a
523 -512 2560 4096 0 -1 0 5249544e3be4f0669cb9c5f5d900537f65fed11dc632e0939d1dedcb0d880243 2c15071e4d18cb440f22ce910f64d010fb4b9421ec240755d986e1e38fb7671a
524 -512 2560 4096 1 1 0 5249544e3be4f0669cb9c5f5d900537f65fed11dc632e0939d1dedcb0d880243 2c15071e4d18cb440f22ce910f64d010fb4b9421ec240755d986e1e38fb7671a
525 -512 2560 4096 1 -1 0 bc018e85cc5ef7b51fc2231efb997a21d87662b1f1ca3fceabfc7176194302f4 1ce5a6d87843ee7ea988758c553caec1a5eb3820f032cf3b4fc9691384a9f52a
526 -512 2560 4096 2 1 -1 47b17846b71e09c3d928fbef10c660ed4a09d6f71343a9e755d91bec5e33cd67 aaccf93d4cd6f468662dd855970d859fba783e2c353ca5768709ebcdb43f4cd0
527 -512 2560 4096 -1 2 -1 5249544e3be4f0669cb9c5f5d900537f65fed11dc632e0939d1dedcb0d880243 2c15071e4d18cb440f22ce910f64d010fb4b9421ec240755d986e1e38fb7671a
528 -512 4096 -1536 1 0 0 5249544e3be4f0669cb9c5f5d900537f65fed11dc632e0939d1dedcb0d880243 2c15071e4d18cb440f22ce910f64d010fb4b9421ec240755d986e1e38fb7671a
529 -512 4096 -1536 -1 0 0 5249544e3be4f0669cb9c5f5d900537f65fed11dc632e0939d1dedcb0d880243 2c15071e4d18cb440f22ce910f64d010fb4b9421ec240755d986e1e38fb7671a
530 -512 4096 -1536 0 1 0 5249544e3be4f0669cb9c5f5d900537f65fed11dc632e0939d1dedcb0d880243 2c15071e4d18cb440f22ce910f64d010fb4b9421ec240755d986e1e38fb7671a
531 -512 4096 -1536 0 -1 0 5249544e3be4f0669cb9c5f5d900537f65fed11dc632e0939d1dedcb0d880243 2c15071e4d18cb440f22ce910f64d010fb4b9421ec240755d986e1e38fb7671a
532 -512 4096 -1536 1 1 0 5249544e3be4f0669cb9c5f5d900537f65fed11dc632e0939d1dedcb0d880243 2c15071e4d18cb440f22ce910f64d010fb4b9421ec240755d986e1e38fb7671a
533 -512 4096 -1536 1 -1 0 5249544e3be4f0669cb9c5f5d900537f65fed11dc632e0939d1dedcb0d880243 2c15071e4d18cb440f22ce910f64d010fb4b9421ec240755d986e1e38fb7671a
534 -512 4096 -1536 2 1 -1 5249544e3be4f0669cb9c5f5d900537f65fed11dc632e0939d1dedcb0d880243 2c15071e4d18cb440f22ce910f64d010fb4b9421ec240755d986e1e38fb7671a
535 -512 4096 -1536 -1 2 -1 5249544e3be4f0669cb9c5f5d900537f65fed11dc632e0939d1dedcb0d880243 2c15071e4d18cb440f22ce910f64d010fb4b9421ec240755d986e1e38fb7671a
536 -512 4096 -512 1 0 0 a72bdbaf74eb5a4b3573cffee6e1a846d41bd3293927ae71bff2561f06f3a043 da1100e847c77ff2c9b70a1d81256c9c97c204f6c994c816b370aeff869eb78a
537 -512 4096 -512 -1 0 0 5249544e3be4f0669cb9c5f5d900537f65fed11dc632e0939d1dedcb0d880243 2c15071e4d18cb440f22ce910f64d010fb4b9421ec240755d986e1e38fb7671a
538 -512 4096 -512 0 1 0 5249544e3be4f0669cb9c5f5d900537f65fed11dc632e0939d1dedcb0d880243 2c15071e4d18cb440f22ce910f64d010fb4b9421ec240755d986e1e38fb7671a
539 -512 4096 -512 0 -1 0 98211a4be98086a8429d4f70390430b558554abd3f9be67756e2fcea179b6d83 58f2f81279463e6c4a9edae39646abd715c7cce40352a00476bcdcfb484c5f91
540 -512 4096 -512 1 1 0 5249544e3be4f0669cb9c5f5d900537f65fed11dc632e0939d1dedcb0d880243 2c15071e4d18cb440f22ce910f64d010fb4b9421ec240755d986e1e38fb7671a
541 -512 4096 -512 1 -1 0 0e96c962bac670cf458b1458f9c23a669af6b497c5c63aabbdadb66921f9af70 4003dd36a0a84c69a2f8dec9a0d80d42b6c74a68c88bb7e60c8c2fc3eaa86e9c
542 -512 4096 -512 2 1 -1 5249544e3be4f0669cb9c5f5d900537f65fed11dc632e0939d1dedcb0d880243 2c15071e4d18cb440f22ce910f64d010fb4b9421ec240755d986e1e38fb7671a
543 -512 4096 -512 -1 2 -1 5249544e3be4f0669cb9c5f5d900537f65fed11dc632e0939d1dedcb0d880243 2c15071e4d18cb440f22ce910f64d010fb4b9421ec240755d986e1e38fb7671a
544 -512 4096 512 1 0 0 57069a25af71939f1bac9f3d6e00b47459e720ebb99524cf15b3b3c6f3762ac7 8821177102f5050d88af7c078910b5be0b4ca05e5f4f3f68f0474861254a84ed
545 -512 4096 512 -1 0 0 5249544e3be4f0669cb9c5f5d900537f65fed11dc632e0939d1dedcb0d880243 2c15071e4d18cb440f22ce910f64d010fb4b9421ec240755d986e1e38fb7671a
546 -512 4096 512 0 1 0 5249544e3be4f0669cb9c5f5d900537f65fed11dc632e0939d1dedcb0d880243 2c15071e4d18cb440f22ce910f64d010fb4b9421ec240755d986e1e38fb7671a
547 -512 4096 512 0 -1 0 3e0ddc16be12cf2175e3eb03a5f620fa3cf07822a0524cbc14a66afe9822394a 86cfa696fcbfae598a64eb9cf6b3ddec554e7e12e457f541db8ca77c829f1811
548 -512 4096 512 1 1 0 5249544e3be4f0669cb9c5f5d900537f65fed11dc632e0939d1dedcb0d880243 2c15071e4d18cb440f22ce910f64d010fb4b9421ec240755d986e1e38fb7671a
549 -512 4096 512 1 -1 0 a8ecda9dc61641b7879b6d117832277cf32c7c82da4a5b58d59d73c495f4b095 b9d68d869b8d169d34fd7a5606b05f32fbcb1f53336f20b3599215c30f9a543e
550 -512 4096 512 2 1 -1 5249544e3be4f0669cb9c5f5d900537f65fed11dc632e0939d1dedcb0d880243 2c15071e4d18cb440f22ce910f64d010fb4b9421ec240755d986e1e38fb7671a
551 -512 4096 512 -1 2 -1 5249544e3be4f0669cb9c5f5d900537f65fed11dc632e0939d1dedcb0d880243 2c15071e4d18cb440f22ce910f64d010fb4b9421ec240755d986e1e38fb7671a
552 -512 4096 1536 1 0 0 f8aece3f6b02ee8ad907a021b02972cc1458396fe4ad92c759f9b73ac1af77f4 6b082a7eb4c4eb75068fec557563ce8f6760e50f3e06821060c3398e2a37ff33
553 -512 4096 1536 -1 0 0 5249544e3be4f0669cb9c5f5d900537f65fed11dc632e0939d1dedcb0d880243 2c15071e4d18cb440f22ce910f64d010fb4b9421ec240755d986e1e38fb7671a
554 -512 4096 1536 0 1 0 5249544e3be4f0669cb9c5f5d900537f65fed11dc632e0939d1dedcb0d880243 2c15071e4d18cb440f22ce910f64d010fb4b9421ec240755d986e1e38fb7671a
555 -512 4096 1536 0 -1 0 8ce70cc1688e952d45d668f2f606ae787f8b009ea2a1bdab3ccf32f8b04baad7 e7f156bda3d49203b09092bcbd177473231a6b83e4b3adc8fbda5cb662d72a0e
556 -512 4096 1536 1 1 0 5249544e3be4f0669cb9c5f5d900537f65fed11dc632e0939d1dedcb0d880243 2c15071e4d18cb440f22ce910f64d010fb4b9421ec240755d986e1e38fb7671a
557 -512 4096 1536 1 -1 0 bfbacc1ae1d90bc4b7ad9df83b8fddcf0f155a6d5e0958558313ea1715285868 a1f2e8f94032c5420179dce46bf0aaa8cf805c469f929957474b6b50f22ac54d
558 -512 4096 1536 2 1 -1 5249544e3be4f0669cb9c5f5d900537f65fed11dc632e0939d1dedcb0d880243 2c15071e4d18cb440f22ce910f64d010fb4b9421ec240755d986e1e38fb7671a
559 -512 4096 1536 -1 2 -1 5249544e3be4f0669cb9c5f5d900537f65fed11dc632e0939d1dedcb0d880243 2c15071e4d18cb440f22ce910f64d010fb4b9421ec240755d986e1e38fb7671a
560 -512 4096 2560 1 0 0 3b5eaa839e51c568f63a8f01459ce83f2ff274a000b53049b7df8df0a53eb217 ae02c74ea81c5fe570e27a37bbbabe43937c70ccf57f0469bd05652e24caed61
561 -512 4096 2560 -1 0 0 5249544e3be4f0669cb9c5f5d900537f65fed11dc632e0939d1dedcb0d880243 2c15071e4d18cb440f22ce910f64d010fb4b9421ec240755d986e1e38fb7671a
562 -512 4096 2560 0 1 0 5249544e3be4f0669cb9c5f5d900537f65fed11dc632e0939d1dedcb0d880243 2c15071e4d18cb440f22ce910f64d010fb4b9421ec240755d986e1e38fb7671a
563 -512 4096 2560 0 -1 0 3d03675c569cbd82f411502e51cd989aed23acf6da864a703c1ad3395ba85b44 6f210a61264eae211b6af144a450c58739123f928c7e8881177d060adf88a42a
564 -512 4096 2560 1 1 0 5249544e3be4f0669cb9c5f5d900537f65fed11dc632e0939d1dedcb0d880243 2c15071e4d18cb440f22ce910f64d010fb4b9421ec240755d986e1e38fb7671a
565 -512 4096 2560 1 -1 0 bfb4175626056f601d0882ed9aa47a08ca8a6414ada3e22f7f4a00afe9ff5c0d f24175eba7a2086999711f1ef371e1ae60c13300e4c0c97937baccb587ec6c92
566 -512 4096 2560 2 1 -1 5249544e3be4f0669cb9c5f5d900537f65fed11dc632e0939d1dedcb0d880243 2c15071e4d18cb440f22ce910f64d010fb4b9421ec240755d986e1e38fb7671a
567 -512 4096 2560 -1 2 -1 5249544e3be4f0669cb9c5f5d900537f65fed11dc632e0939d1dedcb0d880243 2c15071e4d18cb440f22ce910f64d010fb4b9421ec240755d986e1e38fb7671a
568 -512 4096 4096 1 0 0 5249544e3be4f0669cb9c5f5d900537f65fed11dc632e0939d1dedcb0d880243 2c15071e4d18cb440f22ce910f64d010fb4b9421ec240755d986e1e38fb7671a
569 -512 4096 4096 -1 0 0 5249544e3be4f0669cb9c5f5d900537f65fed11dc632e0939d1dedcb0d880243 2c15071e4d18cb440f22ce910f64d010fb4b9421ec240755d986e1e38fb7671a
570 -512 4096 4096 0 1 0 5249544e3be4f0669cb9c5f5d900537f65fed11dc632e0939d1dedcb0d880243 2c15071e4d18cb440f22ce910f64d010fb4b9421ec240755d986e1e38fb7671a
571 -512 4096 4096 0 -1 0 5249544e3be4f0669cb9c5f5d900537f65fed11dc632e0939d1dedcb0d880243 2c15071e4d18cb440f22ce910f64d010fb4b9421ec240755d986e1e38fb7671a
572 -512 4096 4096 1 1 0 5249544e3be4f0669cb9c5f5d900537f65fed11dc632e0939d1dedcb0d880243 2c15071e4d18cb440f22ce910f64d010fb4b9421ec240755d986e1e38fb7671a
573 -512 4096 4096 1 -1 0 b9d014f82f5c73ec5a8daee37590968d2793f0873ede1adf3c289a271185b1b8 f97d4a7db1b7389dab9bbdf2127c4ef380990948ec50afe45895598c99a8dbd5
574 -512 4096 4096 2 1 -1 5249544e3be4f0669cb9c5f5d900537f65fed11dc632e0939d1dedcb0d880243 2c15071e4d18cb440f22ce910f64d010fb4b9421ec240755d986e1e38fb7671a
575 -512 4096 4096 -1 2 -1 5249544e3be4f0669cb9c5f5d900537f65fed11dc632e0939d1dedcb0d880243 2c15071e4d18cb440f22ce910f64d010fb4b9421ec240755d986e1e38fb7671a
576 512 -1536 -1536 1 0 0 5249544e3be4f0669cb9c5f5d900537f65fed11dc632e0939d1dedcb0d880243 2c15071e4d18cb440f22ce910f64d010fb4b9421ec240755d986e1e38fb7671a
577 512 -1536 -1536 -1 0 0 5249544e3be4f0669cb9c5f5d900537f65fed11dc632e0939d1dedcb0d880243 2c15071e4d18cb440f22ce910f64d010fb4b9421ec240755d986e1e38fb7671a
578 512 -1536 -1536 0 1 0 5249544e3be4f0669cb9c5f5d900537f65fed11dc632e0939d1dedcb0d880243 2c15071e4d18cb440f22ce910f64d010fb4b9421ec240755d986e1e38fb7671a
579 512 -1536 -1536 0 -1 0 5249544e3be4f0669cb9c5f5d900537f65fed11dc632e0939d1dedcb0d880243 2c15071e4d18cb440f22ce910f64d010fb4b9421ec240755d986e1e38fb7671a
580 512 -1536 -1536 1 1 0 5249544e3be4f0669cb9c5f5d900537f65fed11dc632e0939d1dedcb0d880243 2c15071e4d18cb440f22ce910f64d010fb4b9421ec240755d986e1e38fb7671a
581 512 -1536 -1536 1 -1 0 5249544e3be4f0669cb9c5f5d900537f65fed11dc632e0939d1dedcb0d880243 2c15071e4d18cb440f22ce910f64d010fb4b9421ec240755d986e1e38fb7671a
582 512 -1536 -1536 2 1 -1 5249544e3be4f0669cb9c5f5d900537f65fed11dc632e0939d1dedcb0d880243 2c15071e4d18cb440f22ce910f64d010fb4b9421ec240755d986e1e38fb7671a
583 512 -1536 -1536 -1 2 -1 5249544e3be4f0669cb9c5f5d900537f65fed11dc632e0939d1dedcb0d880243 2c15071e4d18cb440f22ce910f64d010fb4b9421ec240755d986e1e38fb7671a
584 512 -1536 -512 1 0 0 5249544e3be4f0669cb9c5f5d900537f65fed11dc632e0939d1dedcb0d880243 2c15071e4d18cb440f22ce910f64d010fb4b9421ec240755d986e1e38fb7671a
585 512 -1536 -512 -1 0 0 5249544e3be4f0669cb9c5f5d900537f65fed11dc632e0939d1dedcb0d880243 2c15071e4d18cb440f22ce910f64d010fb4b9421ec240755d986e1e38fb7671a
586 512 -1536 -512 0 1 0 f05bc1642e297f415b5fe58c1fb8dbd4e66b8da25e87dbc1867747a764009593 4983b7f3075f3bf7ae964949c3ccd1fe19050f30c28885cc9e35ade0d98e1c08
587 512 -1536 -512 0 -1 0 5249544e3be4f0669cb9c5f5d900537f65fed11dc632e0939d1dedcb0d880243 2c15071e4d18cb440f22ce910f64d010fb4b9421ec240755d986e1e38fb7671a
588 512 -1536 -512 1 1 0 4d3a53a298bd8153511318db0d5c11cdbad4a5f827b09329f23c31fe77050e8c 8dbd0db4440555c71e19d97bc93657d2c17a08a315723ddcdc9045eed6a0b8ec
589 512 -1536 -512 1 -1 0 5249544e3be4f0669cb9c5f5d900537f65fed11dc632e0939d1dedcb0d880243 2c15071e4d18cb440f22ce910f64d010fb4b9421ec240755d986e1e38fb7671a
590 512 -1536 -512 2 1 -1 5249544e3be4f0669cb9c5f5d900537f65fed11dc632e0939d1dedcb0d880243 2c15071e4d18cb440f22ce910f64d010fb4b9421ec240755d986e1e38fb7671a
591 512 -1536 -512 -1 2 -1 5249544e3be4f0669cb9c5f5d900537f65fed11dc632e0939d1dedcb0d880243 2c15071e4d18cb440f22ce910f64d010fb4b9421ec240755d986e1e38fb7671a
592 512 -1536 512 1 0 0 5249544e3be4f0669cb9c5f5d900537f65fed11dc632e0939d1dedcb0d880243 2c15071e4d18cb440f22ce910f64d010fb4b9421ec240755d986e1e38fb7671a
593 512 -1536 512 -1 0 0 5249544e3be4f0669cb9c5f5d900537f65fed11dc632e0939d1dedcb0d880243 2c15071e4d18cb440f22ce910f64d010fb4b9421ec240755d986e1e38fb7671a
594 512 -1536 512 0 1 0 6097ac66dccb63f06262400098a827d4d4afdfa8e0c9ec8f80d9c74f7ee4c7b5 f23dda8590db1c7c22bafc3de72da97bd24b34ff9011893bad6bf01f54af0711
595 512 -1536 512 0 -1 0 5249544e3be4f0669cb9c5f5d900537f65fed11dc632e0939d1dedcb0d880243 2c15071e4d18cb440f22ce910f64d010fb4b9421ec240755d986e1e38fb7671a
596 512 -1536 512 1 1 0 834df238def52f69a870ffb61fe96fd0bc44b30262d62c3338c39e1d12ed98ee 1460fef2cb700daac86b4e9cf2bf5e6fca789ffb08bb50c3bd7d0c5c733cf083
597 512 -1536 512 1 -1 0 5249544e3be4f0669cb9c5f5d900537f65fed11dc632e0939d1dedcb0d880243 2c15071e4d18cb440f22ce910f64d010fb4b9421ec240755d986e1e38fb7671a
598 512 -1536 512 2 1 -1 968474b2ac7e5abd999ff65872f817914623038a9e40508da560b555ee264678 82e8acd37b67ffd3bdb32d7d163562318d9411ada1859afa1664e305f9e93fc5
599 512 -1536 512 -1 2 -1 891e1715b0bb21bbef1cb4986c809f0d88a187223bb80b1c5a9516b17995379b 6dade9279a4ba65066bb76e19ea4d854ac985dff8893d81a1a9144f44408cab0
600 512 -1536 1536 1 0 0 5249544e3be4f0669cb9c5f5d900537f65fed11dc632e0939d1dedcb0d880243 2c15071e4d18cb440f22ce910f64d010fb4b9421ec240755d986e1e38fb7671a
601 512 -1536 1536 -1 0 0 5249544e3be4f0669cb9c5f5d900537f65fed11dc632e0939d1dedcb0d880243 2c15071e4d18cb440f22ce910f64d010fb4b9421ec240755d986e1e38fb7671a
602 512 -1536 1536 0 1 0 40641643bc3f1b6f6c581e4bddf2b9353b7fa5556b7c8997a887a1fa78a63c02 48bd0c7477323207b5e75626c83df2f055702fcd07463577fdea9e0d23a2dc58
603 512 -1536 1536 0 -1 0 5249544e3be4f0669cb9c5f5d900537f65fed11dc632e0939d1dedcb0d880243 2c15071e4d18cb440f22ce910f64d010fb4b9421ec240755d986e1e38fb7671a
604 512 -1536 1536 1 1 0 cc7b0a8221aa9601b941d3622564abc4ceff9c5422a20ea7a21b9d1d61451901 1b77fd353816957d76796cc0bcc81e35bb9d8d44a2d84c166ccf4a0951a9bef6
605 512 -1536 1536 1 -1 0 5249544e3be4f0669cb9c5f5d900537f65fed11dc632e0939d1dedcb0d880243 2c15071e4d18cb440f22ce910f64d010fb4b9421ec240755d986e1e38fb7671a
606 512 -1536 1536 2 1 -1 71c905e900fa36314f59346d58c5087e56c11dfec97f3a11f77f44765d7fad47 6b6d8185395e226d8341d6f4593aee80c62a7203d24bcb404269ae4edbc9c299
607 512 -1536 1536 -1 2 -1 645f535391e9ab954856e3f6e69976821fcb0445750a2d6a2471e27a9d2fea22 d0d227a90230a13d0d4f3a389e41b0510e580b06d06e197690fa4d9abcc61b7e
608 512 -1536 2560 1 0 0 5249544e3be4f0669cb9c5f5d900537f65fed11dc632e0939d1dedcb0d880243 2c15071e4d18cb440f22ce910f64d010fb4b9421ec240755d986e1e38fb7671a
609 512 -1536 2560 -1 0 0 5249544e3be4f0669cb9c5f5d900537f65fed11dc632e0939d1dedcb0d880243 2c15071e4d18cb440f22ce910f64d010fb4b9421ec240755d986e1e38fb7671a
610 512 -1536 2560 0 1 0 1887717382d74be33849927907ea30453e9135879e19ebb0903f6d5eac95571a ca58670ffb5649481083ef34b08b0266db971af9a2553ac0bfa3df8044b7151a
611 512 -1536 2560 0 -1 0 5249544e3be4f0669cb9c5f5d900537f65fed11dc632e0939d1dedcb0d880243 2c15071e4d18cb440f22ce910f64d010fb4b9421ec240755d986e1e38fb7671a
612 512 -1536 2560 1 1 0 95753d9a57d3f175405381e5211261de4472cb250e8451eebde2c89f7b9fee73 1638cb1e8419287428d479918b77aae4c592ad2c2dfc2019f0bfd6614f899277
613 512 -1536 2560 1 -1 0 5249544e3be4f0669cb9c5f5d900537f65fed11dc632e0939d1dedcb0d880243 2c15071e4d18cb440f22ce910f64d010fb4b9421ec240755d986e1e38fb7671a
614 512 -1536 2560 2 1 -1 6fe1fbff4ad5e796f297bf8d717b506a64bd086b51f83b6c66d9fe194c48fc2e f749d9025021efc78ed782832244c0df0b1934b6948e7accbaef57238c4241c2
615 512 -1536 2560 -1 2 -1 3d02fa4a064333ba33bf1ca025833e82e8003a07f83037f831038af4d2f8676b c7f7d60061f8c434079867889efa730ed035f9185b3df5aab083e2d40fb529c1
616 512 -1536 4096 1 0 0 5249544e3be4f0669cb9c5f5d900537f65fed11dc632e0939d1dedcb0d880243 2c15071e4d18cb440f22ce910f64d010fb4b9421ec240755d986e1e38fb7671a
617 512 -1536 4096 -1 0 0 5249544e3be4f0669cb9c5f5d900537f65fed11dc632e0939d1dedcb0d880243 2c15071e4d18cb440f22ce910f64d010fb4b9421ec240755d986e1e38fb7671a
618 512 -1536 4096 0 1 0 d05074671a36a38a407fd5ba0bc5f0c54a395caa9df6d23cef5b226ba8555256 a51a5d9a66ac377cd4d7f32788e604e61b2515e77909617e3eca699232f7f482
619 512 -1536 4096 0 -1 0 5249544e3be4f0669cb9c5f5d900537f65fed11dc632e0939d1dedcb0d880243 2c15071e4d18cb440f22ce910f64d010fb4b9421ec240755d986e1e38fb7671a
620 512 -1536 4096 1 1 0 b2ba7adb935beb9d3a1b6357b50574e528c2e486d3219f8d07c79c1045d0e87e 2ef0072c450099f9045099594ae013d3f1fbdf48d6ad807d999889475b193811
621 512 -1536 4096 1 -1 0 5249544e3be4f0669cb9c5f5d900537f65fed11dc632e0939d1dedcb0d880243 2c15071e4d18cb440f22ce910f64d010fb4b9421ec240755d986e1e38fb7671a
622 512 -1536 4096 2 1 -1 0baedc89f76c5bc97ed9857d7d0009c12d77842068584201059f41d5512d6032 27f3d0ec9b63961beaf7eee06a8210fa7e2fe526360a8d2f2df7a66a11dfad5c
623 512 -1536 4096 -1 2 -1 d9949edabee17f2bae670ec4b29edacd909dd8ad9de71014e5f69c5dc4001973 1d0a27cb18dcfd2babbb3a7c39f6398f6bc6ed6e067c9c02f4cbb246945daebc
624 512 -512 -1536 1 0 0 5249544e3be4f0669cb9c5f5d900537f65fed11dc632e0939d1dedcb0d880243 2c15071e4d18cb440f22ce910f64d010fb4b9421ec240755d986e1e38fb7671a
625 512 -512 -1536 -1 0 0 5249544e3be4f0669cb9c5f5d900537f65fed11dc632e0939d1dedcb0d880243 2c15071e4d18cb440f22ce910f64d010fb4b9421ec240755d986e1e38fb7671a
626 512 -512 -1536 0 1 0 5249544e3be4f0669cb9c5f5d900537f65fed11dc632e0939d1dedcb0d880243 2c15071e4d18cb440f22ce910f64d010fb4b9421ec240755d986e1e38fb7671a
627 512 -512 -1536 0 -1 0 5249544e3be4f0669cb9c5f5d900537f65fed11dc632e0939d1dedcb0d880243 2c15071e4d18cb440f22ce910f64d010fb4b9421ec240755d986e1e38fb7671a
628 512 -512 -1536 1 1 0 5249544e3be4f0669cb9c5f5d900537f65fed11dc632e0939d1dedcb0d880243 2c15071e4d18cb440f22ce910f64d010fb4b9421ec240755d986e1e38fb7671a
629 512 -512 -1536 1 -1 0 5249544e3be4f0669cb9c5f5d900537f65fed11dc632e0939d1dedcb0d880243 2c15071e4d18cb440f22ce910f64d010fb4b9421ec240755d986e1e38fb7671a
630 512 -512 -1536 2 1 -1 5249544e3be4f0669cb9c5f5d900537f65fed11dc632e0939d1dedcb0d880243 2c15071e4d18cb440f22ce910f64d010fb4b9421ec240755d986e1e38fb7671a
631 512 -512 -1536 -1 2 -1 5249544e3be4f0669cb9c5f5d900537f65fed11dc632e0939d1dedcb0d880243 2c15071e4d18cb440f22ce910f64d010fb4b9421ec240755d986e1e38fb7671a
632 512 -512 -512 1 0 0 7cd283662fff4fb4f9a47df4cb10124795f2521688c29aed8be34688e90dbb35 58ae99363d16249f92cd91e1f5f2b00d9c09d22c335f982bbb5db61bf6942393
633 512 -512 -512 -1 0 0 5249544e3be4f0669cb9c5f5d900537f65fed11dc632e0939d1dedcb0d880243 2c15071e4d18cb440f22ce910f64d010fb4b9421ec240755d986e1e38fb7671a
634 512 -512 -512 0 1 0 bbaf25ad7dac7e50959533d2d5ce9e6109fdfaebf43f09375bc2e7d187c4615a d48899730f3bafd5914d93aa158bc890604dba64a5688f39044a3f676983a378
635 512 -512 -512 0 -1 0 5249544e3be4f0669cb9c5f5d900537f65fed11dc632e0939d1dedcb0d880243 2c15071e4d18cb440f22ce910f64d010fb4b9421ec240755d986e1e38fb7671a
636 512 -512 -512 1 1 0 c8adfdc13b179b5ec5f7f3e9964164200b6136584de36f6661c9c2f0fb6560f6 1c2de050af53f1a38af06672f3b5f781e0f07f1f8f9d00d9de9ff9dd4df97087
637 512 -512 -512 1 -1 0 5249544e3be4f0669cb9c5f5d900537f65fed11dc632e0939d1dedcb0d880243 2c15071e4d18cb440f22ce910f64d010fb4b9421ec240755d986e1e38fb7671a
638 512 -512 -512 2 1 -1 5249544e3be4f0669cb9c5f5d900537f65fed11dc632e0939d1dedcb0d880243 2c15071e4d18cb440f22ce910f64d010fb4b9421ec240755d986e1e38fb7671a
639 512 -512 -512 -1 2 -1 5249544e3be4f0669cb9c5f5d900537f65fed11dc632e0939d1dedcb0d880243 2c15071e4d18cb440f22ce910f64d010fb4b9421ec240755d986e1e38fb7671a
640 512 -512 512 1 0 0 2ec9b176cb28c5a3cfb7dc8871ded25ddd2d09fa0f8f7fa42edd5bcd5715ef3d b1186a8ed49b5433b25b7a0474a581046e94c117b18d18bca1405240ca8f477f
641 512 -512 512 -1 0 0 5249544e3be4f0669cb9c5f5d900537f65fed11dc632e0939d1dedcb0d880243 2c15071e4d18cb440f22ce910f64d010fb4b9421ec240755d986e1e38fb7671a
642 512 -512 512 0 1 0 3f0a24c4efebe2f6dc5e2f0235a8960db6162908e6aa23ee98460c6a87a3dbfa ebfccdd38fd27796ccfce4355027490dda0f8ad3bded4d857694c5631b11caeb
643 512 -512 512 0 -1 0 5249544e3be4f0669cb9c5f5d900537f65fed11dc632e0939d1dedcb0d880243 2c15071e4d18cb440f22ce910f64d010fb4b9421ec240755d986e1e38fb7671a
644 512 -512 512 1 1 0 c802ee7cc964add253e9672bb308162d682b0e680467c9558246aff766a63b76 99aefa7c305535b45506acec982f1d6aeab451af1ea705ce43ca4ebb56bdc298
645 512 -512 512 1 -1 0 5249544e3be4f0669cb9c5f5d900537f65fed11dc632e0939d1dedcb0d880243 2c15071e4d18cb440f22ce910f64d010fb4b9421ec240755d986e1e38fb7671a
646 512 -512 512 2 1 -1 2c627b941bbdb637780241f391036ae29abf4618927b7ad3b6111c0365a49688 02cde45195afb819ee9c8ad79a40d531a5a51574e1e1dd9335933ed129a12f97
647 512 -512 512 -1 2 -1 43277e354c2bd5c8c6c561ba3d2af1c1c6649800ecf40b92018dc6df60653dc1 37d5298f394d8930ba8ce89b9c38f6a8cee1f8d0d6ce84b69018a3904501b15f
648 512 -512 1536 1 0 0 70c10470731ddfc6b5ea12e9022c1e70e534d9f9b2baa2c2225c5ecd8cae4b65 8db3ffc6dfb5fdb552e2e89ec8320f559de7a6025b8e7cadf27fa448b530858e
649 512 -512 1536 -1 0 0 5249544e3be4f0669cb9c5f5d900537f65fed11dc632e0939d1dedcb0d880243 2c15071e4d18cb440f22ce910f64d010fb4b9421ec240755d986e1e38fb7671a
650 512 -512 1536 0 1 0 4f414c8f33a76eb28c780287e66ba724a5eef9a10b091231728315a356515a8f 62c3c1e694072431b18c91408fa5875d8d7711698592eb827bcee8349e064fc0
651 512 -512 1536 0 -1 0 5249544e3be4f0669cb9c5f5d900537f65fed11dc632e0939d1dedcb0d880243 2c15071e4d18cb440f22ce910f64d010fb4b9421ec240755d986e1e38fb7671a
652 512 -512 1536 1 1 0 d3f8a3a26f05ec898488a7b4f63abee04898b63b6e3bf1d23d69748de86db7e2 cb26ef20238f8c30d9fe88455231b7fbfe38a93404e44726120c01dd54d0d4ab
653 512 -512 1536 1 -1 0 5249544e3be4f0669cb9c5f5d900537f65fed11dc632e0939d1dedcb0d880243 2c15071e4d18cb440f22ce910f64d010fb4b9421ec240755d986e1e38fb7671a
654 512 -512 1536 2 1 -1 de228eba878ab13f2d4dcbdfc60775cd084ff964f2586958f122fb2be4536c3f 7218a44a118584a05db78a1448f569ecfe32c7d8259d2da11d920c99c7e32433
655 512 -512 1536 -1 2 -1 6af791736be82783806738e8c4838ed7152dffaa77d59dc5af8d2908959a69b8 eeaa1c2a2e2fca2a8acd5e74177e07a72195606c709a993cfa1cfe907e9d122e
656 512 -512 2560 1 0 0 8da2d01ae95a8f3740b1e7126617b223ccb4e50ba2f70f628079bfc5d628f2b3 1388ac5e54a356a0ad9b51fe345636d0a8579a73351f3b4120dd10f0cc1b44e1
657 512 -512 2560 -1 0 0 5249544e3be4f0669cb9c5f5d900537f65fed11dc632e0939d1dedcb0d880243 2c15071e4d18cb440f22ce910f64d010fb4b9421ec240755d986e1e38fb7671a
658 512 -512 2560 0 1 0 4d3d9da96d73b0d5c52448ecd9095e68903a1f00b9b5d0be699f560b63c95fd3 3340be13c1b2dae1487dbd606d6c1dc96e55e6479cb90ce0c8c0f9b0cd0412be
659 512 -512 2560 0 -1 0 5249544e3be4f0669cb9c5f5d900537f65fed11dc632e0939d1dedcb0d880243 2c15071e4d18cb440f22ce910f64d010fb4b9421ec240755d986e1e38fb7671a
660 512 -512 2560 1 1 0 24e6d11c91a684fd6f2d274b547de8fae20c57bd8a604de0f4e91dc7fd3043f4 880d1155fde0c362a4aacb30f08b82220e96afd4733199074f7d56045be4a17e
661 512 -512 2560 1 -1 0 5249544e3be4f0669cb9c5f5d900537f65fed11dc632e0939d1dedcb0d880243 2c15071e4d18cb440f22ce910f64d010fb4b9421ec240755d986e1e38fb7671a
662 512 -512 2560 2 1 -1 a809d067514851a95368c24bd6d6a4d35052f92d5a45d0da20108fdc80656be5 c66a55d0138b5fc5731e3df93f69675d3ce277df454c6ea1afc7467f5621f352
663 512 -512 2560 -1 2 -1 35069b16cddb6fe4658c5d1408766c7277b1ffb748e3ea86f017432cc8af33bc ca2c165d1fe3c2c4684e1ad065c8d631b76972892aafef8f7a4215de3cdf6c56
664 512 -512 4096 1 0 0 5249544e3be4f0669cb9c5f5d900537f65fed11dc632e0939d1dedcb0d880243 2c15071e4d18cb440f22ce910f64d010fb4b9421ec240755d986e1e38fb7671a
665 512 -512 4096 -1 0 0 5249544e3be4f0669cb9c5f5d900537f65fed11dc632e0939d1dedcb0d880243 2c15071e4d18cb440f22ce910f64d010fb4b9421ec240755d986e1e38fb7671a
666 512 -512 4096 0 1 0 5249544e3be4f0669cb9c5f5d900537f65fed11dc632e0939d1dedcb0d880243 2c15071e4d18cb440f22ce910f64d010fb4b9421ec240755d986e1e38fb7671a
667 512 -512 4096 0 -1 0 5249544e3be4f0669cb9c5f5d900537f65fed11dc632e0939d1dedcb0d880243 2c15071e4d18cb440f22ce910f64d010fb4b9421ec240755d986e1e38fb7671a
668 512 -512 4096 1 1 0 5249544e3be4f0669cb9c5f5d900537f65fed11dc632e0939d1dedcb0d880243 2c15071e4d18cb440f22ce910f64d010fb4b9421ec240755d986e1e38fb7671a
669 512 -512 4096 1 -1 0 5249544e3be4f0669cb9c5f5d900537f65fed11dc632e0939d1dedcb0d880243 2c15071e4d18cb440f22ce910f64d010fb4b9421ec240755d986e1e38fb7671a
670 512 -512 4096 2 1 -1 737fa929d2461f6e3bb1701df12e1aaaef0e98d09eaa20739e9db38fbf769475 cbb71682a9b197f1890448555030c89dd3ee79e6fe4bb6986b1e17d0c53c3ebe
671 512 -512 4096 -1 2 -1 7e9b4c846f8b6dd80d46c5198efbc940947b2906e46fbad7bb80f3acacc5ca41 370f0c85a01ff28a4798bb644807985ae61fc314274e499b8859e9bcbef739c7
672 512 512 -1536 1 0 0 5249544e3be4f0669cb9c5f5d900537f65fed11dc632e0939d1dedcb0d880243 2c15071e4d18cb440f22ce910f64d010fb4b9421ec240755d986e1e38fb7671a
673 512 512 -1536 -1 0 0 5249544e3be4f0669cb9c5f5d900537f65fed11dc632e0939d1dedcb0d880243 2c15071e4d18cb440f22ce910f64d010fb4b9421ec240755d986e1e38fb7671a
674 512 512 -1536 0 1 0 5249544e3be4f0669cb9c5f5d900537f65fed11dc632e0939d1dedcb0d880243 2c15071e4d18cb440f22ce910f64d010fb4b9421ec240755d986e1e38fb7671a
675 512 512 -1536 0 -1 0 5249544e3be4f0669cb9c5f5d900537f65fed11dc632e0939d1dedcb0d880243 2c15071e4d18cb440f22ce910f64d010fb4b9421ec240755d986e1e38fb7671a
676 512 512 -1536 1 1 0 5249544e3be4f0669cb9c5f5d900537f65fed11dc632e0939d1dedcb0d880243 2c15071e4d18cb440f22ce910f64d010fb4b9421ec240755d986e1e38fb7671a
677 512 512 -1536 1 -1 0 5249544e3be4f0669cb9c5f5d900537f65fed11dc632e0939d1dedcb0d880243 2c15071e4d18cb440f22ce910f64d010fb4b9421ec240755d986e1e38fb7671a
678 512 512 -1536 2 1 -1 5249544e3be4f0669cb9c5f5d900537f65fed11dc632e0939d1dedcb0d880243 2c15071e4d18cb440f22ce910f64d010fb4b9421ec240755d986e1e38fb7671a
679 512 512 -1536 -1 2 -1 5249544e3be4f0669cb9c5f5d900537f65fed11dc632e0939d1dedcb0d880243 2c15071e4d18cb440f22ce910f64d010fb4b9421ec240755d986e1e38fb7671a
680 512 512 -512 1 0 0 da4d1bc84773a042f11ce0bdfcf255dd85e27b8c14f4c6ad5056f3ff7aba6300 6831401a8e3d23f760d86578d9af144235c1756670424c31d5665f8b598460ed
681 512 512 -512 -1 0 0 5249544e3be4f0669cb9c5f5d900537f65fed11dc632e0939d1dedcb0d880243 2c15071e4d18cb440f22ce910f64d010fb4b9421ec240755d986e1e38fb7671a
682 512 512 -512 0 1 0 a66c8f68e40b45c838f0742e96b9fb4d67149d63eedbd1e41d9f63c79e4441ec aca6b207d53941338c58e66e16afd188f32410d1c4376c5842d515b4635331b7
683 512 512 -512 0 -1 0 5249544e3be4f0669cb9c5f5d900537f65fed11dc632e0939d1dedcb0d880243 2c15071e4d18cb440f22ce910f64d010fb4b9421ec240755d986e1e38fb7671a
684 512 512 -512 1 1 0 3b803567314b4ae40cff6ca9f3ce40a2da737931feff61614c6ed4d7678a3f3e 2aefcb17cb384ca7bace4b5d9d619bcf96dfb881a5be7cfaa60ff345df7c711d
685 512 512 -512 1 -1 0 5249544e3be4f0669cb9c5f5d900537f65fed11dc632e0939d1dedcb0d880243 2c15071e4d18cb440f22ce910f64d010fb4b9421ec240755d986e1e38fb7671a
686 512 512 -512 2 1 -1 5249544e3be4f0669cb9c5f5d900537f65fed11dc632e0939d1dedcb0d880243 2c15071e4d18cb440f22ce910f64d010fb4b9421ec240755d986e1e38fb7671a
687 512 512 -512 -1 2 -1 5249544e3be4f0669cb9c5f5d900537f65fed11dc632e0939d1dedcb0d880243 2c15071e4d18cb440f22ce910f64d010fb4b9421ec240755d986e1e38fb7671a
688 512 512 512 1 0 0 7f2a44ce4ca3de6025c5da78c8fe50310a10aa67f5f1f3aa7ead0270f69c8a3e 140ae634a714a5bf0ababa11a808a4395d522ce0dc05df9011a55ceae6707bea
689 512 512 512 -1 0 0 3f06019da52ff6639c56b1a4602ba7efe7b43a2127b138898518a6540f018052 0eee781e11f56761cf26aae7a9b4bf153532502d456dff5869a3075cf1269ba7
690 512 512 512 0 1 0 4b541ddf30c7e928867fae83b0eaeabdd8412027fce5459bd4137aa33e444bec c9d6b1d213da17d173bdbdf71cb1cb20505613bce76fdea4e2f5bc236f03d278
691 512 512 512 0 -1 0 fc2fbea96193b71329a506a2030eda07b0350dca63ff8c0ad0c14ebcfa315373 588a58e6012cf6bde62b17f4137fad8c71d4c9ec3b1b6aec137a494b4097468f
692 512 512 512 1 1 0 ceb67c4fdcdeca1d844b7cb2febb88f85d4e71f74a210181c61921bdafdd12eb d79d7b97f980e49dfebf9986c826a09781b97f6ff16f574008ea2f5ad50cc6cd
693 512 512 512 1 -1 0 db9f1c84b4d562595a9ec197b45533281cdad84b28b3e0d6a4ccc93549efd8c4 4073fe77b20103a033f83ec76ddd994ec5c92aa55d9226985602ee03d82e1ff6
694 512 512 512 2 1 -1 d19d116389ee30d0d1774093c38198000c8ec502eb1887fadf65d5c1d1c26351 31d170dedfd27a1212b87c56ed6b005303e4927c287ae4391a9ce27ddf6529b8
695 512 512 512 -1 2 -1 36ca1d3738d3b72c2caf4ba5dfabe30f911310cfce7ac92d4d8fab3e54cdf70e 60abc9e5c885a8592a74024c25b3976a00ae9a09f26efd31606299a08305b9be
696 512 512 1536 1 0 0 ce62d2055287108fc5d53dee887658dd0e8758a31ff5a025adc3482d2c6b6ec9 51602bbc60705320ee7bd86fe74cb74926fd06883c00103816d4bc1e32286db7
697 512 512 1536 -1 0 0 c72c397486959e1061d6eab6e13962529405d4a7f6c0421152926941a8cd0bd1 37b5c4aace02924d084bd2024c7bffa8efdd5080087aeae20866ff6bed5bf8e8
698 512 512 1536 0 1 0 0d52628fccdae3bce0adee92306ab8c0c7796cfd4caa67c7359818e03c7dea1c ae526078cf84ebc1e3a2fd6e4390685fb026862a519dbe1a02d18f2e79a6f27c
699 512 512 1536 0 -1 0 fc2fbea96193b71329a506a2030eda07b0350dca63ff8c0ad0c14ebcfa315373 4fa10634c5aef5953ee5287335f8e522b5b2b8ed549823aaa686370e9d7195fb
700 512 512 1536 1 1 0 93b14a0c0f56548d06ed84535c0472221e056af15e28712f6b3511483cb47924 01dfc256eda5230227961e077b80418f17a4d8cfe2a730732ab87d27120a2a8b
701 512 512 1536 1 -1 0 5017e51dfe58e48b6cf9b9514b87cff128254e7e4f5cbc82d257c46f1b5a3311 42ef24f70970f3810123f4850cba30699dd8fb4a187d90fe2859e4658d910227
702 512 512 1536 2 1 -1 d19d116389ee30d0d1774093c38198000c8ec502eb1887fadf65d5c1d1c26351 31d170dedfd27a1212b87c56ed6b005303e4927c287ae4391a9ce27ddf6529b8
703 512 512 1536 -1 2 -1 5a46fd74a49135a31d83860fa2d7e8063719f3c08f5a26d1355a654fb99c8216 44e87c2404c66de6af8af9928320997605c3a6dbbb66297c7b3aeb8fb026e879
704 512 512 2560 1 0 0 531494cd96edc2c7e5480365491d8e25a6e802404829240ee3c876eb86b73507 fc34c047a2b8d3a182fa1dd3a0eed98c970c802672c2aaa49a5f3eb7e941970f
705 512 512 2560 -1 0 0 3f06019da52ff6639c56b1a4602ba7efe7b43a2127b138898518a6540f018052 0eee781e11f56761cf26aae7a9b4bf153532502d456dff5869a3075cf1269ba7
706 512 512 2560 0 1 0 4b541ddf30c7e928867fae83b0eaeabdd8412027fce5459bd4137aa33e444bec 140ae634a714a5bf0ababa11a808a4395d522ce0dc05df9011a55ceae6707bea
707 512 512 2560 0 -1 0 7b3c2423ffdc2a6af80db9d4e69b7ea020e83c9fe12f3a529db2270194712683 140ae634a714a5bf0ababa11a808a4395d522ce0dc05df9011a55ceae6707bea
708 512 512 2560 1 1 0 45626b098bf7d250a8e238b26b89b02e9c47cca76417b1b480b7f084f7b0aad3 796144d5d6ed708e72c07c61300f22f2bdcff09a46a4af504cf4b32189d553b6
709 512 512 2560 1 -1 0 5017e51dfe58e48b6cf9b9514b87cff128254e7e4f5cbc82d257c46f1b5a3311 35c21c483ebde13e69df67b1720dafd8ae259068aa0a9db1cf6de8a8c36cac71
710 512 512 2560 2 1 -1 d19d116389ee30d0d1774093c38198000c8ec502eb1887fadf65d5c1d1c26351 31d170dedfd27a1212b87c56ed6b005303e4927c287ae4391a9ce27ddf6529b8
711 512 512 2560 -1 2 -1 0a63ee3424b8212440cd6f3e54ba806d46fa12262f84fb10b831f360c3a8d3bf 60abc9e5c885a8592a74024c25b3976a00ae9a09f26efd31606299a08305b9be
712 512 512 4096 1 0 0 5249544e3be4f0669cb9c5f5d900537f65fed11dc632e0939d1dedcb0d880243 2c15071e4d18cb440f22ce910f64d010fb4b9421ec240755d986e1e38fb7671a
713 512 512 4096 -1 0 0 5249544e3be4f0669cb9c5f5d900537f65fed11dc632e0939d1dedcb0d880243 2c15071e4d18cb440f22ce910f64d010fb4b9421ec240755d986e1e38fb7671a
714 512 512 4096 0 1 0 5249544e3be4f0669cb9c5f5d900537f65fed11dc632e0939d1dedcb0d880243 2c15071e4d18cb440f22ce910f64d010fb4b9421ec240755d986e1e38fb7671a
715 512 512 4096 0 -1 0 5249544e3be4f0669cb9c5f5d900537f65fed11dc632e0939d1dedcb0d880243 2c15071e4d18cb440f22ce910f64d010fb4b9421ec240755d986e1e38fb7671a
716 512 512 4096 1 1 0 5249544e3be4f0669cb9c5f5d900537f65fed11dc632e0939d1dedcb0d880243 2c15071e4d18cb440f22ce910f64d010fb4b9421ec240755d986e1e38fb7671a
717 512 512 4096 1 -1 0 5249544e3be4f0669cb9c5f5d900537f65fed11dc632e0939d1dedcb0d880243 2c15071e4d18cb440f22ce910f64d010fb4b9421ec240755d986e1e38fb7671a
718 512 512 4096 2 1 -1 ce59090f351322d2cdea2a4ccbc40da227a5c704c608e49cfa2cf10b70901bce 50cc910b5d08708bf3516d007fe55dc64efa24da9c68c849e4568bf838ae949d
719 512 512 4096 -1 2 -1 ac56715756ec8237e535f595fb087be5e07fbecbee772da46ddde0b4cb085f0f 4c7414d50f85ae746910ec794c84f676ab32d88a1af718ba89c9aa01d99e5235
720 512 1536 -1536 1 0 0 5249544e3be4f0669cb9c5f5d900537f65fed11dc632e0939d1dedcb0d880243 2c15071e4d18cb440f22ce910f64d010fb4b9421ec240755d986e1e38fb7671a
721 512 1536 -1536 -1 0 0 5249544e3be4f0669cb9c5f5d900537f65fed11dc632e0939d1dedcb0d880243 2c15071e4d18cb440f22ce910f64d010fb4b9421ec240755d986e1e38fb7671a
722 512 1536 -1536 0 1 0 5249544e3be4f0669cb9c5f5d900537f65fed11dc632e0939d1dedcb0d880243 2c15071e4d18cb440f22ce910f64d010fb4b9421ec240755d986e1e38fb7671a
723 512 1536 -1536 0 -1 0 5249544e3be4f0669cb9c5f5d900537f65fed11dc632e0939d1dedcb0d880243 2c15071e4d18cb440f22ce910f64d010fb4b9421ec240755d986e1e38fb7671a
724 512 1536 -1536 1 1 0 5249544e3be4f0669cb9c5f5d900537f65fed11dc632e0939d1dedcb0d880243 2c15071e4d18cb440f22ce910f64d010fb4b9421ec240755d986e1e38fb7671a
725 512 1536 -1536 1 -1 0 5249544e3be4f0669cb9c5f5d900537f65fed11dc632e0939d1dedcb0d880243 2c15071e4d18cb440f22ce910f64d010fb4b9421ec240755d986e1e38fb7671a
726 512 1536 -1536 2 1 -1 5249544e3be4f0669cb9c5f5d900537f65fed11dc632e0939d1dedcb0d880243 2c15071e4d18cb440f22ce910f64d010fb4b9421ec240755d986e1e38fb7671a
727 512 1536 -1536 -1 2 -1 5249544e3be4f0669cb9c5f5d900537f65fed11dc632e0939d1dedcb0d880243 2c15071e4d18cb440f22ce910f64d010fb4b9421ec240755d986e1e38fb7671a
728 512 1536 -512 1 0 0 0e5bcb5b37b466c36e0cefc4977bba0a6095a4b75dbcffb398df48b2d1d84f21 fb25815e411832c5087e015a3b9ea9ab4921ca0d8e8ade3d70cbe52793089ea1
729 512 1536 -512 -1 0 0 5249544e3be4f0669cb9c5f5d900537f65fed11dc632e0939d1dedcb0d880243 2c15071e4d18cb440f22ce910f64d010fb4b9421ec240755d986e1e38fb7671a
730 512 1536 -512 0 1 0 5249544e3be4f0669cb9c5f5d900537f65fed11dc632e0939d1dedcb0d880243 2c15071e4d18cb440f22ce910f64d010fb4b9421ec240755d986e1e38fb7671a
731 512 1536 -512 0 -1 0 5249544e3be4f0669cb9c5f5d900537f65fed11dc632e0939d1dedcb0d880243 2c15071e4d18cb440f22ce910f64d010fb4b9421ec240755d986e1e38fb7671a
732 512 1536 -512 1 1 0 5242461597b8dfd6b3a92a93abcb9155e4d9def0bf0c108f874484c3d8b94785 fed0e52c41749b2fd1f67be7309c1f27e6b5255881b9f483fc8380b1665769ee
733 512 1536 -512 1 -1 0 6389d3e9fa708bcaec2d6392c2563b4774d02aca3bf0b165ed35e927637de763 a8875fb867f2e90ea37004d354abda57f6140cdce898d14b1625a4bb6c4bc490
734 512 1536 -512 2 1 -1 5249544e3be4f0669cb9c5f5d900537f65fed11dc632e0939d1dedcb0d880243 2c15071e4d18cb440f22ce910f64d010fb4b9421ec240755d986e1e38fb7671a
735 512 1536 -512 -1 2 -1 5249544e3be4f0669cb9c5f5d900537f65fed11dc632e0939d1dedcb0d880243 2c15071e4d18cb440f22ce910f64d010fb4b9421ec240755d986e1e38fb7671a
736 512 1536 512 1 0 0 531494cd96edc2c7e5480365491d8e25a6e802404829240ee3c876eb86b73507 fc34c047a2b8d3a182fa1dd3a0eed98c970c802672c2aaa49a5f3eb7e941970f
737 512 1536 512 -1 0 0 753886608f6c7e281c84a7f90ca0a4640e7042eda1ea510d591a2f2095145aaa 9dabde88eaf6799c80142be4375d558a2f21c489e69c3759c4ec9ef14d3db48d
738 512 1536 512 0 1 0 4b541ddf30c7e928867fae83b0eaeabdd8412027fce5459bd4137aa33e444bec cef094c8258d7a22541dd3387495015eb8974f1c5a382004b09a5a659032ef4d
739 512 1536 512 0 -1 0 da45482a3dd48035ef5e5fbc028e4142f46a5796cbccf32cbba28f89e3d0a3a8 a146f0b00eb71c8aaddc93c6cc010ec247067b49df9588fac2436774e756f9ab
740 512 1536 512 1 1 0 ceb67c4fdcdeca1d844b7cb2febb88f85d4e71f74a210181c61921bdafdd12eb 66eb2d9dff538fc791e999c3a2929699a34f38d7223a50b4a91a681269ec79e7
741 512 1536 512 1 -1 0 5017e51dfe58e48b6cf9b9514b87cff128254e7e4f5cbc82d257c46f1b5a3311 35c21c483ebde13e69df67b1720dafd8ae259068aa0a9db1cf6de8a8c36cac71
742 512 1536 512 2 1 -1 d19d116389ee30d0d1774093c38198000c8ec502eb1887fadf65d5c1d1c26351 31d170dedfd27a1212b87c56ed6b005303e4927c287ae4391a9ce27ddf6529b8
743 512 1536 512 -1 2 -1 122022903e10367f3878661dd7b4fdd8b56170440f855ba3ca52cc9f276937b9 c4d6f61dd091ac2261627662a385672eeaf6bcd7a40ef904da544da606e4a6e4
744 512 1536 1536 1 0 0 7f2a44ce4ca3de6025c5da78c8fe50310a10aa67f5f1f3aa7ead0270f69c8a3e 9e261e480911c3f9bc6ff24c96248d9af6bb07b81ba0c31d89a059473daacc8c
745 512 1536 1536 -1 0 0 a788f22c96067c0ad746a647ae7f64c9ba5fbbfc595a9bfaafbda3b30b7c500e 92b51f3ea64e80d9d9375f8bcd4fdba417c73f1f61e7881306604b495b96a7f3
746 512 1536 1536 0 1 0 288aae5d0a534961d13464aacbd95dc7eaedaf17ae7d83a7036af96c043a322f e2bd13072fe85ee85fcb5e1b983186cd30ea7f9773e4d95ad163a87b3d04de1a
747 512 1536 1536 0 -1 0 7b3c2423ffdc2a6af80db9d4e69b7ea020e83c9fe12f3a529db2270194712683 682bf6518dcdd7ac2027cc8c074ecf19608d8367be058093666095d24fb06f9e
748 512 1536 1536 1 1 0 f0e8554c1d8e6414a595726d14c86647c652f27159e6a5734048d11cf6999091 859e4e67648a2749eb6fa5c27ec9297050e4409199e71d872672b69099786ec8
749 512 1536 1536 1 -1 0 5017e51dfe58e48b6cf9b9514b87cff128254e7e4f5cbc82d257c46f1b5a3311 35c21c483ebde13e69df67b1720dafd8ae259068aa0a9db1cf6de8a8c36cac71
750 512 1536 1536 2 1 -1 a12221335ceacdc37cbfc9f288ddb713829128f53776fa97e1c15e89529a42f6 a891a9404a42d72dd0a7286f8b7dcacbfdcd9ca878894a96d80651cb8d851f52
751 512 1536 1536 -1 2 -1 5b21b6f1bdd206d9f0c0a689e5969297ae47590934ef43559a8660fc653fab95 60abc9e5c885a8592a74024c25b3976a00ae9a09f26efd31606299a08305b9be
752 512 1536 2560 1 0 0 0b8a82e29a8a97039c9bd45147692dfeaf0a988d8dde098e96f1857202cee1f4 f75e5a4251c1ac9de1b388694c7297f57da026198ff2b5ff33913c3f6b10a2f2
753 512 1536 2560 -1 0 0 3f06019da52ff6639c56b1a4602ba7efe7b43a2127b138898518a6540f018052 d2acc3cbbf51a59c4820b42179fb3e64137f3665515b4e503a082eed211a3cc1
754 512 1536 2560 0 1 0 0757b5bd67254acbd8e28446a53856520dda013240d320c389dfa50843e36843 0117e7fe7917e54c951362f3d7ebc3588d050362084a2971b0b2f08e702bd55a
755 512 1536 2560 0 -1 0 7b3c2423ffdc2a6af80db9d4e69b7ea020e83c9fe12f3a529db2270194712683 eaf004e12d843cfe24f0781146263db43eedbc43371c67261621dab90a33e4b4
756 512 1536 2560 1 1 0 b0a83445a2bf8c7458571b5cebe94d47409c60d5fd019b92f8eff767933c3bed 3fe5482823575d79d94018f09745b1e4bcf28c07019c510b18be574ee517036a
757 512 1536 2560 1 -1 0 fb4f61b5417f51ce259dd5b4f70622194306e74fdb0847612a96452e7d373067 398bcddc2d5546e93e4eb0eaa8191eebffd8fb8cb3d9b913a1ede8c39e4521e3
758 512 1536 2560 2 1 -1 492aadfdda961c96c7b21899ff70e97b5b3dfea577111c715cca21e538d24c52 3489f739f1a23244e44644f0b5c5ccf07e66d89d77c50fc3666c3350f93a361e
759 512 1536 2560 -1 2 -1 0a63ee3424b8212440cd6f3e54ba806d46fa12262f84fb10b831f360c3a8d3bf 60abc9e5c885a8592a74024c25b3976a00ae9a09f26efd31606299a08305b9be
760 512 1536 4096 1 0 0 5249544e3be4f0669cb9c5f5d900537f65fed11dc632e0939d1dedcb0d880243 2c15071e4d18cb440f22ce910f64d010fb4b9421ec240755d986e1e38fb7671a
761 512 1536 4096 -1 0 0 5249544e3be4f0669cb9c5f5d900537f65fed11dc632e0939d1dedcb0d880243 2c15071e4d18cb440f22ce910f64d010fb4b9421ec240755d986e1e38fb7671a
762 512 1536 4096 0 1 0 5249544e3be4f0669cb9c5f5d900537f65fed11dc632e0939d1dedcb0d880243 2c15071e4d18cb440f22ce910f64d010fb4b9421ec240755d986e1e38fb7671a
763 512 1536 4096 0 -1 0 5249544e3be4f0669cb9c5f5d900537f65fed11dc632e0939d1dedcb0d880243 2c15071e4d18cb440f22ce910f64d010fb4b9421ec240755d986e1e38fb7671a
764 512 1536 4096 1 1 0 5249544e3be4f0669cb9c5f5d900537f65fed11dc632e0939d1dedcb0d880243 2c15071e4d18cb440f22ce910f64d010fb4b9421ec240755d986e1e38fb7671a
765 512 1536 4096 1 -1 0 5249544e3be4f0669cb9c5f5d900537f65fed11dc632e0939d1dedcb0d880243 2c15071e4d18cb440f22ce910f64d010fb4b9421ec240755d986e1e38fb7671a
766 512 1536 4096 2 1 -1 1553411e2333e9310e56f7ac77f63c10f6af038ed508979d423ccecc0e20975c d051f3bb0f57192aee3dcd24e1398e27e5ee3d6b7bc1e88d6def73f2c92ddc92
767 512 1536 4096 -1 2 -1 74921562ccca78dbdb195e956db905206b78cf8484e4841ae90efff1bbe0a333 ba4566a0c1786add818d005b322403b178ee9995cec252f66ab90bba6a611fa4
768 512 2560 -1536 1 0 0 5249544e3be4f0669cb9c5f5d900537f65fed11dc632e0939d1dedcb0d880243 2c15071e4d18cb440f22ce910f64d010fb4b9421ec240755d986e1e38fb7671a
769 512 2560 -1536 -1 0 0 5249544e3be4f0669cb9c5f5d900537f65fed11dc632e0939d1dedcb0d880243 2c15071e4d18cb440f22ce910f64d010fb4b9421ec240755d986e1e38fb7671a
770 512 2560 -1536 0 1 0 5249544e3be4f0669cb9c5f5d900537f65fed11dc632e0939d1dedcb0d880243 2c15071e4d18cb440f22ce910f64d010fb4b9421ec240755d986e1e38fb7671a
771 512 2560 -1536 0 -1 0 5249544e3be4f0669cb9c5f5d900537f65fed11dc632e0939d1dedcb0d880243 2c15071e4d18cb440f22ce910f64d010fb4b9421ec240755d986e1e38fb7671a
772 512 2560 -1536 1 1 0 5249544e3be4f0669cb9c5f5d900537f65fed11dc632e0939d1dedcb0d880243 2c15071e4d18cb440f22ce910f64d010fb4b9421ec240755d986e1e38fb7671a
773 512 2560 -1536 1 -1 0 5249544e3be4f0669cb9c5f5d900537f65fed11dc632e0939d1dedcb0d880243 2c15071e4d18cb440f22ce910f64d010fb4b9421ec240755d986e1e38fb7671a
774 512 2560 -1536 2 1 -1 5249544e3be4f0669cb9c5f5d900537f65fed11dc632e0939d1dedcb0d880243 2c15071e4d18cb440f22ce910f64d010fb4b9421ec240755d986e1e38fb7671a
775 512 2560 -1536 -1 2 -1 5249544e3be4f0669cb9c5f5d900537f65fed11dc632e0939d1dedcb0d880243 2c15071e4d18cb440f22ce910f64d010fb4b9421ec240755d986e1e38fb7671a
776 512 2560 -512 1 0 0 3ab4c4fbd31d3731df2d36c272165b6d2a116c2fdc2a0aced59d9d8b29fce074 aca6b207d53941338c58e66e16afd188f32410d1c4376c5842d515b4635331b7
777 512 2560 -512 -1 0 0 5249544e3be4f0669cb9c5f5d900537f65fed11dc632e0939d1dedcb0d880243 2c15071e4d18cb440f22ce910f64d010fb4b9421ec240755d986e1e38fb7671a
778 512 2560 -512 0 1 0 5249544e3be4f0669cb9c5f5d900537f65fed11dc632e0939d1dedcb0d880243 2c15071e4d18cb440f22ce910f64d010fb4b9421ec240755d986e1e38fb7671a
779 512 2560 -512 0 -1 0 65604a09467312261e1df89e6ad28f84de4a63b936a9b1bdc155814cbac8f490 6831401a8e3d23f760d86578d9af144235c1756670424c31d5665f8b598460ed
780 512 2560 -512 1 1 0 5249544e3be4f0669cb9c5f5d900537f65fed11dc632e0939d1dedcb0d880243 2c15071e4d18cb440f22ce910f64d010fb4b9421ec240755d986e1e38fb7671a
781 512 2560 -512 1 -1 0 e3037ff85b147306224b6edf4ca9389fbbeeb6e6f27f3c747586c2407cf5c50c 1d56d962b60e61f13027f998bf5f77bb63e1bc793a51d1337ce952cc69f6eccd
782 512 2560 -512 2 1 -1 5249544e3be4f0669cb9c5f5d900537f65fed11dc632e0939d1dedcb0d880243 2c15071e4d18cb440f22ce910f64d010fb4b9421ec240755d986e1e38fb7671a
783 512 2560 -512 -1 2 -1 5249544e3be4f0669cb9c5f5d900537f65fed11dc632e0939d1dedcb0d880243 2c15071e4d18cb440f22ce910f64d010fb4b9421ec240755d986e1e38fb7671a
784 512 2560 512 1 0 0 3693033195f18ba1c2a28f0b4ff21f63eaa2623c3da91010f75c187b8b0e14bc b457a85b745b61d83fcf47ff36511f20a778a82ca12b0c2cf364de4b6fbf61c6
785 512 2560 512 -1 0 0 3f06019da52ff6639c56b1a4602ba7efe7b43a2127b138898518a6540f018052 0eee781e11f56761cf26aae7a9b4bf153532502d456dff5869a3075cf1269ba7
786 512 2560 512 0 1 0 8dc6cab27443912bcce67aa1a83fbeb3c58cec6d954a4f63cc0758ecd3b5136f b1532425df7af7383532258d06f27640a77f35795d49984b03d74daa0e4e5d89
787 512 2560 512 0 -1 0 696f7fae38a9c6bd2f3e6bb3632fbbc7301380e4f8277d2d0e04c2cfe3ddb60c c50d2286a89759eeb97a11c63f688d3e3557383a6018284875c5d8311d20cda9
788 512 2560 512 1 1 0 298969ea55667c3283c0821098739bf179702b45877a0f16b635ca42eea383e3 4293210392d56c50edf35961de0d8ee731225a7c4d4821c25fc7fec6a96234d3
789 512 2560 512 1 -1 0 5017e51dfe58e48b6cf9b9514b87cff128254e7e4f5cbc82d257c46f1b5a3311 35c21c483ebde13e69df67b1720dafd8ae259068aa0a9db1cf6de8a8c36cac71
790 512 2560 512 2 1 -1 dd732e59300676dca59147788a6b7573c07cab738b45e7e5bc20284cf1663017 ecd6b50f98d1ae683b0fb33559934867673ea8567b4567f45b388f86069c7d1d
791 512 2560 512 -1 2 -1 993f9efff1b939fa4f16c1b971709d777cf919a6c4e23e508329df5f4b2a179a 60abc9e5c885a8592a74024c25b3976a00ae9a09f26efd31606299a08305b9be
792 512 2560 1536 1 0 0 028753675e3022f4f857de363faa629cf458d5ed47bd42d417668eeb12c13e69 247bd482b54560d79822b13aef982c8c1313ff6aadb1ad09e0a1aa141843f216
793 512 2560 1536 -1 0 0 addf14d5b1ef8eea708dd7de95d979d72e424d1b5da04d8547871bbf980c5328 25f3fa4f5cdc9bf25087616c6bc18ff8846759db488c5036094d05870558dff7
794 512 2560 1536 0 1 0 15efaa1525a0b5ab9f40a2191fda4750ba1c7dbe3c3ec12a6e0d34c06cf76032 740526952f27fd64c246cde8b4589d3c8705bb1d147adcff05d61661f67b2ca2
795 512 2560 1536 0 -1 0 ce54cc9b9b8db26765a7630175e57a9c4bbb0dbe2f9603ded3ca35145a039861 054088cc0a797b6f569636c38022a4de19857f157350410a2c5a2bd4364e3aee
796 512 2560 1536 1 1 0 69ad79fed78a2bce821ac9ed87c3633b7640930298a0db6c86f39eb86def511c 6813ab4ad85f670c9db3a845b99c03169f05ae5e8f41587caca15570d8ce4379
797 512 2560 1536 1 -1 0 eb107c58c1a0eda010175b091942d426c59bb66524398b02fdc9b5fa3cbe3913 43c6392b17f09b6c98257c2dfa16adc9232409987b02719b7dae9b295a646c7b
798 512 2560 1536 2 1 -1 d19d116389ee30d0d1774093c38198000c8ec502eb1887fadf65d5c1d1c26351 31d170dedfd27a1212b87c56ed6b005303e4927c287ae4391a9ce27ddf6529b8
799 512 2560 1536 -1 2 -1 5249544e3be4f0669cb9c5f5d900537f65fed11dc632e0939d1dedcb0d880243 2c15071e4d18cb440f22ce910f64d010fb4b9421ec240755d986e1e38fb7671a
800 512 2560 2560 1 0 0 d76ff411d03bfc5b506e5f0eb63b2e94c74dddcb064bc7551b9a0f77a99a21d2 47f6f2e386ec5e3b883187e7aaf52d152d823051a6f6b434f94087f8e0c3e374
801 512 2560 2560 -1 0 0 3f06019da52ff6639c56b1a4602ba7efe7b43a2127b138898518a6540f018052 d2acc3cbbf51a59c4820b42179fb3e64137f3665515b4e503a082eed211a3cc1
802 512 2560 2560 0 1 0 35f0f3e0c827846e183dd5d2cda9c994d784d6f581b060d1144daa1596ae099e 2753c649e15d6e06c8204bfbe2ec9aa88bf1f8ec79805ace04ef235e9d40a590
803 512 2560 2560 0 -1 0 1d6efa477f7f4ded5c79ab18faefc447a2dda603987f49bbd940685a667ef51d 33364811b88866e2e4243e1df54a5367e68c647b5cfe189d8edb378564626f43
804 512 2560 2560 1 1 0 ceb67c4fdcdeca1d844b7cb2febb88f85d4e71f74a210181c61921bdafdd12eb 66eb2d9dff538fc791e999c3a2929699a34f38d7223a50b4a91a681269ec79e7
805 512 2560 2560 1 -1 0 0a143bc6f87cd94cc107a93f1e7550a5f3471ab5766471ae7e8920d45cac3d5a 4d5e13aec4e8683a736340cd2c4af03a117648c0cf07c89fcb738c5660eeaff4
806 512 2560 2560 2 1 -1 d19d116389ee30d0d1774093c38198000c8ec502eb1887fadf65d5c1d1c26351 31d170dedfd27a1212b87c56ed6b005303e4927c287ae4391a9ce27ddf6529b8
807 512 2560 2560 -1 2 -1 36ca1d3738d3b72c2caf4ba5dfabe30f911310cfce7ac92d4d8fab3e54cdf70e 60abc9e5c885a8592a74024c25b3976a00ae9a09f26efd31606299a08305b9be
808 512 2560 4096 1 0 0 5249544e3be4f0669cb9c5f5d900537f65fed11dc632e0939d1dedcb0d880243 2c15071e4d18cb440f22ce910f64d010fb4b9421ec240755d986e1e38fb7671a
809 512 2560 4096 -1 0 0 5249544e3be4f0669cb9c5f5d900537f65fed11dc632e0939d1dedcb0d880243 2c15071e4d18cb440f22ce910f64d010fb4b9421ec240755d986e1e38fb7671a
810 512 2560 4096 0 1 0 5249544e3be4f0669cb9c5f5d900537f65fed11dc632e0939d1dedcb0d880243 2c15071e4d18cb440f22ce910f64d010fb4b9421ec240755d986e1e38fb7671a
811 512 2560 4096 0 -1 0 5249544e3be4f0669cb9c5f5d900537f65fed11dc632e0939d1dedcb0d880243 2c15071e4d18cb440f22ce910f64d010fb4b9421ec240755d986e1e38fb7671a
812 512 2560 4096 1 1 0 5249544e3be4f0669cb9c5f5d900537f65fed11dc632e0939d1dedcb0d880243 2c15071e4d18cb440f22ce910f64d010fb4b9421ec240755d986e1e38fb7671a
813 512 2560 4096 1 -1 0 5249544e3be4f0669cb9c5f5d900537f65fed11dc632e0939d1dedcb0d880243 2c15071e4d18cb440f22ce910f64d010fb4b9421ec240755d986e1e38fb7671a
814 512 2560 4096 2 1 -1 4a60e0d0c620e786959154b9cd75fd2b51233824abd0e26365706c7f93f8f5fa 9d52648758fc4837459f3560827a937ba3853de3c292b77996ca04c0b5954e85
815 512 2560 4096 -1 2 -1 5249544e3be4f0669cb9c5f5d900537f65fed11dc632e0939d1dedcb0d880243 2c15071e4d18cb440f22ce910f64d010fb4b9421ec240755d986e1e38fb7671a
816 512 4096 -1536 1 0 0 5249544e3be4f0669cb9c5f5d900537f65fed11dc632e0939d1dedcb0d880243 2c15071e4d18cb440f22ce910f64d010fb4b9421ec240755d986e1e38fb7671a
817 512 4096 -1536 -1 0 0 5249544e3be4f0669cb9c5f5d900537f65fed11dc632e0939d1dedcb0d880243 2c15071e4d18cb440f22ce910f64d010fb4b9421ec240755d986e1e38fb7671a
818 512 4096 -1536 0 1 0 5249544e3be4f0669cb9c5f5d900537f65fed11dc632e0939d1dedcb0d880243 2c15071e4d18cb440f22ce910f64d010fb4b9421ec240755d986e1e38fb7671a
819 512 4096 -1536 0 -1 0 5249544e3be4f0669cb9c5f5d900537f65fed11dc632e0939d1dedcb0d880243 2c15071e4d18cb440f22ce910f64d010fb4b9421ec240755d986e1e38fb7671a
820 512 4096 -1536 1 1 0 5249544e3be4f0669cb9c5f5d900537f65fed11dc632e0939d1dedcb0d880243 2c15071e4d18cb440f22ce910f64d010fb4b9421ec240755d986e1e38fb7671a
821 512 4096 -1536 1 -1 0 5249544e3be4f0669cb9c5f5d900537f65fed11dc632e0939d1dedcb0d880243 2c15071e4d18cb440f22ce910f64d010fb4b9421ec240755d986e1e38fb7671a
822 512 4096 -1536 2 1 -1 5249544e3be4f0669cb9c5f5d900537f65fed11dc632e0939d1dedcb0d880243 2c15071e4d18cb440f22ce910f64d010fb4b9421ec240755d986e1e38fb7671a
823 512 4096 -1536 -1 2 -1 5249544e3be4f0669cb9c5f5d900537f65fed11dc632e0939d1dedcb0d880243 2c15071e4d18cb440f22ce910f64d010fb4b9421ec240755d986e1e38fb7671a
824 512 4096 -512 1 0 0 5249544e3be4f0669cb9c5f5d900537f65fed11dc632e0939d1dedcb0d880243 2c15071e4d18cb440f22ce910f64d010fb4b9421ec240755d986e1e38fb7671a
825 512 4096 -512 -1 0 0 5249544e3be4f0669cb9c5f5d900537f65fed11dc632e0939d1dedcb0d880243 2c15071e4d18cb440f22ce910f64d010fb4b9421ec240755d986e1e38fb7671a
826 512 4096 -512 0 1 0 5249544e3be4f0669cb9c5f5d900537f65fed11dc632e0939d1dedcb0d880243 2c15071e4d18cb440f22ce910f64d010fb4b9421ec240755d986e1e38fb7671a
827 512 4096 -512 0 -1 0 9d185c7ef712074845d36ae6918df03312fcc2ab50037a6b1425258081aa8d5c e4db9c72fcd787e4c72e8ac5277f0c9507e8a3b8dab1ab4a169c6e8d0aba545a
828 512 4096 -512 1 1 0 5249544e3be4f0669cb9c5f5d900537f65fed11dc632e0939d1dedcb0d880243 2c15071e4d18cb440f22ce910f64d010fb4b9421ec240755d986e1e38fb7671a
829 512 4096 -512 1 -1 0 b277c8ee9f35a43ef7094f8e672017f58d59ee180b7db46370ee667b42f8105d ea4069fcd10721f93a5b874bc280365cebd337f3f232ca30c5c9d34efa7b97f7
830 512 4096 -512 2 1 -1 5249544e3be4f0669cb9c5f5d900537f65fed11dc632e0939d1dedcb0d880243 2c15071e4d18cb440f22ce910f64d010fb4b9421ec240755d986e1e38fb7671a
831 512 4096 -512 -1 2 -1 5249544e3be4f0669cb9c5f5d900537f65fed11dc632e0939d1dedcb0d880243 2c15071e4d18cb440f22ce910f64d010fb4b9421ec240755d986e1e38fb7671a
832 512 4096 512 1 0 0 5249544e3be4f0669cb9c5f5d900537f65fed11dc632e0939d1dedcb0d880243 2c15071e4d18cb440f22ce910f64d010fb4b9421ec240755d986e1e38fb7671a
833 512 4096 512 -1 0 0 5249544e3be4f0669cb9c5f5d900537f65fed11dc632e0939d1dedcb0d880243 2c15071e4d18cb440f22ce910f64d010fb4b9421ec240755d986e1e38fb7671a
834 512 4096 512 0 1 0 5249544e3be4f0669cb9c5f5d900537f65fed11dc632e0939d1dedcb0d880243 2c15071e4d18cb440f22ce910f64d010fb4b9421ec240755d986e1e38fb7671a
835 512 4096 512 0 -1 0 97a1a006fe0dd240b5c523b60e29543a438d5dd77d3acc1ed12efc5c46b1dd13 bbe8d4e96750c1d13fc1d717167f795ac6b203f6932b02d7ce24b396b340b576
836 512 4096 512 1 1 0 5249544e3be4f0669cb9c5f5d900537f65fed11dc632e0939d1dedcb0d880243 2c15071e4d18cb440f22ce910f64d010fb4b9421ec240755d986e1e38fb7671a
837 512 4096 512 1 -1 0 40be78a1541dcd119eaf5ec8d4c8ef400ab42547ff7ab8769841bd78d01449fa a4fad4cca50b1d7aed9f5199981201ccb37434699cda88e31366c575a99485b9
838 512 4096 512 2 1 -1 5249544e3be4f0669cb9c5f5d900537f65fed11dc632e0939d1dedcb0d880243 2c15071e4d18cb440f22ce910f64d010fb4b9421ec240755d986e1e38fb7671a
839 512 4096 512 -1 2 -1 5249544e3be4f0669cb9c5f5d900537f65fed11dc632e0939d1dedcb0d880243 2c15071e4d18cb440f22ce910f64d010fb4b9421ec240755d986e1e38fb7671a
840 512 4096 1536 1 0 0 5249544e3be4f0669cb9c5f5d900537f65fed11dc632e0939d1dedcb0d880243 2c15071e4d18cb440f22ce910f64d010fb4b9421ec240755d986e1e38fb7671a
841 512 4096 1536 -1 0 0 5249544e3be4f0669cb9c5f5d900537f65fed11dc632e0939d1dedcb0d880243 2c15071e4d18cb440f22ce910f64d010fb4b9421ec240755d986e1e38fb7671a
842 512 4096 1536 0 1 0 5249544e3be4f0669cb9c5f5d900537f65fed11dc632e0939d1dedcb0d880243 2c15071e4d18cb440f22ce910f64d010fb4b9421ec240755d986e1e38fb7671a
843 512 4096 1536 0 -1 0 feddf56de154163eaf8bbd6ab903f1b8ae0fa026cbe6fde39645b646d199a440 054442f21bc8902cf3c16f1906df2ed8910a2bdce3641566e3f162d496b44cc0
844 512 4096 1536 1 1 0 5249544e3be4f0669cb9c5f5d900537f65fed11dc632e0939d1dedcb0d880243 2c15071e4d18cb440f22ce910f64d010fb4b9421ec240755d986e1e38fb7671a
845 512 4096 1536 1 -1 0 8f406b88903e612a4bad68ad2a82724379e0cbf4bbc67f9e5d5890db7f257f19 eb29fb429f9585ccad26d1565c7f99d1612fd8641e9cf358445db9abbaf40e2b
846 512 4096 1536 2 1 -1 5249544e3be4f0669cb9c5f5d900537f65fed11dc632e0939d1dedcb0d880243 2c15071e4d18cb440f22ce910f64d010fb4b9421ec240755d986e1e38fb7671a
847 512 4096 1536 -1 2 -1 5249544e3be4f0669cb9c5f5d900537f65fed11dc632e0939d1dedcb0d880243 2c15071e4d18cb440f22ce910f64d010fb4b9421ec240755d986e1e38fb7671a
848 512 4096 2560 1 0 0 5249544e3be4f0669cb9c5f5d900537f65fed11dc632e0939d1dedcb0d880243 2c15071e4d18cb440f22ce910f64d010fb4b9421ec240755d986e1e38fb7671a
849 512 4096 2560 -1 0 0 5249544e3be4f0669cb9c5f5d900537f65fed11dc632e0939d1dedcb0d880243 2c15071e4d18cb440f22ce910f64d010fb4b9421ec240755d986e1e38fb7671a
850 512 4096 2560 0 1 0 5249544e3be4f0669cb9c5f5d900537f65fed11dc632e0939d1dedcb0d880243 2c15071e4d18cb440f22ce910f64d010fb4b9421ec240755d986e1e38fb7671a
851 512 4096 2560 0 -1 0 ff6aa35ea27e8ee8607fc65fcb676ae533ecbb2f3fcab5a74cbc47b82d5ca9d5 f10af118e9d8b751b2ecfebd4392dba60901d591f5b35547d066aa8256498e6f
852 512 4096 2560 1 1 0 5249544e3be4f0669cb9c5f5d900537f65fed11dc632e0939d1dedcb0d880243 2c15071e4d18cb440f22ce910f64d010fb4b9421ec240755d986e1e38fb7671a
853 512 4096 2560 1 -1 0 67258d5379bbcfb22a90a801a224f3dcb729bcffe1e73b8e5e3e1a0e794d2aa9 bef0224cb3e652c99a82796fdd74dff23f7ca0a31b4b400ddd3220fb97b16735
854 512 4096 2560 2 1 -1 5249544e3be4f0669cb9c5f5d900537f65fed11dc632e0939d1dedcb0d880243 2c15071e4d18cb440f22ce910f64d010fb4b9421ec240755d986e1e38fb7671a
855 512 4096 2560 -1 2 -1 5249544e3be4f0669cb9c5f5d900537f65fed11dc632e0939d1dedcb0d880243 2c15071e4d18cb440f22ce910f64d010fb4b9421ec240755d986e1e38fb7671a
856 512 4096 4096 1 0 0 5249544e3be4f0669cb9c5f5d900537f65fed11dc632e0939d1dedcb0d880243 2c15071e4d18cb440f22ce910f64d010fb4b9421ec240755d986e1e38fb7671a
857 512 4096 4096 -1 0 0 5249544e3be4f0669cb9c5f5d900537f65fed11dc632e0939d1dedcb0d880243 2c15071e4d18cb440f22ce910f64d010fb4b9421ec240755d986e1e38fb7671a
858 512 4096 4096 0 1 0 5249544e3be4f0669cb9c5f5d900537f65fed11dc632e0939d1dedcb0d880243 2c15071e4d18cb440f22ce910f64d010fb4b9421ec240755d986e1e38fb7671a
859 512 4096 4096 0 -1 0 5249544e3be4f0669cb9c5f5d900537f65fed11dc632e0939d1dedcb0d880243 2c15071e4d18cb440f22ce910f64d010fb4b9421ec240755d986e1e38fb7671a
860 512 4096 4096 1 1 0 5249544e3be4f0669cb9c5f5d900537f65fed11dc632e0939d1dedcb0d880243 2c15071e4d18cb440f22ce910f64d010fb4b9421ec240755d986e1e38fb7671a
861 512 4096 4096 1 -1 0 1e9aff48f03242c0e6161915e392959297442dec145d2c516374cdd1d4f2f2e3 f16f7891646f3a5c27d13361cb1b35c50747bb65e16d4df6ef74256f56163edf
862 512 4096 4096 2 1 -1 5249544e3be4f0669cb9c5f5d900537f65fed11dc632e0939d1dedcb0d880243 2c15071e4d18cb440f22ce910f64d010fb4b9421ec240755d986e1e38fb7671a
863 512 4096 4096 -1 2 -1 5249544e3be4f0669cb9c5f5d900537f65fed11dc632e0939d1dedcb0d880243 2c15071e4d18cb440f22ce910f64d010fb4b9421ec240755d986e1e38fb7671a
864 1536 -1536 -1536 1 0 0 5249544e3be4f0669cb9c5f5d900537f65fed11dc632e0939d1dedcb0d880243 2c15071e4d18cb440f22ce910f64d010fb4b9421ec240755d986e1e38fb7671a
865 1536 -1536 -1536 -1 0 0 5249544e3be4f0669cb9c5f5d900537f65fed11dc632e0939d1dedcb0d880243 2c15071e4d18cb440f22ce910f64d010fb4b9421ec240755d986e1e38fb7671a
866 1536 -1536 -1536 0 1 0 5249544e3be4f0669cb9c5f5d900537f65fed11dc632e0939d1dedcb0d880243 2c15071e4d18cb440f22ce910f64d010fb4b9421ec240755d986e1e38fb7671a
867 1536 -1536 -1536 0 -1 0 5249544e3be4f0669cb9c5f5d900537f65fed11dc632e0939d1dedcb0d880243 2c15071e4d18cb440f22ce910f64d010fb4b9421ec240755d986e1e38fb7671a
868 1536 -1536 -1536 1 1 0 5249544e3be4f0669cb9c5f5d900537f65fed11dc632e0939d1dedcb0d880243 2c15071e4d18cb440f22ce910f64d010fb4b9421ec240755d986e1e38fb7671a
869 1536 -1536 -1536 1 -1 0 5249544e3be4f0669cb9c5f5d900537f65fed11dc632e0939d1dedcb0d880243 2c15071e4d18cb440f22ce910f64d010fb4b9421ec240755d986e1e38fb7671a
870 1536 -1536 -1536 2 1 -1 5249544e3be4f0669cb9c5f5d900537f65fed11dc632e0939d1dedcb0d880243 2c15071e4d18cb440f22ce910f64d010fb4b9421ec240755d986e1e38fb7671a
871 1536 -1536 -1536 -1 2 -1 5249544e3be4f0669cb9c5f5d900537f65fed11dc632e0939d1dedcb0d880243 2c15071e4d18cb440f22ce910f64d010fb4b9421ec240755d986e1e38fb7671a
872 1536 -1536 -512 1 0 0 5249544e3be4f0669cb9c5f5d900537f65fed11dc632e0939d1dedcb0d880243 2c15071e4d18cb440f22ce910f64d010fb4b9421ec240755d986e1e38fb7671a
873 1536 -1536 -512 -1 0 0 5249544e3be4f0669cb9c5f5d900537f65fed11dc632e0939d1dedcb0d880243 2c15071e4d18cb440f22ce910f64d010fb4b9421ec240755d986e1e38fb7671a
874 1536 -1536 -512 0 1 0 114291ebb79f9a4ad63f512499d2a3238fff831cc87c20d10aeeb5a8a9d9c503 4381f0ffeab1d50e950c906e30b61d4cf06b08c713ebcb00f9f1a695acb6f51e
875 1536 -1536 -512 0 -1 0 5249544e3be4f0669cb9c5f5d900537f65fed11dc632e0939d1dedcb0d880243 2c15071e4d18cb440f22ce910f64d010fb4b9421ec240755d986e1e38fb7671a
876 1536 -1536 -512 1 1 0 45016f9e5cd809e6471935bf583b195db574ce0479ccfcaa568517ecee62c431 a4876d8e6ec63799dcd1c263e1e3c5ded4cfeb0438aeb4eaa3759173647c50b7
877 1536 -1536 -512 1 -1 0 5249544e3be4f0669cb9c5f5d900537f65fed11dc632e0939d1dedcb0d880243 2c15071e4d18cb440f22ce910f64d010fb4b9421ec240755d986e1e38fb7671a
878 1536 -1536 -512 2 1 -1 5249544e3be4f0669cb9c5f5d900537f65fed11dc632e0939d1dedcb0d880243 2c15071e4d18cb440f22ce910f64d010fb4b9421ec240755d986e1e38fb7671a
879 1536 -1536 -512 -1 2 -1 5249544e3be4f0669cb9c5f5d900537f65fed11dc632e0939d1dedcb0d880243 2c15071e4d18cb440f22ce910f64d010fb4b9421ec240755d986e1e38fb7671a
880 1536 -1536 512 1 0 0 5249544e3be4f0669cb9c5f5d900537f65fed11dc632e0939d1dedcb0d880243 2c15071e4d18cb440f22ce910f64d010fb4b9421ec240755d986e1e38fb7671a
881 1536 -1536 512 -1 0 0 5249544e3be4f0669cb9c5f5d900537f65fed11dc632e0939d1dedcb0d880243 2c15071e4d18cb440f22ce910f64d010fb4b9421ec240755d986e1e38fb7671a
882 1536 -1536 512 0 1 0 4fb57087e953ed966bad43d8dc1313f2b983d883ab23cc3a0d863d72174ce8eb 4af84c42f0bd00cd8c4ab12be6cd0a5a6d750542893a872a1620aa57ba604fad
883 1536 -1536 512 0 -1 0 5249544e3be4f0669cb9c5f5d900537f65fed11dc632e0939d1dedcb0d880243 2c15071e4d18cb440f22ce910f64d010fb4b9421ec240755d986e1e38fb7671a
884 1536 -1536 512 1 1 0 4f9d5a7a0e055e4ee16b394f02c4bac29ef43449ca61cfbc3831163b820208e4 30dee057e3f97fcc71f03a2cf18c8c90f924b1bf0cae59ebb1550bf202c677f2
885 1536 -1536 512 1 -1 0 5249544e3be4f0669cb9c5f5d900537f65fed11dc632e0939d1dedcb0d880243 2c15071e4d18cb440f22ce910f64d010fb4b9421ec240755d986e1e38fb7671a
886 1536 -1536 512 2 1 -1 0511d6afb7962b86c9dac05840d4312f46cca3a031767bdebf8024d0b44dbc63 de03477f7a2ee034277a5d8407e1cefa2d90067b48e1b6ef176cf59e8480caf7
887 1536 -1536 512 -1 2 -1 312a0e88baf0add9027cb4ed19a98437f0d47285041f2579c5e194c487a88964 e850446c8ce66a1c3e1170c416f2516b546b195b9d4de4fc1e1b8c9d16aa3de2
888 1536 -1536 1536 1 0 0 5249544e3be4f0669cb9c5f5d900537f65fed11dc632e0939d1dedcb0d880243 2c15071e4d18cb440f22ce910f64d010fb4b9421ec240755d986e1e38fb7671a
889 1536 -1536 1536 -1 0 0 5249544e3be4f0669cb9c5f5d900537f65fed11dc632e0939d1dedcb0d880243 2c15071e4d18cb440f22ce910f64d010fb4b9421ec240755d986e1e38fb7671a
890 1536 -1536 1536 0 1 0 fc8f5e7bc7024c6920d8c3f63d883d5a4dc40683da21f688c0e5b543f5bab9c9 6bac4a59cf65903824d2c28d5155d1b652a15bb658c54b0b1d127cf5f817cc55
891 1536 -1536 1536 0 -1 0 5249544e3be4f0669cb9c5f5d900537f65fed11dc632e0939d1dedcb0d880243 2c15071e4d18cb440f22ce910f64d010fb4b9421ec240755d986e1e38fb7671a
892 1536 -1536 1536 1 1 0 63732ad35b7e408f2fc8a9b1b1ff85fce12591b448a5207a3e79e0b925effb94 fc5cb08432e0a11ad7a8340528603418144e666b9eee258ba511e59d11fcdd32
893 1536 -1536 1536 1 -1 0 5249544e3be4f0669cb9c5f5d900537f65fed11dc632e0939d1dedcb0d880243 2c15071e4d18cb440f22ce910f64d010fb4b9421ec240755d986e1e38fb7671a
894 1536 -1536 1536 2 1 -1 dfdd8c5d649877c81826a135178a13aafe9c1883ab1f92fb181b4343c451c8dd 8d1530ea82a543768d2850e4c168c6aa02cf6b6a0f891bfd3ad4435ac29af6f6
895 1536 -1536 1536 -1 2 -1 348253aa66383177957704fec7636fe2d43508cec28789f08980305836ce58f6 c2c7da1563748a8c6997ed18ed7a650f3f25483263cf08c729c0269205c6e09c
896 1536 -1536 2560 1 0 0 5249544e3be4f0669cb9c5f5d900537f65fed11dc632e0939d1dedcb0d880243 2c15071e4d18cb440f22ce910f64d010fb4b9421ec240755d986e1e38fb7671a
897 1536 -1536 2560 -1 0 0 5249544e3be4f0669cb9c5f5d900537f65fed11dc632e0939d1dedcb0d880243 2c15071e4d18cb440f22ce910f64d010fb4b9421ec240755d986e1e38fb7671a
898 1536 -1536 2560 0 1 0 d844b7139e6edfeb8543508063e79f91c8c77eeeb334fc2aace188d3db26db58 6b90ccb3558dd99c6efb9e91afd02c782751fc0181cff1327151de684019e963
899 1536 -1536 2560 0 -1 0 5249544e3be4f0669cb9c5f5d900537f65fed11dc632e0939d1dedcb0d880243 2c15071e4d18cb440f22ce910f64d010fb4b9421ec240755d986e1e38fb7671a
900 1536 -1536 2560 1 1 0 360a859f9c1686dbda23040339f72c4c5482d1dbdfdd5b2a122fffde6d917b3a b8907d116f7adff75c0109e0725ee25a0a282f4080c109439d2b087af5074923
901 1536 -1536 2560 1 -1 0 5249544e3be4f0669cb9c5f5d900537f65fed11dc632e0939d1dedcb0d880243 2c15071e4d18cb440f22ce910f64d010fb4b9421ec240755d986e1e38fb7671a
902 1536 -1536 2560 2 1 -1 bec4122e51fd27147a6048f045c481e106f316988bd79b6709204075230922a3 daba8b3c00466f358b195e9c66fd385888a3b9806a1984155c2057d9667a5b42
903 1536 -1536 2560 -1 2 -1 69ceb1f5a37d858cd5df6f3be1cd630a0cfb957d432a3102c4db01bd659b6c7c c3b81432f019cdd1f4dea6bad30b00b63badbb7eeb346d9dcdc8312cae15a2fe
904 1536 -1536 4096 1 0 0 5249544e3be4f0669cb9c5f5d900537f65fed11dc632e0939d1dedcb0d880243 2c15071e4d18cb440f22ce910f64d010fb4b9421ec240755d986e1e38fb7671a
905 1536 -1536 4096 -1 0 0 5249544e3be4f0669cb9c5f5d900537f65fed11dc632e0939d1dedcb0d880243 2c15071e4d18cb440f22ce910f64d010fb4b9421ec240755d986e1e38fb7671a
906 1536 -1536 4096 0 1 0 4f2eea3f28be434672347b9a5548fdbdeed3776307fd368ce09c6ed8be156af3 0e18f10a4b0104d0abb4c16383811610a811a6e8bdd38a274c73981e31aa8511
907 1536 -1536 4096 0 -1 0 5249544e3be4f0669cb9c5f5d900537f65fed11dc632e0939d1dedcb0d880243 2c15071e4d18cb440f22ce910f64d010fb4b9421ec240755d986e1e38fb7671a
908 1536 -1536 4096 1 1 0 5249544e3be4f0669cb9c5f5d900537f65fed11dc632e0939d1dedcb0d880243 2c15071e4d18cb440f22ce910f64d010fb4b9421ec240755d986e1e38fb7671a
909 1536 -1536 4096 1 -1 0 5249544e3be4f0669cb9c5f5d900537f65fed11dc632e0939d1dedcb0d880243 2c15071e4d18cb440f22ce910f64d010fb4b9421ec240755d986e1e38fb7671a
910 1536 -1536 4096 2 1 -1 52c52f7dc172368320d4d1a596a10415e664a319a289365e28aa2885e4259754 af467e82ad47e9998efc790df8bd29ee04a1f95a9ac269bfd7fab86f40355beb
911 1536 -1536 4096 -1 2 -1 810492b31480ee2cb6fa9131f85460e150f7edef7f28876235fe61676c7aa35a 226c4159a93724b0723f6f079b25f47a2e72bfe6053f19d309827ff5d957997b
912 1536 -512 -1536 1 0 0 5249544e3be4f0669cb9c5f5d900537f65fed11dc632e0939d1dedcb0d880243 2c15071e4d18cb440f22ce910f64d010fb4b9421ec240755d986e1e38fb7671a
913 1536 -512 -1536 -1 0 0 5249544e3be4f0669cb9c5f5d900537f65fed11dc632e0939d1dedcb0d880243 2c15071e4d18cb440f22ce910f64d010fb4b9421ec240755d986e1e38fb7671a
914 1536 -512 -1536 0 1 0 5249544e3be4f0669cb9c5f5d900537f65fed11dc632e0939d1dedcb0d880243 2c15071e4d18cb440f22ce910f64d010fb4b9421ec240755d986e1e38fb7671a
915 1536 -512 -1536 0 -1 0 5249544e3be4f0669cb9c5f5d900537f65fed11dc632e0939d1dedcb0d880243 2c15071e4d18cb440f22ce910f64d010fb4b9421ec240755d986e1e38fb7671a
916 1536 -512 -1536 1 1 0 5249544e3be4f0669cb9c5f5d900537f65fed11dc632e0939d1dedcb0d880243 2c15071e4d18cb440f22ce910f64d010fb4b9421ec240755d986e1e38fb7671a
917 1536 -512 -1536 1 -1 0 5249544e3be4f0669cb9c5f5d900537f65fed11dc632e0939d1dedcb0d880243 2c15071e4d18cb440f22ce910f64d010fb4b9421ec240755d986e1e38fb7671a
918 1536 -512 -1536 2 1 -1 5249544e3be4f0669cb9c5f5d900537f65fed11dc632e0939d1dedcb0d880243 2c15071e4d18cb440f22ce910f64d010fb4b9421ec240755d986e1e38fb7671a
919 1536 -512 -1536 -1 2 -1 5249544e3be4f0669cb9c5f5d900537f65fed11dc632e0939d1dedcb0d880243 2c15071e4d18cb440f22ce910f64d010fb4b9421ec240755d986e1e38fb7671a
920 1536 -512 -512 1 0 0 5249544e3be4f0669cb9c5f5d900537f65fed11dc632e0939d1dedcb0d880243 2c15071e4d18cb440f22ce910f64d010fb4b9421ec240755d986e1e38fb7671a
921 1536 -512 -512 -1 0 0 5249544e3be4f0669cb9c5f5d900537f65fed11dc632e0939d1dedcb0d880243 2c15071e4d18cb440f22ce910f64d010fb4b9421ec240755d986e1e38fb7671a
922 1536 -512 -512 0 1 0 425563a8ef31e6fac8e72a83fcca585a26e94c554ca03b7985f5948cf98343d2 2504cdf9337c919da4182042adfb4e5c490aadfd31781ee81bf8f61bdccf43c8
923 1536 -512 -512 0 -1 0 5249544e3be4f0669cb9c5f5d900537f65fed11dc632e0939d1dedcb0d880243 2c15071e4d18cb440f22ce910f64d010fb4b9421ec240755d986e1e38fb7671a
924 1536 -512 -512 1 1 0 327c64a0d5a1fd4a3b61d695a82eac1ace6a579fe83c884d9e53ab42db1d2219 8bf30a44e69a826756437fcce6b8f2aeac6d2e88a5a4805bc883133176146589
925 1536 -512 -512 1 -1 0 5249544e3be4f0669cb9c5f5d900537f65fed11dc632e0939d1dedcb0d880243 2c15071e4d18cb440f22ce910f64d010fb4b9421ec240755d986e1e38fb7671a
926 1536 -512 -512 2 1 -1 5249544e3be4f0669cb9c5f5d900537f65fed11dc632e0939d1dedcb0d880243 2c15071e4d18cb440f22ce910f64d010fb4b9421ec240755d986e1e38fb7671a
927 1536 -512 -512 -1 2 -1 5249544e3be4f0669cb9c5f5d900537f65fed11dc632e0939d1dedcb0d880243 2c15071e4d18cb440f22ce910f64d010fb4b9421ec240755d986e1e38fb7671a
928 1536 -512 512 1 0 0 f480d9cca389d6ea32f6fac7aa208e8c6b2e15f2601858d70678dc93ddaafbbd 374e382a8f3fab606ac57e7938379010c53fbfeaefbf6b5b021388f5ab29176a
929 1536 -512 512 -1 0 0 5249544e3be4f0669cb9c5f5d900537f65fed11dc632e0939d1dedcb0d880243 2c15071e4d18cb440f22ce910f64d010fb4b9421ec240755d986e1e38fb7671a
930 1536 -512 512 0 1 0 e984e04fe3b5c9729655479f71ca02f1bf87c3e56fd52c7dacd6e66c8c585a56 d0fb7171d0b3e478e06ab0d46906531b659efc80f6987eecc129ef35d2ab2253
931 1536 -512 512 0 -1 0 5249544e3be4f0669cb9c5f5d900537f65fed11dc632e0939d1dedcb0d880243 2c15071e4d18cb440f22ce910f64d010fb4b9421ec240755d986e1e38fb7671a
932 1536 -512 512 1 1 0 473e03f00069e73ca5611c78893b5cb87e30df4c3a86cda18879e2b2941ebe8e 3367f86f9787e468e88bebac9ca685f71accf69189c5bd158511c264be9ceae6
933 1536 -512 512 1 -1 0 5249544e3be4f0669cb9c5f5d900537f65fed11dc632e0939d1dedcb0d880243 2c15071e4d18cb440f22ce910f64d010fb4b9421ec240755d986e1e38fb7671a
934 1536 -512 512 2 1 -1 19abf5d69d86d104fdd2bd0ff73a85a88ba3ef8bc6d34f2944b509c5e5df44c0 3d6bae19ee11295dc07f79bd65e2bdaad8046b0b67bada2121c63fd86c95f1a2
935 1536 -512 512 -1 2 -1 98a1ac153e26b685f48b98743aa6a502962feb5d564cebf8ff163ef0bd66feab 6bdf5687d83b4c1cae6d68989309f1d0818ea2f47f7abacda1dcffd9a6fbcbce
936 1536 -512 1536 1 0 0 f957a9f0f32cbc62c29a6a38824ad980c13cbf5b003f7291689041d45243ae61 0e52dddfc054e46510a00fd7ac853164ba440d13a6c79dbe6197e47aa4908280
937 1536 -512 1536 -1 0 0 5249544e3be4f0669cb9c5f5d900537f65fed11dc632e0939d1dedcb0d880243 2c15071e4d18cb440f22ce910f64d010fb4b9421ec240755d986e1e38fb7671a
938 1536 -512 1536 0 1 0 8bf557d1aee4bad8f35ebb8affe97d543cf8a2fa08ebf0411c00865f119e5b58 0190ade410b1d59ea1c099bb90d663eae9e0e36c9d71f871f53c3d95ae650e20
939 1536 -512 1536 0 -1 0 5249544e3be4f0669cb9c5f5d900537f65fed11dc632e0939d1dedcb0d880243 2c15071e4d18cb440f22ce910f64d010fb4b9421ec240755d986e1e38fb7671a
940 1536 -512 1536 1 1 0 4648edbe8ad342e6766ffe046615347c325431ceb8b0e342218d0e96d19e324b 7ac0413208493a1367f457d116083aaac612ee1c9a3d56c763be16700c99885e
941 1536 -512 1536 1 -1 0 5249544e3be4f0669cb9c5f5d900537f65fed11dc632e0939d1dedcb0d880243 2c15071e4d18cb440f22ce910f64d010fb4b9421ec240755d986e1e38fb7671a
942 1536 -512 1536 2 1 -1 84a63f1461bfd59bd485197f8a4615b677f58ba76c4dfca5d0a62069fc982fc2 3661aecca879d479b6dd0e50715e295f7add231dcaa5ddccc49e21385cd8d2b3
943 1536 -512 1536 -1 2 -1 6d9d5c0599834d86d0100afa4805ca6ab6e95cecb2ffb76bd61c788b25c81f1e a0b883c95b21cb05f48020bdf2d76ac3f83caab13335fb25233d3d193ed1d441
944 1536 -512 2560 1 0 0 d8f5b541abdc707d53408123b2d999ad127c23c7bace6303efdf54ed0a40787c 700a8c28dbc968ff93f6fea4f6e52847da15cb80e2fab9f13d7f3f1d2dfbf025
945 1536 -512 2560 -1 0 0 5249544e3be4f0669cb9c5f5d900537f65fed11dc632e0939d1dedcb0d880243 2c15071e4d18cb440f22ce910f64d010fb4b9421ec240755d986e1e38fb7671a
946 1536 -512 2560 0 1 0 9c54d948df77102bf2851f968abac0fedaf82e77fd3154230364691c06cb82f7 edc4593edd6530bcdc4df4a891f4b91ca5f39a8d0a223d2cd2ced67f81a488e3
947 1536 -512 2560 0 -1 0 5249544e3be4f0669cb9c5f5d900537f65fed11dc632e0939d1dedcb0d880243 2c15071e4d18cb440f22ce910f64d010fb4b9421ec240755d986e1e38fb7671a
948 1536 -512 2560 1 1 0 8e560aae9e215bd6efc8daea27075c9562e9651997bfb2d3505926ab8efa311a b61fd835ac31d45f294aa3760b3dc3fee425900b03ea8d13550ab9425a571f0c
949 1536 -512 2560 1 -1 0 5249544e3be4f0669cb9c5f5d900537f65fed11dc632e0939d1dedcb0d880243 2c15071e4d18cb440f22ce910f64d010fb4b9421ec240755d986e1e38fb7671a
950 1536 -512 2560 2 1 -1 2b21111e6d855dc280326a6c1566c087edd7df34f6ddb48646e7120e3437f067 74632e7bc771e56a4c9ff57875511e9b8c232b6f5f8474072b3d55e99aa16ac8
951 1536 -512 2560 -1 2 -1 4737df99d276b842d1eeba27f2d169feb50d7dcf810d28c1a8b289f96c34c497 30fcb12d58b7595525a760007f663647ba5ff5bdd0fbd5fe05114ddfa9c67b8d
952 1536 -512 4096 1 0 0 5249544e3be4f0669cb9c5f5d900537f65fed11dc632e0939d1dedcb0d880243 2c15071e4d18cb440f22ce910f64d010fb4b9421ec240755d986e1e38fb7671a
953 1536 -512 4096 -1 0 0 5249544e3be4f0669cb9c5f5d900537f65fed11dc632e0939d1dedcb0d880243 2c15071e4d18cb440f22ce910f64d010fb4b9421ec240755d986e1e38fb7671a
954 1536 -512 4096 0 1 0 5249544e3be4f0669cb9c5f5d900537f65fed11dc632e0939d1dedcb0d880243 2c15071e4d18cb440f22ce910f64d010fb4b9421ec240755d986e1e38fb7671a
955 1536 -512 4096 0 -1 0 5249544e3be4f0669cb9c5f5d900537f65fed11dc632e0939d1dedcb0d880243 2c15071e4d18cb440f22ce910f64d010fb4b9421ec240755d986e1e38fb7671a
956 1536 -512 4096 1 1 0 5249544e3be4f0669cb9c5f5d900537f65fed11dc632e0939d1dedcb0d880243 2c15071e4d18cb440f22ce910f64d010fb4b9421ec240755d986e1e38fb7671a
957 1536 -512 4096 1 -1 0 5249544e3be4f0669cb9c5f5d900537f65fed11dc632e0939d1dedcb0d880243 2c15071e4d18cb440f22ce910f64d010fb4b9421ec240755d986e1e38fb7671a
958 1536 -512 4096 2 1 -1 423dd8d6f4214b4ddf7f1c7050010e1b427d9349c20e1f9367179002ea4e83ab 5a5e3bb113dfcabc780a9d172d523a7c84838cfe2433528db9abc6aed8402d2b
959 1536 -512 4096 -1 2 -1 de6d9859d092e73ff2dc2004baffeabc055ae37ce54e8354e361bb5819099f4d 4c867931bbd0e3b130d8f6f7c623d56b61228a918ce1617d6a6504355005a5bf
960 1536 512 -1536 1 0 0 5249544e3be4f0669cb9c5f5d900537f65fed11dc632e0939d1dedcb0d880243 2c15071e4d18cb440f22ce910f64d010fb4b9421ec240755d986e1e38fb7671a
961 1536 512 -1536 -1 0 0 5249544e3be4f0669cb9c5f5d900537f65fed11dc632e0939d1dedcb0d880243 2c15071e4d18cb440f22ce910f64d010fb4b9421ec240755d986e1e38fb7671a
962 1536 512 -1536 0 1 0 5249544e3be4f0669cb9c5f5d900537f65fed11dc632e0939d1dedcb0d880243 2c15071e4d18cb440f22ce910f64d010fb4b9421ec240755d986e1e38fb7671a
963 1536 512 -1536 0 -1 0 5249544e3be4f0669cb9c5f5d900537f65fed11dc632e0939d1dedcb0d880243 2c15071e4d18cb440f22ce910f64d010fb4b9421ec240755d986e1e38fb7671a
964 1536 512 -1536 1 1 0 5249544e3be4f0669cb9c5f5d900537f65fed11dc632e0939d1dedcb0d880243 2c15071e4d18cb440f22ce910f64d010fb4b9421ec240755d986e1e38fb7671a
965 1536 512 -1536 1 -1 0 5249544e3be4f0669cb9c5f5d900537f65fed11dc632e0939d1dedcb0d880243 2c15071e4d18cb440f22ce910f64d010fb4b9421ec240755d986e1e38fb7671a
966 1536 512 -1536 2 1 -1 5249544e3be4f0669cb9c5f5d900537f65fed11dc632e0939d1dedcb0d880243 2c15071e4d18cb440f22ce910f64d010fb4b9421ec240755d986e1e38fb7671a
967 1536 512 -1536 -1 2 -1 5249544e3be4f0669cb9c5f5d900537f65fed11dc632e0939d1dedcb0d880243 2c15071e4d18cb440f22ce910f64d010fb4b9421ec240755d986e1e38fb7671a
968 1536 512 -512 1 0 0 5249544e3be4f0669cb9c5f5d900537f65fed11dc632e0939d1dedcb0d880243 2c15071e4d18cb440f22ce910f64d010fb4b9421ec240755d986e1e38fb7671a
969 1536 512 -512 -1 0 0 5249544e3be4f0669cb9c5f5d900537f65fed11dc632e0939d1dedcb0d880243 2c15071e4d18cb440f22ce910f64d010fb4b9421ec240755d986e1e38fb7671a
970 1536 512 -512 0 1 0 ecb81799c3f2aa19831982e3c75fe4b87185d2edd0d95f45489bced8f76aa1c8 fb25815e411832c5087e015a3b9ea9ab4921ca0d8e8ade3d70cbe52793089ea1
971 1536 512 -512 0 -1 0 5249544e3be4f0669cb9c5f5d900537f65fed11dc632e0939d1dedcb0d880243 2c15071e4d18cb440f22ce910f64d010fb4b9421ec240755d986e1e38fb7671a
972 1536 512 -512 1 1 0 14e5805726fb8fa9472986ccdf2794c135bc215467ecc628f84792c60a16533d 274b3edef09d858bd39755aecc17bf3e6ce6c012ff773015a6f0d8bd9f8a62a1
973 1536 512 -512 1 -1 0 5249544e3be4f0669cb9c5f5d900537f65fed11dc632e0939d1dedcb0d880243 2c15071e4d18cb440f22ce910f64d010fb4b9421ec240755d986e1e38fb7671a
974 1536 512 -512 2 1 -1 5249544e3be4f0669cb9c5f5d900537f65fed11dc632e0939d1dedcb0d880243 2c15071e4d18cb440f22ce910f64d010fb4b9421ec240755d986e1e38fb7671a
975 1536 512 -512 -1 2 -1 5249544e3be4f0669cb9c5f5d900537f65fed11dc632e0939d1dedcb0d880243 2c15071e4d18cb440f22ce910f64d010fb4b9421ec240755d986e1e38fb7671a
976 1536 512 512 1 0 0 2521ca96f8d72527f614ba094393423c817fbe3b0c23e41026b2c2e3f6f9721c 3f1c746e5d44f65e3ea8b59197f921987945071beff6e117de6b0530950f2c1e
977 1536 512 512 -1 0 0 ead631d82ca65b513a97f4720ce128a5f13b745f1491969b70a166166f72d02c d21b31f352bfa78fd8d86273889106f61a1f0f9fa9c3c64fe69a053e879f4ac4
978 1536 512 512 0 1 0 f05484af4985a2647a2229aa6e748938ede1eec34e2cf8ba880ee62398b0c6ec 53dcb8f15519988bdbd3d76bd42b13269bae7a10a5def32a53b65b8e6e02a878
979 1536 512 512 0 -1 0 953b90434f445324b302694c3f581fa626365e04b3ee8f7bf7864e77835f989e 6a0ebf3698acce99486d48ff3f1a5a782c4756f1b162a429cdb7fc86e755c08d
980 1536 512 512 1 1 0 729a769fb8ac9573f53d6f620c59114959bba9a57102cc14195dc046c0657e2b 87d33365c3e46b2c52033e6d5ea2e8ae9c0fb672f32c72a65e79f50ba870a918
981 1536 512 512 1 -1 0 5017e51dfe58e48b6cf9b9514b87cff128254e7e4f5cbc82d257c46f1b5a3311 42ef24f70970f3810123f4850cba30699dd8fb4a187d90fe2859e4658d910227
982 1536 512 512 2 1 -1 22c71b9ddc860700d42685adbd8ea4c815ac61fbeb6987c3dbadba35f30d0263 da48a915e28ab2bbe3955b836e20e0d861929e8f8c6c05e81e956cab9d489107
983 1536 512 512 -1 2 -1 d50264d5979628692d30aea2c15f8008cdf176d298a56be49261922638ab1448 2224ca55f86c8ca2cfffeff33ccd1d0bb066bd363b78ac74218df2710479e7c8
984 1536 512 1536 1 0 0 95ebcffd0597b1fb2507b328dca41b6c338a61a3eaa73c432376dd2dc4716bb9 fdd267b96d1b424112343b1911df7a977efff1dca550d7323ca3ab719bfaf9b3
985 1536 512 1536 -1 0 0 15e2128b3f8aa533ca8ca8ea07ca99e55749f5cf8cb55681ad236363d95346e6 a05fbd7afb8bc6c73bd8f2871b6d5603dc5eb64a225bce42521004a0a3fbe5f4
986 1536 512 1536 0 1 0 1cd32ddb4b1cdff873fedaa65433a33d0f2198b63026c1a4f37c8356e10cec89 ab4f2e6e8a34a17d527a6d34f76dea5ad5f4287188d3e3f88a42372d218ce435
987 1536 512 1536 0 -1 0 a3f5cf0ffa05eb175cb850dc4cf63a4a9fbac7ef8ba214c7c11f995842cbd13a 2753c649e15d6e06c8204bfbe2ec9aa88bf1f8ec79805ace04ef235e9d40a590
988 1536 512 1536 1 1 0 ceb67c4fdcdeca1d844b7cb2febb88f85d4e71f74a210181c61921bdafdd12eb d79d7b97f980e49dfebf9986c826a09781b97f6ff16f574008ea2f5ad50cc6cd
989 1536 512 1536 1 -1 0 26f9e4c00ddd3c68d713139ba4d32471681a0aa30f0cab76071eefbc3678a859 22ed747f21e1eaa3cbd4417e800b7c26ff66a7e4af0e1c48e6f7de5b727174c5
990 1536 512 1536 2 1 -1 d19d116389ee30d0d1774093c38198000c8ec502eb1887fadf65d5c1d1c26351 31d170dedfd27a1212b87c56ed6b005303e4927c287ae4391a9ce27ddf6529b8
991 1536 512 1536 -1 2 -1 6fbf734da0983f6959b100ed772cb80eeeb8065f13b59a4beb5ebbcae84c776b 3a877f431a9c5ca486369e1a38cae5fba14f3c6edb08163cd2dc42e26a3589b1
992 1536 512 2560 1 0 0 1b6c78cd25efe3547b850f5df84f74d6c522d5cc1c22796eec9a569b0ea45a68 2d3a0ed40584e55216c43d64d32f9acd084f982463679e85dee5441722743f65
993 1536 512 2560 -1 0 0 3f06019da52ff6639c56b1a4602ba7efe7b43a2127b138898518a6540f018052 953100ed0da5ace117e56638866a07105e98c100883607da4313342061906e20
994 1536 512 2560 0 1 0 4b541ddf30c7e928867fae83b0eaeabdd8412027fce5459bd4137aa33e444bec deae7b91f6034894345a183dc24902b7a6ede71bfb1dece1f6154c24507077d7
995 1536 512 2560 0 -1 0 7b3c2423ffdc2a6af80db9d4e69b7ea020e83c9fe12f3a529db2270194712683 0618216f6af4afb337696782b40942cf8c5ed50794ef977142eaf897aa09fe6f
996 1536 512 2560 1 1 0 d327285a44f1b0a5bd976307e07859d0227d10ef6cb6dc053a2ff563a755527c c987e6dc23c309d06a82526557de83b8488a6955d370b2cb026c2b847fbf2b16
997 1536 512 2560 1 -1 0 7e3d380f06483eebec723dedbe5aa379a38addfdb2818a3f4802d634c46e05ab f9f1717ec7e05e7c26986d61dc1f910afc182e2aba0ae05eed0221df37695b37
998 1536 512 2560 2 1 -1 e7ac569f46b44c6a86a411fb67ae9c368411ad5361b0be24a0adcfbf585f2563 2d4a380aa2adf37a4fc56867878ee1a93400cd12cdf1124153477aab2f7c50ce
999 1536 512 2560 -1 2 -1 9448e930862871b3d654fe20c18a3f4ad9ad255c7e657d1fb011b15db50cdca1 22b8ab453f0bb748f00cc2f96e33dd0c7ae7a33a473be4e2fc281342f9dd53e5
1000 1536 512 4096 1 0 0 5249544e3be4f0669cb9c5f5d900537f65fed11dc632e0939d1dedcb0d880243 2c15071e4d18cb440f22ce910f64d010fb4b9421ec240755d986e1e38fb7671a
1001 1536 512 4096 -1 0 0 5249544e3be4f0669cb9c5f5d900537f65fed11dc632e0939d1dedcb0d880243 2c15071e4d18cb440f22ce910f64d010fb4b9421ec240755d986e1e38fb7671a
1002 1536 512 4096 0 1 0 5249544e3be4f0669cb9c5f5d900537f65fed11dc632e0939d1dedcb0d880243 2c15071e4d18cb440f22ce910f64d010fb4b9421ec240755d986e1e38fb7671a
1003 1536 512 4096 0 -1 0 5249544e3be4f0669cb9c5f5d900537f65fed11dc632e0939d1dedcb0d880243 2c15071e4d18cb440f22ce910f64d010fb4b9421ec240755d986e1e38fb7671a
1004 1536 512 4096 1 1 0 5249544e3be4f0669cb9c5f5d900537f65fed11dc632e0939d1dedcb0d880243 2c15071e4d18cb440f22ce910f64d010fb4b9421ec240755d986e1e38fb7671a
1005 1536 512 4096 1 -1 0 5249544e3be4f0669cb9c5f5d900537f65fed11dc632e0939d1dedcb0d880243 2c15071e4d18cb440f22ce910f64d010fb4b9421ec240755d986e1e38fb7671a
1006 1536 512 4096 2 1 -1 52858eedbd7ee825cb70e034c50a865b1b7965f6bbd410a6f78f841501efc421 99a479ab8460497fca9fc10c33e7cb354e8440579f7fadc1ff4ece3070e79843
1007 1536 512 4096 -1 2 -1 5b8b9a096d6aef93a18de8b182907fc9fc5621f3559b2cb88fa78effeb1ba545 15c908f70b0a11a38031aecd909c5809c9062ef65824734e50e3b607007aa154
1008 1536 1536 -1536 1 0 0 5249544e3be4f0669cb9c5f5d900537f65fed11dc632e0939d1dedcb0d880243 2c15071e4d18cb440f22ce910f64d010fb4b9421ec240755d986e1e38fb7671a
1009 1536 1536 -1536 -1 0 0 5249544e3be4f0669cb9c5f5d900537f65fed11dc632e0939d1dedcb0d880243 2c15071e4d18cb440f22ce910f64d010fb4b9421ec240755d986e1e38fb7671a
1010 1536 1536 -1536 0 1 0 5249544e3be4f0669cb9c5f5d900537f65fed11dc632e0939d1dedcb0d880243 2c15071e4d18cb440f22ce910f64d010fb4b9421ec240755d986e1e38fb7671a
1011 1536 1536 -1536 0 -1 0 5249544e3be4f0669cb9c5f5d900537f65fed11dc632e0939d1dedcb0d880243 2c15071e4d18cb440f22ce910f64d010fb4b9421ec240755d986e1e38fb7671a
1012 1536 1536 -1536 1 1 0 5249544e3be4f0669cb9c5f5d900537f65fed11dc632e0939d1dedcb0d880243 2c15071e4d18cb440f22ce910f64d010fb4b9421ec240755d986e1e38fb7671a
1013 1536 1536 -1536 1 -1 0 5249544e3be4f0669cb9c5f5d900537f65fed11dc632e0939d1dedcb0d880243 2c15071e4d18cb440f22ce910f64d010fb4b9421ec240755d986e1e38fb7671a
1014 1536 1536 -1536 2 1 -1 5249544e3be4f0669cb9c5f5d900537f65fed11dc632e0939d1dedcb0d880243 2c15071e4d18cb440f22ce910f64d010fb4b9421ec240755d986e1e38fb7671a
1015 1536 1536 -1536 -1 2 -1 5249544e3be4f0669cb9c5f5d900537f65fed11dc632e0939d1dedcb0d880243 2c15071e4d18cb440f22ce910f64d010fb4b9421ec240755d986e1e38fb7671a
1016 1536 1536 -512 1 0 0 5249544e3be4f0669cb9c5f5d900537f65fed11dc632e0939d1dedcb0d880243 2c15071e4d18cb440f22ce910f64d010fb4b9421ec240755d986e1e38fb7671a
1017 1536 1536 -512 -1 0 0 5249544e3be4f0669cb9c5f5d900537f65fed11dc632e0939d1dedcb0d880243 2c15071e4d18cb440f22ce910f64d010fb4b9421ec240755d986e1e38fb7671a
1018 1536 1536 -512 0 1 0 5249544e3be4f0669cb9c5f5d900537f65fed11dc632e0939d1dedcb0d880243 2c15071e4d18cb440f22ce910f64d010fb4b9421ec240755d986e1e38fb7671a
1019 1536 1536 -512 0 -1 0 5249544e3be4f0669cb9c5f5d900537f65fed11dc632e0939d1dedcb0d880243 2c15071e4d18cb440f22ce910f64d010fb4b9421ec240755d986e1e38fb7671a
1020 1536 1536 -512 1 1 0 daa6720bf88fa14d23da353d8031728974a99c44c1a72974c60417d0d0e7f142 8cd8fc74759489ce76bcf9cd625209606b9e53e52ac6e888da2b57957a826d60
1021 1536 1536 -512 1 -1 0 769e9f3d99b55f31cebdf767d0f6ef33161e92a8e19200cc12baac820b6b0d33 25d90ab5cc3f9d976877b627506373b4144e41f433333eea3cfcd16e771821d9
1022 1536 1536 -512 2 1 -1 5249544e3be4f0669cb9c5f5d900537f65fed11dc632e0939d1dedcb0d880243 2c15071e4d18cb440f22ce910f64d010fb4b9421ec240755d986e1e38fb7671a
1023 1536 1536 -512 -1 2 -1 5249544e3be4f0669cb9c5f5d900537f65fed11dc632e0939d1dedcb0d880243 2c15071e4d18cb440f22ce910f64d010fb4b9421ec240755d986e1e38fb7671a
1024 1536 1536 512 1 0 0 0d5b4550cebe7fb6caafd3a2205c0f464a59f04d915b89eba43455d3a2e800e9 cce3e5c8f69878d541bc59c26e689b6ad600ea1373f242c71c6ef7c2674522a0
1025 1536 1536 512 -1 0 0 3f06019da52ff6639c56b1a4602ba7efe7b43a2127b138898518a6540f018052 953100ed0da5ace117e56638866a07105e98c100883607da4313342061906e20
1026 1536 1536 512 0 1 0 4b541ddf30c7e928867fae83b0eaeabdd8412027fce5459bd4137aa33e444bec eec2baaa4b34b72e48529863b29ba97ece604ff38e94d6dea1f128c4e41e870f
1027 1536 1536 512 0 -1 0 7b3c2423ffdc2a6af80db9d4e69b7ea020e83c9fe12f3a529db2270194712683 9e261e480911c3f9bc6ff24c96248d9af6bb07b81ba0c31d89a059473daacc8c
1028 1536 1536 512 1 1 0 dc156a61fa6137588ab4964213f77712303c55badd7a77e2fbb10cb15da97e1b 43417cd15c8b918efddac0cd18edd7bb8bbaa73350cc3cf15974e5998d2dcb64
1029 1536 1536 512 1 -1 0 0263b2db7f1b7b05a6e937693c754a988988bfbb490dd304270c26f814957ef0 adc1da705f542f846a8eabc78677fc884c09705fd4917a652a78214998c36f8d
1030 1536 1536 512 2 1 -1 e6de199986a5c4170169af340f4255cd25402fc34b8c6cebdcf5f5c3399b4d43 c01a9f57d43457c67a6b4e69d57fc1b21cbb2fd932263383b20ae3db0486d9c3
1031 1536 1536 512 -1 2 -1 122022903e10367f3878661dd7b4fdd8b56170440f855ba3ca52cc9f276937b9 c4d6f61dd091ac2261627662a385672eeaf6bcd7a40ef904da544da606e4a6e4
1032 1536 1536 1536 1 0 0 8f985e1476ea8d2e80fcc1d83e0c88df879eb40786f63b4b925be7ac33980410 0f85048f0ac21a13cc02a8078c0f12d60a70104f1ea9a387db9f2d612508e440
1033 1536 1536 1536 -1 0 0 3f06019da52ff6639c56b1a4602ba7efe7b43a2127b138898518a6540f018052 0618216f6af4afb337696782b40942cf8c5ed50794ef977142eaf897aa09fe6f
1034 1536 1536 1536 0 1 0 9d74c376d54484b50be4ba1acc12da238b747d36da5a9c75782f6c13312ac30c 8d694904165f02a1b11d8675f65b3ec0cf5cc2e7dabb98d567119a9b35d1bad8
1035 1536 1536 1536 0 -1 0 e344452e4f5f44e0fcfc17e026566e231055799bab0c8ed1dd78eaff0f822d08 00b5b155791f83fed2d80e69591066eee4680d46984af2abdc5703cd62d99462
1036 1536 1536 1536 1 1 0 ceb67c4fdcdeca1d844b7cb2febb88f85d4e71f74a210181c61921bdafdd12eb 4e5ea1bee0cacae2248f7a8a3e3072d057d57660848558b4bc109c6ef6d659bb
1037 1536 1536 1536 1 -1 0 1f93d24b2f80a653bdda30f1373685944e71af2f483b8870d97d852182eddbb9 281d82fef9d8b6030cd076414366a2c2ff9b0fd61dab860200e4a609594706a9
1038 1536 1536 1536 2 1 -1 74ce77238ecf1ebb351ed656dfda165e9a919b1e6e7bd800f1cc3979bda5cd68 fed5b3d168f38c1656ee97d8bb7d46666ee6b0c3e5dc751cf07d2007caa5d7f3
1039 1536 1536 1536 -1 2 -1 5b21b6f1bdd206d9f0c0a689e5969297ae47590934ef43559a8660fc653fab95 60abc9e5c885a8592a74024c25b3976a00ae9a09f26efd31606299a08305b9be
1040 1536 1536 2560 1 0 0 cf268ddc9a1f00e224e2a58aaaa9e2c7f0ff7eaa6c3e225833e28d883ec84e72 baadb9e10d31060e78709e48b86f4de6371d52e315120e7ebedb3dd806322fc6
1041 1536 1536 2560 -1 0 0 4c7c6f433bdd3b557c791c08d2f5a89fd33ec3e8676f20e86b990daab46673fe f6b51749b1c5431304aec0bdc61bc3efdcb9a4ed92913213d0ed6e1bd5f66a67
1042 1536 1536 2560 0 1 0 e71ef1ddd09e966d7e0f5475b4347488573da0b7ee96fc2aad882b495904349d 8c8d0c8b6f387e0897985a666dd370e07a19f5d52ad18047294bfbb853115706
1043 1536 1536 2560 0 -1 0 f397503b36b10cce5dab6c08b6382e2e0b0534c90c539fcc5c3a6f0f98686090 47339cc1bd3027a94da12aa46b4417698dfb72eb0ba8523fad00127e0c03d9b8
1044 1536 1536 2560 1 1 0 8ec67e320b3d70d66314541af9a0321181b7659688a889f380f220c8369d2094 a262d820d6d4f34efe9380cb4441c1f4bff9c73e5d9edf75fbf1311f96003625
1045 1536 1536 2560 1 -1 0 6cd2e77cf5f33d7383ae46a0b624be576121eaeee00c23e7bcda3b10d37a9898 3d5c6b0645162bb22367631d16e7eef4dc370ccacabba905aa186e824295b21b
1046 1536 1536 2560 2 1 -1 d19d116389ee30d0d1774093c38198000c8ec502eb1887fadf65d5c1d1c26351 31d170dedfd27a1212b87c56ed6b005303e4927c287ae4391a9ce27ddf6529b8
1047 1536 1536 2560 -1 2 -1 a3612d33d195e922e19253ea606fbd71771544555302546424964b6a759e8ded 2546dfff8d74f4d0fecd60fa9375d3e6c719a32c6b3929e55befa8633eeff695
1048 1536 1536 4096 1 0 0 5249544e3be4f0669cb9c5f5d900537f65fed11dc632e0939d1dedcb0d880243 2c15071e4d18cb440f22ce910f64d010fb4b9421ec240755d986e1e38fb7671a
1049 1536 1536 4096 -1 0 0 5249544e3be4f0669cb9c5f5d900537f65fed11dc632e0939d1dedcb0d880243 2c15071e4d18cb440f22ce910f64d010fb4b9421ec240755d986e1e38fb7671a
1050 1536 1536 4096 0 1 0 5249544e3be4f0669cb9c5f5d900537f65fed11dc632e0939d1dedcb0d880243 2c15071e4d18cb440f22ce910f64d010fb4b9421ec240755d986e1e38fb7671a
1051 1536 1536 4096 0 -1 0 5249544e3be4f0669cb9c5f5d900537f65fed11dc632e0939d1dedcb0d880243 2c15071e4d18cb440f22ce910f64d010fb4b9421ec240755d986e1e38fb7671a
1052 1536 1536 4096 1 1 0 5249544e3be4f0669cb9c5f5d900537f65fed11dc632e0939d1dedcb0d880243 2c15071e4d18cb440f22ce910f64d010fb4b9421ec240755d986e1e38fb7671a
1053 1536 1536 4096 1 -1 0 5249544e3be4f0669cb9c5f5d900537f65fed11dc632e0939d1dedcb0d880243 2c15071e4d18cb440f22ce910f64d010fb4b9421ec240755d986e1e38fb7671a
1054 1536 1536 4096 2 1 -1 dc44f1015ce813016227bac8688761cb7c47857ae74802597fd29f8199b20a77 007553d13a5062df09f2c49718205d7d5a930138d89550e6e4a38ddf54f158a9
1055 1536 1536 4096 -1 2 -1 4c562a363d55bceadc21213359cacb8812b1156d7045e9e988a793cf19edf85e 3c26f88b518b3c8688dfef628eed75d2dfc97db657959c31202ef2fce0952af5
1056 1536 2560 -1536 1 0 0 5249544e3be4f0669cb9c5f5d900537f65fed11dc632e0939d1dedcb0d880243 2c15071e4d18cb440f22ce910f64d010fb4b9421ec240755d986e1e38fb7671a
1057 1536 2560 -1536 -1 0 0 5249544e3be4f0669cb9c5f5d900537f65fed11dc632e0939d1dedcb0d880243 2c15071e4d18cb440f22ce910f64d010fb4b9421ec240755d986e1e38fb7671a
1058 1536 2560 -1536 0 1 0 5249544e3be4f0669cb9c5f5d900537f65fed11dc632e0939d1dedcb0d880243 2c15071e4d18cb440f22ce910f64d010fb4b9421ec240755d986e1e38fb7671a
1059 1536 2560 -1536 0 -1 0 5249544e3be4f0669cb9c5f5d900537f65fed11dc632e0939d1dedcb0d880243 2c15071e4d18cb440f22ce910f64d010fb4b9421ec240755d986e1e38fb7671a
1060 1536 2560 -1536 1 1 0 5249544e3be4f0669cb9c5f5d900537f65fed11dc632e0939d1dedcb0d880243 2c15071e4d18cb440f22ce910f64d010fb4b9421ec240755d986e1e38fb7671a
1061 1536 2560 -1536 1 -1 0 5249544e3be4f0669cb9c5f5d900537f65fed11dc632e0939d1dedcb0d880243 2c15071e4d18cb440f22ce910f64d010fb4b9421ec240755d986e1e38fb7671a
1062 1536 2560 -1536 2 1 -1 5249544e3be4f0669cb9c5f5d900537f65fed11dc632e0939d1dedcb0d880243 2c15071e4d18cb440f22ce910f64d010fb4b9421ec240755d986e1e38fb7671a
1063 1536 2560 -1536 -1 2 -1 5249544e3be4f0669cb9c5f5d900537f65fed11dc632e0939d1dedcb0d880243 2c15071e4d18cb440f22ce910f64d010fb4b9421ec240755d986e1e38fb7671a
1064 1536 2560 -512 1 0 0 5249544e3be4f0669cb9c5f5d900537f65fed11dc632e0939d1dedcb0d880243 2c15071e4d18cb440f22ce910f64d010fb4b9421ec240755d986e1e38fb7671a
1065 1536 2560 -512 -1 0 0 5249544e3be4f0669cb9c5f5d900537f65fed11dc632e0939d1dedcb0d880243 2c15071e4d18cb440f22ce910f64d010fb4b9421ec240755d986e1e38fb7671a
1066 1536 2560 -512 0 1 0 5249544e3be4f0669cb9c5f5d900537f65fed11dc632e0939d1dedcb0d880243 2c15071e4d18cb440f22ce910f64d010fb4b9421ec240755d986e1e38fb7671a
1067 1536 2560 -512 0 -1 0 04afeccbaee5b0b1f17bcb5bfd89174ab056c59400f4c9d50ba9dc197b77ff09 fb25815e411832c5087e015a3b9ea9ab4921ca0d8e8ade3d70cbe52793089ea1
1068 1536 2560 -512 1 1 0 5249544e3be4f0669cb9c5f5d900537f65fed11dc632e0939d1dedcb0d880243 2c15071e4d18cb440f22ce910f64d010fb4b9421ec240755d986e1e38fb7671a
1069 1536 2560 -512 1 -1 0 cbb7bed8451dcbd1a896ffd43775efb7df9f0e8a5e3118fa3aa4ac711b47a6b0 7d0278a3ad7c2a2cb21bdb1d312209177dd0c9dca377e1a1dc895bcb1b650313
1070 1536 2560 -512 2 1 -1 5249544e3be4f0669cb9c5f5d900537f65fed11dc632e0939d1dedcb0d880243 2c15071e4d18cb440f22ce910f64d010fb4b9421ec240755d986e1e38fb7671a
1071 1536 2560 -512 -1 2 -1 5249544e3be4f0669cb9c5f5d900537f65fed11dc632e0939d1dedcb0d880243 2c15071e4d18cb440f22ce910f64d010fb4b9421ec240755d986e1e38fb7671a
1072 1536 2560 512 1 0 0 ac593065064681ebdfaee98b1fa0dde90652c8ce606c068c2f87af73cc8d9e40 82f3f149a59c75c80ac5d080a6f2717e2b7d2ec357104142e21ebd6d3b64fd5c
1073 1536 2560 512 -1 0 0 c383074fcee71102973ca9c6c6690216486ea26c6b737be810dc7b7292d2b3e6 ce02d3dfd9b18f7c1f2d59a3b1f5de3f6aa84e241fc58d6016ef9345e47a0bd7
1074 1536 2560 512 0 1 0 2ed6ca2771f899f766d3b9409c0dfdbfce23b7bbb2125cc912ce63f7599dbd3a f73ea2480df9b6be1bf943e72e9cef1190b65790868d868591c404511ddc747d
1075 1536 2560 512 0 -1 0 5e23a48a1a277ae155ea72adcee071d79a53d5d9df290b4d456653e6700da014 496bf189f65eb8a5b130803d3ac5f1bb440d4e7c25456f13c6d2f45bf2f9388b
1076 1536 2560 512 1 1 0 298969ea55667c3283c0821098739bf179702b45877a0f16b635ca42eea383e3 6332091bcc3ac68a04f922c90bf6b3533d7434823c978373047fcfe989e62ac7
1077 1536 2560 512 1 -1 0 4e541c42d6163f48daa6ebac94b9a67b8033c943d1badfcb83b6a8702b04d396 a02e763da6982698f7d58afe4e8181296b4d2ea9e2036fa5537a8e738ad319be
1078 1536 2560 512 2 1 -1 d19d116389ee30d0d1774093c38198000c8ec502eb1887fadf65d5c1d1c26351 31d170dedfd27a1212b87c56ed6b005303e4927c287ae4391a9ce27ddf6529b8
1079 1536 2560 512 -1 2 -1 4a02affae5a1508a34eb627f32562437d42a2223752544b8ea2ef889c3b484e9 d286352e24bfd495222fc7715a9b587c92d6f9d083eeb01b69a465ab82b6c457
1080 1536 2560 1536 1 0 0 24110bc33fea3a5659137bfcf257ad602394329319a479d671fc3bc3e5e8d0c0 f642c93e257a27f9bf81022e59e2e800ced410166786222359b699c47636744e
1081 1536 2560 1536 -1 0 0 a43afc1f9064681d5f718c6b02f9a34f74c7eea0701a833dafc27cc06e9f9db1 0dd08f9e0bdfdfe97150c9bf10f47e4f33bddf62efa91648a353539977c032c4
1082 1536 2560 1536 0 1 0 4b541ddf30c7e928867fae83b0eaeabdd8412027fce5459bd4137aa33e444bec 953100ed0da5ace117e56638866a07105e98c100883607da4313342061906e20
1083 1536 2560 1536 0 -1 0 21c2a9b860d0ca21ed82665e0f374102885f5cf3544fe5a09eaa77f96681973d 1a38fe5f07834f96a5ef6e9a4da863cd5e9ad1a54559a963d36351ede2d4f00a
1084 1536 2560 1536 1 1 0 1f87560ffd59ae2b444c677f86f92e766e0b283337ae4ffcd0a2fb78f22ec462 a954dd8a3a8cea4c8ef3487adbfb5c317d4b064156babb0d2ebdeac071e0003d
1085 1536 2560 1536 1 -1 0 200f4133d388fa18f7ee1e74453d7630924dfa3a7c82a788ca3a8d7567d3a24b 156c2401d4b5d83fe41e97dc68d2c5a36aac11bd790fcc49262b9446a6431bde
1086 1536 2560 1536 2 1 -1 82cbd016ffa150e079b0fcf4c87c564d348220387f9f44af1a1385e9ec42a210 a0666794ed704939f772896ed2af6f7fdf5e3d7d3c057e52aa44ef8713e6f36b
1087 1536 2560 1536 -1 2 -1 36ca1d3738d3b72c2caf4ba5dfabe30f911310cfce7ac92d4d8fab3e54cdf70e 60abc9e5c885a8592a74024c25b3976a00ae9a09f26efd31606299a08305b9be
1088 1536 2560 2560 1 0 0 7f2a44ce4ca3de6025c5da78c8fe50310a10aa67f5f1f3aa7ead0270f69c8a3e cef094c8258d7a22541dd3387495015eb8974f1c5a382004b09a5a659032ef4d
1089 1536 2560 2560 -1 0 0 2cfc89e61c1f9f91a2a2eba5300dea692b5a04030f34b012b98c9f66df6c34fb 82f78918e096e21e2c5e696f8418aad7472b6e0e59d9e7f66d7c7110b83379d7
1090 1536 2560 2560 0 1 0 09c90ea8827d1036b5ba0e5d572a41ca5086f41c93a497b8b67c08ddff134b03 aeb433971f3320a8dd1bdbd0ad1e7c2a3a4b8d870693b0b88ca9958b933cc0a2
1091 1536 2560 2560 0 -1 0 c63c48fc683d2a65fb641b06b900c9dec17e504dc724d35f63fb2d42b8a8615d da9a153962f5bf40c1d8522c8561fcf4af424a25ec144652390377d11b738993
1092 1536 2560 2560 1 1 0 6ae9987d2a394fd5abc6795b2226eaf79ffdbdc7fb4a47429ee758602eb0590e fd73b246a6b34d1028ea6e8bd96850234d9b7ad5d2b88677f086cc660592d50b
1093 1536 2560 2560 1 -1 0 5017e51dfe58e48b6cf9b9514b87cff128254e7e4f5cbc82d257c46f1b5a3311 42ef24f70970f3810123f4850cba30699dd8fb4a187d90fe2859e4658d910227
1094 1536 2560 2560 2 1 -1 3b9049441e301ea217f92f547cfd69b8ade3cd0679f0751d3972f176b8a1ab52 5cb91d695610b6b15fe7b4bf63b82e22f5c9b6b9a6d58783cb3f4e33d2b1e019
1095 1536 2560 2560 -1 2 -1 4abe7fc0dc1ebcce7e151b8f88f59fb09a01d26949ac6381068ea77dfbd9aca2 60abc9e5c885a8592a74024c25b3976a00ae9a09f26efd31606299a08305b9be
1096 1536 2560 4096 1 0 0 5249544e3be4f0669cb9c5f5d900537f65fed11dc632e0939d1dedcb0d880243 2c15071e4d18cb440f22ce910f64d010fb4b9421ec240755d986e1e38fb7671a
1097 1536 2560 4096 -1 0 0 5249544e3be4f0669cb9c5f5d900537f65fed11dc632e0939d1dedcb0d880243 2c15071e4d18cb440f22ce910f64d010fb4b9421ec240755d986e1e38fb7671a
1098 1536 2560 4096 0 1 0 5249544e3be4f0669cb9c5f5d900537f65fed11dc632e0939d1dedcb0d880243 2c15071e4d18cb440f22ce910f64d010fb4b9421ec240755d986e1e38fb7671a
1099 1536 2560 4096 0 -1 0 5249544e3be4f0669cb9c5f5d900537f65fed11dc632e0939d1dedcb0d880243 2c15071e4d18cb440f22ce910f64d010fb4b9421ec240755d986e1e38fb7671a
1100 1536 2560 4096 1 1 0 5249544e3be4f0669cb9c5f5d900537f65fed11dc632e0939d1dedcb0d880243 2c15071e4d18cb440f22ce910f64d010fb4b9421ec240755d986e1e38fb7671a
1101 1536 2560 4096 1 -1 0 5249544e3be4f0669cb9c5f5d900537f65fed11dc632e0939d1dedcb0d880243 2c15071e4d18cb440f22ce910f64d010fb4b9421ec240755d986e1e38fb7671a
1102 1536 2560 4096 2 1 -1 5249544e3be4f0669cb9c5f5d900537f65fed11dc632e0939d1dedcb0d880243 2c15071e4d18cb440f22ce910f64d010fb4b9421ec240755d986e1e38fb7671a
1103 1536 2560 4096 -1 2 -1 5249544e3be4f0669cb9c5f5d900537f65fed11dc632e0939d1dedcb0d880243 2c15071e4d18cb440f22ce910f64d010fb4b9421ec240755d986e1e38fb7671a
1104 1536 4096 -1536 1 0 0 5249544e3be4f0669cb9c5f5d900537f65fed11dc632e0939d1dedcb0d880243 2c15071e4d18cb440f22ce910f64d010fb4b9421ec240755d986e1e38fb7671a
1105 1536 4096 -1536 -1 0 0 5249544e3be4f0669cb9c5f5d900537f65fed11dc632e0939d1dedcb0d880243 2c15071e4d18cb440f22ce910f64d010fb4b9421ec240755d986e1e38fb7671a
1106 1536 4096 -1536 0 1 0 5249544e3be4f0669cb9c5f5d900537f65fed11dc632e0939d1dedcb0d880243 2c15071e4d18cb440f22ce910f64d010fb4b9421ec240755d986e1e38fb7671a
1107 1536 4096 -1536 0 -1 0 5249544e3be4f0669cb9c5f5d900537f65fed11dc632e0939d1dedcb0d880243 2c15071e4d18cb440f22ce910f64d010fb4b9421ec240755d986e1e38fb7671a
1108 1536 4096 -1536 1 1 0 5249544e3be4f0669cb9c5f5d900537f65fed11dc632e0939d1dedcb0d880243 2c15071e4d18cb440f22ce910f64d010fb4b9421ec240755d986e1e38fb7671a
1109 1536 4096 -1536 1 -1 0 5249544e3be4f0669cb9c5f5d900537f65fed11dc632e0939d1dedcb0d880243 2c15071e4d18cb440f22ce910f64d010fb4b9421ec240755d986e1e38fb7671a
1110 1536 4096 -1536 2 1 -1 5249544e3be4f0669cb9c5f5d900537f65fed11dc632e0939d1dedcb0d880243 2c15071e4d18cb440f22ce910f64d010fb4b9421ec240755d986e1e38fb7671a
1111 1536 4096 -1536 -1 2 -1 5249544e3be4f0669cb9c5f5d900537f65fed11dc632e0939d1dedcb0d880243 2c15071e4d18cb440f22ce910f64d010fb4b9421ec240755d986e1e38fb7671a
1112 1536 4096 -512 1 0 0 5249544e3be4f0669cb9c5f5d900537f65fed11dc632e0939d1dedcb0d880243 2c15071e4d18cb440f22ce910f64d010fb4b9421ec240755d986e1e38fb7671a
1113 1536 4096 -512 -1 0 0 5249544e3be4f0669cb9c5f5d900537f65fed11dc632e0939d1dedcb0d880243 2c15071e4d18cb440f22ce910f64d010fb4b9421ec240755d986e1e38fb7671a
1114 1536 4096 -512 0 1 0 5249544e3be4f0669cb9c5f5d900537f65fed11dc632e0939d1dedcb0d880243 2c15071e4d18cb440f22ce910f64d010fb4b9421ec240755d986e1e38fb7671a
1115 1536 4096 -512 0 -1 0 ef54e87b501e86dffe7f13a95c480a786e603caac9ae8bf45e7ddde8285c8b57 7ccba126385317635e79fbf0c2924346379dec7904959005bf37a360d5abfe35
1116 1536 4096 -512 1 1 0 5249544e3be4f0669cb9c5f5d900537f65fed11dc632e0939d1dedcb0d880243 2c15071e4d18cb440f22ce910f64d010fb4b9421ec240755d986e1e38fb7671a
1117 1536 4096 -512 1 -1 0 e4398a81aefa531c2e82469d2ec66304acb787fa33e7aadfe3322c4275b8e381 5d4aaf7e205e8de74d9d93e080362ccfc6489f2b3842469e49eed54432b5d490
1118 1536 4096 -512 2 1 -1 5249544e3be4f0669cb9c5f5d900537f65fed11dc632e0939d1dedcb0d880243 2c15071e4d18cb440f22ce910f64d010fb4b9421ec240755d986e1e38fb7671a
1119 1536 4096 -512 -1 2 -1 5249544e3be4f0669cb9c5f5d900537f65fed11dc632e0939d1dedcb0d880243 2c15071e4d18cb440f22ce910f64d010fb4b9421ec240755d986e1e38fb7671a
1120 1536 4096 512 1 0 0 5249544e3be4f0669cb9c5f5d900537f65fed11dc632e0939d1dedcb0d880243 2c15071e4d18cb440f22ce910f64d010fb4b9421ec240755d986e1e38fb7671a
1121 1536 4096 512 -1 0 0 5249544e3be4f0669cb9c5f5d900537f65fed11dc632e0939d1dedcb0d880243 2c15071e4d18cb440f22ce910f64d010fb4b9421ec240755d986e1e38fb7671a
1122 1536 4096 512 0 1 0 5249544e3be4f0669cb9c5f5d900537f65fed11dc632e0939d1dedcb0d880243 2c15071e4d18cb440f22ce910f64d010fb4b9421ec240755d986e1e38fb7671a
1123 1536 4096 512 0 -1 0 9ac4653b1d828affd347323c34bdf98c3cebe0b00aa92bd7d693f4f3796b590f 44a3b3a3efd9d3b4e614c1c88e22d0a9c48fa26d3ed372b570b745b60ca5e811
1124 1536 4096 512 1 1 0 5249544e3be4f0669cb9c5f5d900537f65fed11dc632e0939d1dedcb0d880243 2c15071e4d18cb440f22ce910f64d010fb4b9421ec240755d986e1e38fb7671a
1125 1536 4096 512 1 -1 0 704658a1418f9e935406f72629b6d9d50e48c483c43825bc828c12957bcc4edc 263a4a0c2eb8502706999946e9d7a8ed942dd356bdc0805975efe72f550d34b1
1126 1536 4096 512 2 1 -1 5249544e3be4f0669cb9c5f5d900537f65fed11dc632e0939d1dedcb0d880243 2c15071e4d18cb440f22ce910f64d010fb4b9421ec240755d986e1e38fb7671a
1127 1536 4096 512 -1 2 -1 5249544e3be4f0669cb9c5f5d900537f65fed11dc632e0939d1dedcb0d880243 2c15071e4d18cb440f22ce910f64d010fb4b9421ec240755d986e1e38fb7671a
1128 1536 4096 1536 1 0 0 5249544e3be4f0669cb9c5f5d900537f65fed11dc632e0939d1dedcb0d880243 2c15071e4d18cb440f22ce910f64d010fb4b9421ec240755d986e1e38fb7671a
1129 1536 4096 1536 -1 0 0 5249544e3be4f0669cb9c5f5d900537f65fed11dc632e0939d1dedcb0d880243 2c15071e4d18cb440f22ce910f64d010fb4b9421ec240755d986e1e38fb7671a
1130 1536 4096 1536 0 1 0 5249544e3be4f0669cb9c5f5d900537f65fed11dc632e0939d1dedcb0d880243 2c15071e4d18cb440f22ce910f64d010fb4b9421ec240755d986e1e38fb7671a
1131 1536 4096 1536 0 -1 0 fc218beafbc0b469c4322866653debc669b592b0f9a1f743eb3b81eb9b997969 96fc1d22a3e89cf5d26791e4fc3d28ba0c4292954da45d3ffe14a076e6fd7514
1132 1536 4096 1536 1 1 0 5249544e3be4f0669cb9c5f5d900537f65fed11dc632e0939d1dedcb0d880243 2c15071e4d18cb440f22ce910f64d010fb4b9421ec240755d986e1e38fb7671a
1133 1536 4096 1536 1 -1 0 fa1a0309d57a71cad640a68589bbf68b2fccf8c5a2e565113b58d5fbc817217b 8439ecceac4be4f5532c7210c7e48223ae6d61c95c6dc251979856c4f5887ed5
1134 1536 4096 1536 2 1 -1 5249544e3be4f0669cb9c5f5d900537f65fed11dc632e0939d1dedcb0d880243 2c15071e4d18cb440f22ce910f64d010fb4b9421ec240755d986e1e38fb7671a
1135 1536 4096 1536 -1 2 -1 5249544e3be4f0669cb9c5f5d900537f65fed11dc632e0939d1dedcb0d880243 2c15071e4d18cb440f22ce910f64d010fb4b9421ec240755d986e1e38fb7671a
1136 1536 4096 2560 1 0 0 5249544e3be4f0669cb9c5f5d900537f65fed11dc632e0939d1dedcb0d880243 2c15071e4d18cb440f22ce910f64d010fb4b9421ec240755d986e1e38fb7671a
1137 1536 4096 2560 -1 0 0 5249544e3be4f0669cb9c5f5d900537f65fed11dc632e0939d1dedcb0d880243 2c15071e4d18cb440f22ce910f64d010fb4b9421ec240755d986e1e38fb7671a
1138 1536 4096 2560 0 1 0 5249544e3be4f0669cb9c5f5d900537f65fed11dc632e0939d1dedcb0d880243 2c15071e4d18cb440f22ce910f64d010fb4b9421ec240755d986e1e38fb7671a
1139 1536 4096 2560 0 -1 0 5a81b7596be0f3e07ec8804fe6e81dc451173afcd4fed978499ec134bd0255ea 11ad91785a1d0be7d2d9cf07df3e553f28f169574d99070d552bd603b28bb493
1140 1536 4096 2560 1 1 0 5249544e3be4f0669cb9c5f5d900537f65fed11dc632e0939d1dedcb0d880243 2c15071e4d18cb440f22ce910f64d010fb4b9421ec240755d986e1e38fb7671a
1141 1536 4096 2560 1 -1 0 36b759263b8e386e09d61685a36d22dbc1b2764baa26779f6a5badf4c2cc55f4 643319e44e127a94dbee6a8e9cea5e4fa13be6ea8b4fb126fad102dfc745d6d2
1142 1536 4096 2560 2 1 -1 5249544e3be4f0669cb9c5f5d900537f65fed11dc632e0939d1dedcb0d880243 2c15071e4d18cb440f22ce910f64d010fb4b9421ec240755d986e1e38fb7671a
1143 1536 4096 2560 -1 2 -1 5249544e3be4f0669cb9c5f5d900537f65fed11dc632e0939d1dedcb0d880243 2c15071e4d18cb440f22ce910f64d010fb4b9421ec240755d986e1e38fb7671a
1144 1536 4096 4096 1 0 0 5249544e3be4f0669cb9c5f5d900537f65fed11dc632e0939d1dedcb0d880243 2c15071e4d18cb440f22ce910f64d010fb4b9421ec240755d986e1e38fb7671a
1145 1536 4096 4096 -1 0 0 5249544e3be4f0669cb9c5f5d900537f65fed11dc632e0939d1dedcb0d880243 2c15071e4d18cb440f22ce910f64d010fb4b9421ec240755d986e1e38fb7671a
1146 1536 4096 4096 0 1 0 5249544e3be4f0669cb9c5f5d900537f65fed11dc632e0939d1dedcb0d880243 2c15071e4d18cb440f22ce910f64d010fb4b9421ec240755d986e1e38fb7671a
1147 1536 4096 4096 0 -1 0 5249544e3be4f0669cb9c5f5d900537f65fed11dc632e0939d1dedcb0d880243 2c15071e4d18cb440f22ce910f64d010fb4b9421ec240755d986e1e38fb7671a
1148 1536 4096 4096 1 1 0 5249544e3be4f0669cb9c5f5d900537f65fed11dc632e0939d1dedcb0d880243 2c15071e4d18cb440f22ce910f64d010fb4b9421ec240755d986e1e38fb7671a
1149 1536 4096 4096 1 -1 0 5249544e3be4f0669cb9c5f5d900537f65fed11dc632e0939d1dedcb0d880243 2c15071e4d18cb440f22ce910f64d010fb4b9421ec240755d986e1e38fb7671a
1150 1536 4096 4096 2 1 -1 5249544e3be4f0669cb9c5f5d900537f65fed11dc632e0939d1dedcb0d880243 2c15071e4d18cb440f22ce910f64d010fb4b9421ec240755d986e1e38fb7671a
1151 1536 4096 4096 -1 2 -1 5249544e3be4f0669cb9c5f5d900537f65fed11dc632e0939d1dedcb0d880243 2c15071e4d18cb440f22ce910f64d010fb4b9421ec240755d986e1e38fb7671a
1152 2560 -1536 -1536 1 0 0 5249544e3be4f0669cb9c5f5d900537f65fed11dc632e0939d1dedcb0d880243 2c15071e4d18cb440f22ce910f64d010fb4b9421ec240755d986e1e38fb7671a
1153 2560 -1536 -1536 -1 0 0 5249544e3be4f0669cb9c5f5d900537f65fed11dc632e0939d1dedcb0d880243 2c15071e4d18cb440f22ce910f64d010fb4b9421ec240755d986e1e38fb7671a
1154 2560 -1536 -1536 0 1 0 5249544e3be4f0669cb9c5f5d900537f65fed11dc632e0939d1dedcb0d880243 2c15071e4d18cb440f22ce910f64d010fb4b9421ec240755d986e1e38fb7671a
1155 2560 -1536 -1536 0 -1 0 5249544e3be4f0669cb9c5f5d900537f65fed11dc632e0939d1dedcb0d880243 2c15071e4d18cb440f22ce910f64d010fb4b9421ec240755d986e1e38fb7671a
1156 2560 -1536 -1536 1 1 0 5249544e3be4f0669cb9c5f5d900537f65fed11dc632e0939d1dedcb0d880243 2c15071e4d18cb440f22ce910f64d010fb4b9421ec240755d986e1e38fb7671a
1157 2560 -1536 -1536 1 -1 0 5249544e3be4f0669cb9c5f5d900537f65fed11dc632e0939d1dedcb0d880243 2c15071e4d18cb440f22ce910f64d010fb4b9421ec240755d986e1e38fb7671a
1158 2560 -1536 -1536 2 1 -1 5249544e3be4f0669cb9c5f5d900537f65fed11dc632e0939d1dedcb0d880243 2c15071e4d18cb440f22ce910f64d010fb4b9421ec240755d986e1e38fb7671a
1159 2560 -1536 -1536 -1 2 -1 5249544e3be4f0669cb9c5f5d900537f65fed11dc632e0939d1dedcb0d880243 2c15071e4d18cb440f22ce910f64d010fb4b9421ec240755d986e1e38fb7671a
1160 2560 -1536 -512 1 0 0 5249544e3be4f0669cb9c5f5d900537f65fed11dc632e0939d1dedcb0d880243 2c15071e4d18cb440f22ce910f64d010fb4b9421ec240755d986e1e38fb7671a
1161 2560 -1536 -512 -1 0 0 5249544e3be4f0669cb9c5f5d900537f65fed11dc632e0939d1dedcb0d880243 2c15071e4d18cb440f22ce910f64d010fb4b9421ec240755d986e1e38fb7671a
1162 2560 -1536 -512 0 1 0 cc9e71bf6e83929fa84ff51ee293a9303fbd0321b3c513390c9aea7e2fe35e7c 71ba7ba61f9b92b5e601394d201d0816a934f4c4a92fda451ec144af10d22b65
1163 2560 -1536 -512 0 -1 0 5249544e3be4f0669cb9c5f5d900537f65fed11dc632e0939d1dedcb0d880243 2c15071e4d18cb440f22ce910f64d010fb4b9421ec240755d986e1e38fb7671a
1164 2560 -1536 -512 1 1 0 5249544e3be4f0669cb9c5f5d900537f65fed11dc632e0939d1dedcb0d880243 2c15071e4d18cb440f22ce910f64d010fb4b9421ec240755d986e1e38fb7671a
1165 2560 -1536 -512 1 -1 0 5249544e3be4f0669cb9c5f5d900537f65fed11dc632e0939d1dedcb0d880243 2c15071e4d18cb440f22ce910f64d010fb4b9421ec240755d986e1e38fb7671a
1166 2560 -1536 -512 2 1 -1 5249544e3be4f0669cb9c5f5d900537f65fed11dc632e0939d1dedcb0d880243 2c15071e4d18cb440f22ce910f64d010fb4b9421ec240755d986e1e38fb7671a
1167 2560 -1536 -512 -1 2 -1 5249544e3be4f0669cb9c5f5d900537f65fed11dc632e0939d1dedcb0d880243 2c15071e4d18cb440f22ce910f64d010fb4b9421ec240755d986e1e38fb7671a
1168 2560 -1536 512 1 0 0 5249544e3be4f0669cb9c5f5d900537f65fed11dc632e0939d1dedcb0d880243 2c15071e4d18cb440f22ce910f64d010fb4b9421ec240755d986e1e38fb7671a
1169 2560 -1536 512 -1 0 0 5249544e3be4f0669cb9c5f5d900537f65fed11dc632e0939d1dedcb0d880243 2c15071e4d18cb440f22ce910f64d010fb4b9421ec240755d986e1e38fb7671a
1170 2560 -1536 512 0 1 0 c9142b58da1a99c32418843d5fde9f4600c3b4d05e43f058a894c0401fd46945 7f598e591a1e8e3f618bc15af08a7a06de9672131a8a998681aa306fb3edeb6a
1171 2560 -1536 512 0 -1 0 5249544e3be4f0669cb9c5f5d900537f65fed11dc632e0939d1dedcb0d880243 2c15071e4d18cb440f22ce910f64d010fb4b9421ec240755d986e1e38fb7671a
1172 2560 -1536 512 1 1 0 5249544e3be4f0669cb9c5f5d900537f65fed11dc632e0939d1dedcb0d880243 2c15071e4d18cb440f22ce910f64d010fb4b9421ec240755d986e1e38fb7671a
1173 2560 -1536 512 1 -1 0 5249544e3be4f0669cb9c5f5d900537f65fed11dc632e0939d1dedcb0d880243 2c15071e4d18cb440f22ce910f64d010fb4b9421ec240755d986e1e38fb7671a
1174 2560 -1536 512 2 1 -1 5249544e3be4f0669cb9c5f5d900537f65fed11dc632e0939d1dedcb0d880243 2c15071e4d18cb440f22ce910f64d010fb4b9421ec240755d986e1e38fb7671a
1175 2560 -1536 512 -1 2 -1 975f50e966d6cd6ace4a22ce26b093e1d963b93b416b98623890f258f0dd9e98 ea8252f60598c584619802a4c7fef2bad55349623fd03bc93994b3c0ff6e51c6
1176 2560 -1536 1536 1 0 0 5249544e3be4f0669cb9c5f5d900537f65fed11dc632e0939d1dedcb0d880243 2c15071e4d18cb440f22ce910f64d010fb4b9421ec240755d986e1e38fb7671a
1177 2560 -1536 1536 -1 0 0 5249544e3be4f0669cb9c5f5d900537f65fed11dc632e0939d1dedcb0d880243 2c15071e4d18cb440f22ce910f64d010fb4b9421ec240755d986e1e38fb7671a
1178 2560 -1536 1536 0 1 0 b7d85a44280737892778fd379c4e9f1d3b770ed5a06d76d7b13a726036b2cd74 8300e7d1c5f2fad72902191bf1a1edad18bd39447042180cffaa747162a438c3
1179 2560 -1536 1536 0 -1 0 5249544e3be4f0669cb9c5f5d900537f65fed11dc632e0939d1dedcb0d880243 2c15071e4d18cb440f22ce910f64d010fb4b9421ec240755d986e1e38fb7671a
1180 2560 -1536 1536 1 1 0 5249544e3be4f0669cb9c5f5d900537f65fed11dc632e0939d1dedcb0d880243 2c15071e4d18cb440f22ce910f64d010fb4b9421ec240755d986e1e38fb7671a
1181 2560 -1536 1536 1 -1 0 5249544e3be4f0669cb9c5f5d900537f65fed11dc632e0939d1dedcb0d880243 2c15071e4d18cb440f22ce910f64d010fb4b9421ec240755d986e1e38fb7671a
1182 2560 -1536 1536 2 1 -1 5249544e3be4f0669cb9c5f5d900537f65fed11dc632e0939d1dedcb0d880243 2c15071e4d18cb440f22ce910f64d010fb4b9421ec240755d986e1e38fb7671a
1183 2560 -1536 1536 -1 2 -1 dfb187ce97d18c92afde72ffcfe09918b06fd32ee501761a837ab74b2d2f6720 88b7c2b36e82dd7220fa4c3daafa9a832d8e774c17d7680f9036d08e3f76968a
1184 2560 -1536 2560 1 0 0 5249544e3be4f0669cb9c5f5d900537f65fed11dc632e0939d1dedcb0d880243 2c15071e4d18cb440f22ce910f64d010fb4b9421ec240755d986e1e38fb7671a
1185 2560 -1536 2560 -1 0 0 5249544e3be4f0669cb9c5f5d900537f65fed11dc632e0939d1dedcb0d880243 2c15071e4d18cb440f22ce910f64d010fb4b9421ec240755d986e1e38fb7671a
1186 2560 -1536 2560 0 1 0 46c82dde2528e20487e135878485b57126015759fc286391137f7df546dc981d 2d1e31657d73199f058386aa50771c4d0ba57705b98232cda4a2b2640d1656ed
1187 2560 -1536 2560 0 -1 0 5249544e3be4f0669cb9c5f5d900537f65fed11dc632e0939d1dedcb0d880243 2c15071e4d18cb440f22ce910f64d010fb4b9421ec240755d986e1e38fb7671a
1188 2560 -1536 2560 1 1 0 5249544e3be4f0669cb9c5f5d900537f65fed11dc632e0939d1dedcb0d880243 2c15071e4d18cb440f22ce910f64d010fb4b9421ec240755d986e1e38fb7671a
1189 2560 -1536 2560 1 -1 0 5249544e3be4f0669cb9c5f5d900537f65fed11dc632e0939d1dedcb0d880243 2c15071e4d18cb440f22ce910f64d010fb4b9421ec240755d986e1e38fb7671a
1190 2560 -1536 2560 2 1 -1 5249544e3be4f0669cb9c5f5d900537f65fed11dc632e0939d1dedcb0d880243 2c15071e4d18cb440f22ce910f64d010fb4b9421ec240755d986e1e38fb7671a
1191 2560 -1536 2560 -1 2 -1 597bd481bf6b1f95ac7580d64490aee6e1a50f21cc54d0374b6eea90392b1141 833d785a4dce67bc2d6eed0f9171464c1881c92e8e42f049a43cf75cc482fd40
1192 2560 -1536 4096 1 0 0 5249544e3be4f0669cb9c5f5d900537f65fed11dc632e0939d1dedcb0d880243 2c15071e4d18cb440f22ce910f64d010fb4b9421ec240755d986e1e38fb7671a
1193 2560 -1536 4096 -1 0 0 5249544e3be4f0669cb9c5f5d900537f65fed11dc632e0939d1dedcb0d880243 2c15071e4d18cb440f22ce910f64d010fb4b9421ec240755d986e1e38fb7671a
1194 2560 -1536 4096 0 1 0 6e2f4a4f4d09ce03f89a77029d883efcdaba97e1cac1dd5a64cb58a3efc813c7 8bf197c3f19ac1c9cde69038eb9da172133af8418b3dc04091f688779d8b9059
1195 2560 -1536 4096 0 -1 0 5249544e3be4f0669cb9c5f5d900537f65fed11dc632e0939d1dedcb0d880243 2c15071e4d18cb440f22ce910f64d010fb4b9421ec240755d986e1e38fb7671a
1196 2560 -1536 4096 1 1 0 5249544e3be4f0669cb9c5f5d900537f65fed11dc632e0939d1dedcb0d880243 2c15071e4d18cb440f22ce910f64d010fb4b9421ec240755d986e1e38fb7671a
1197 2560 -1536 4096 1 -1 0 5249544e3be4f0669cb9c5f5d900537f65fed11dc632e0939d1dedcb0d880243 2c15071e4d18cb440f22ce910f64d010fb4b9421ec240755d986e1e38fb7671a
1198 2560 -1536 4096 2 1 -1 5249544e3be4f0669cb9c5f5d900537f65fed11dc632e0939d1dedcb0d880243 2c15071e4d18cb440f22ce910f64d010fb4b9421ec240755d986e1e38fb7671a
1199 2560 -1536 4096 -1 2 -1 31d6ffee42ce19e5dfc21c9e3ec058aee4653d131b8d1d35ff8bca3feff1018b 013b09ed268b507246b7caf32ab310f0ebf9f8a67ad9c6a2ba8ff535a4323bed
1200 2560 -512 -1536 1 0 0 5249544e3be4f0669cb9c5f5d900537f65fed11dc632e0939d1dedcb0d880243 2c15071e4d18cb440f22ce910f64d010fb4b9421ec240755d986e1e38fb7671a
1201 2560 -512 -1536 -1 0 0 5249544e3be4f0669cb9c5f5d900537f65fed11dc632e0939d1dedcb0d880243 2c15071e4d18cb440f22ce910f64d010fb4b9421ec240755d986e1e38fb7671a
1202 2560 -512 -1536 0 1 0 5249544e3be4f0669cb9c5f5d900537f65fed11dc632e0939d1dedcb0d880243 2c15071e4d18cb440f22ce910f64d010fb4b9421ec240755d986e1e38fb7671a
1203 2560 -512 -1536 0 -1 0 5249544e3be4f0669cb9c5f5d900537f65fed11dc632e0939d1dedcb0d880243 2c15071e4d18cb440f22ce910f64d010fb4b9421ec240755d986e1e38fb7671a
1204 2560 -512 -1536 1 1 0 5249544e3be4f0669cb9c5f5d900537f65fed11dc632e0939d1dedcb0d880243 2c15071e4d18cb440f22ce910f64d010fb4b9421ec240755d986e1e38fb7671a
1205 2560 -512 -1536 1 -1 0 5249544e3be4f0669cb9c5f5d900537f65fed11dc632e0939d1dedcb0d880243 2c15071e4d18cb440f22ce910f64d010fb4b9421ec240755d986e1e38fb7671a
1206 2560 -512 -1536 2 1 -1 5249544e3be4f0669cb9c5f5d900537f65fed11dc632e0939d1dedcb0d880243 2c15071e4d18cb440f22ce910f64d010fb4b9421ec240755d986e1e38fb7671a
1207 2560 -512 -1536 -1 2 -1 5249544e3be4f0669cb9c5f5d900537f65fed11dc632e0939d1dedcb0d880243 2c15071e4d18cb440f22ce910f64d010fb4b9421ec240755d986e1e38fb7671a
1208 2560 -512 -512 1 0 0 5249544e3be4f0669cb9c5f5d900537f65fed11dc632e0939d1dedcb0d880243 2c15071e4d18cb440f22ce910f64d010fb4b9421ec240755d986e1e38fb7671a
1209 2560 -512 -512 -1 0 0 e04e1e31beb2f691447c1f4c21a194b2ef8dceffb65614cbb9970f1c21346e99 97b019ac50e7e9eaaf9ce07b1878838107cd1862caef8181e583c31e600625aa
1210 2560 -512 -512 0 1 0 4e83f9337c8578e0c0b42ab375ca0ef46841e783f3c41ade6dac6890a1800ef2 439d22531c383473085019e8bc15e8afbb8ca95fd8d58c347f47a60e39430e48
1211 2560 -512 -512 0 -1 0 5249544e3be4f0669cb9c5f5d900537f65fed11dc632e0939d1dedcb0d880243 2c15071e4d18cb440f22ce910f64d010fb4b9421ec240755d986e1e38fb7671a
1212 2560 -512 -512 1 1 0 5249544e3be4f0669cb9c5f5d900537f65fed11dc632e0939d1dedcb0d880243 2c15071e4d18cb440f22ce910f64d010fb4b9421ec240755d986e1e38fb7671a
1213 2560 -512 -512 1 -1 0 5249544e3be4f0669cb9c5f5d900537f65fed11dc632e0939d1dedcb0d880243 2c15071e4d18cb440f22ce910f64d010fb4b9421ec240755d986e1e38fb7671a
1214 2560 -512 -512 2 1 -1 5249544e3be4f0669cb9c5f5d900537f65fed11dc632e0939d1dedcb0d880243 2c15071e4d18cb440f22ce910f64d010fb4b9421ec240755d986e1e38fb7671a
1215 2560 -512 -512 -1 2 -1 5249544e3be4f0669cb9c5f5d900537f65fed11dc632e0939d1dedcb0d880243 2c15071e4d18cb440f22ce910f64d010fb4b9421ec240755d986e1e38fb7671a
1216 2560 -512 512 1 0 0 5249544e3be4f0669cb9c5f5d900537f65fed11dc632e0939d1dedcb0d880243 2c15071e4d18cb440f22ce910f64d010fb4b9421ec240755d986e1e38fb7671a
1217 2560 -512 512 -1 0 0 d98800e72bd3ce129f3842beaa960d7835327c0024f1187f02d91b9c7eeb6c5b 1e2c6d5bf8a591d97e0217a40794da60881cc26c1ecfb69cedb38a010cf2ec68
1218 2560 -512 512 0 1 0 f2dfd69cdf33fd6ba77bbddd567ca795430202ab336bdc638c776ca851c06a45 c565db5e4f81a60282c0940063b96c5b3509b20944690b3087c0ca5b57f2215e
1219 2560 -512 512 0 -1 0 5249544e3be4f0669cb9c5f5d900537f65fed11dc632e0939d1dedcb0d880243 2c15071e4d18cb440f22ce910f64d010fb4b9421ec240755d986e1e38fb7671a
1220 2560 -512 512 1 1 0 dc9a9103872a9038364b3aa02ad7b5c3943e407d38868f8ac767936ebdbdf081 a5b5a5874e3ab4b2bfebe44acc55ebf2078e34b9b71aadc35687c8d969912849
1221 2560 -512 512 1 -1 0 5249544e3be4f0669cb9c5f5d900537f65fed11dc632e0939d1dedcb0d880243 2c15071e4d18cb440f22ce910f64d010fb4b9421ec240755d986e1e38fb7671a
1222 2560 -512 512 2 1 -1 99a0abdcd5ad568d1930d410798e3c128f74f0e92a833741ec205cdfd2d8a7e9 2916fb5371496c1ac7a6534c237c1453297b7cccbde6bf388adfe51cb13f6ab4
1223 2560 -512 512 -1 2 -1 ad030e981ac58111c1a7f144de1cc954b3552723c7d6fee8481e4a4c2b39d9b9 60bc091cd80425cf31d423d07654a38b64d41732073856dec7b9abfca761c8a9
1224 2560 -512 1536 1 0 0 5249544e3be4f0669cb9c5f5d900537f65fed11dc632e0939d1dedcb0d880243 2c15071e4d18cb440f22ce910f64d010fb4b9421ec240755d986e1e38fb7671a
1225 2560 -512 1536 -1 0 0 3bb1af12d8655c074aafc146e75ccb2b0d0c9bf4648b6a6495900e88639f9ec5 1c9638d0a846028a631724a2e006e25e4259a3e347f48944510875dc02367823
1226 2560 -512 1536 0 1 0 f720143c5ea6559076b518feef5ac30df0e227fe6f848c3cb5aa400f405812e0 f35fd5d33174980840d1568a12ce24a8b1a0c005c920aef7c22b12dfa09be084
1227 2560 -512 1536 0 -1 0 5249544e3be4f0669cb9c5f5d900537f65fed11dc632e0939d1dedcb0d880243 2c15071e4d18cb440f22ce910f64d010fb4b9421ec240755d986e1e38fb7671a
1228 2560 -512 1536 1 1 0 a20a5bb937ceed103f27fe970a89734ca37ca32ac0cfa01477773e997e28d5c8 df79e45b608c958ee6dc3ceb4b9b86fca2af4dfba09db1e73556ec9d33865221
1229 2560 -512 1536 1 -1 0 5249544e3be4f0669cb9c5f5d900537f65fed11dc632e0939d1dedcb0d880243 2c15071e4d18cb440f22ce910f64d010fb4b9421ec240755d986e1e38fb7671a
1230 2560 -512 1536 2 1 -1 99a0abdcd5ad568d1930d410798e3c128f74f0e92a833741ec205cdfd2d8a7e9 2916fb5371496c1ac7a6534c237c1453297b7cccbde6bf388adfe51cb13f6ab4
1231 2560 -512 1536 -1 2 -1 055f75b5be63bf8096c4dd5172ac65433d917b85717cf91bff7782006a8719d9 e2bdeba2524aa70d1f9e9469eba9d88688bc6aed7e93cfac28af085ef2a48d4e
1232 2560 -512 2560 1 0 0 5249544e3be4f0669cb9c5f5d900537f65fed11dc632e0939d1dedcb0d880243 2c15071e4d18cb440f22ce910f64d010fb4b9421ec240755d986e1e38fb7671a
1233 2560 -512 2560 -1 0 0 9de786bf9df00352b8c54d790321202075bda21359a3f8117f6880295a9f7b49 fdf44d40827d6efdab5b600cec33773c8a2ec8cb1c93e12b3e4c2c15a1fe4e74
1234 2560 -512 2560 0 1 0 75e6b90cdaa6a21964dd8d9315772c1ab5e262b4f337713f87b72cc3529165f3 8f20a32e0c6d365bc1221236a5f19fb67ae4c263887129d086a23f6ee59e0aec
1235 2560 -512 2560 0 -1 0 5249544e3be4f0669cb9c5f5d900537f65fed11dc632e0939d1dedcb0d880243 2c15071e4d18cb440f22ce910f64d010fb4b9421ec240755d986e1e38fb7671a
1236 2560 -512 2560 1 1 0 27a835511268954eca12638180ca69d21fe404e7cb41622a4fc8d463cf6a54fb e80e8303d243baad83a716359284b631116b2f87c0af9df9062e5077b6c85f20
1237 2560 -512 2560 1 -1 0 5249544e3be4f0669cb9c5f5d900537f65fed11dc632e0939d1dedcb0d880243 2c15071e4d18cb440f22ce910f64d010fb4b9421ec240755d986e1e38fb7671a
1238 2560 -512 2560 2 1 -1 5249544e3be4f0669cb9c5f5d900537f65fed11dc632e0939d1dedcb0d880243 2c15071e4d18cb440f22ce910f64d010fb4b9421ec240755d986e1e38fb7671a
1239 2560 -512 2560 -1 2 -1 6175c1d4b28bb812b4e15646b8234da1f0a54571457d9157643d726295ab2207 d666386734d5fbc1fd552219226f63b36a756760c7850d1bfb168066f1f3cd0e
1240 2560 -512 4096 1 0 0 5249544e3be4f0669cb9c5f5d900537f65fed11dc632e0939d1dedcb0d880243 2c15071e4d18cb440f22ce910f64d010fb4b9421ec240755d986e1e38fb7671a
1241 2560 -512 4096 -1 0 0 5249544e3be4f0669cb9c5f5d900537f65fed11dc632e0939d1dedcb0d880243 2c15071e4d18cb440f22ce910f64d010fb4b9421ec240755d986e1e38fb7671a
1242 2560 -512 4096 0 1 0 5249544e3be4f0669cb9c5f5d900537f65fed11dc632e0939d1dedcb0d880243 2c15071e4d18cb440f22ce910f64d010fb4b9421ec240755d986e1e38fb7671a
1243 2560 -512 4096 0 -1 0 5249544e3be4f0669cb9c5f5d900537f65fed11dc632e0939d1dedcb0d880243 2c15071e4d18cb440f22ce910f64d010fb4b9421ec240755d986e1e38fb7671a
1244 2560 -512 4096 1 1 0 5249544e3be4f0669cb9c5f5d900537f65fed11dc632e0939d1dedcb0d880243 2c15071e4d18cb440f22ce910f64d010fb4b9421ec240755d986e1e38fb7671a
1245 2560 -512 4096 1 -1 0 5249544e3be4f0669cb9c5f5d900537f65fed11dc632e0939d1dedcb0d880243 2c15071e4d18cb440f22ce910f64d010fb4b9421ec240755d986e1e38fb7671a
1246 2560 -512 4096 2 1 -1 5249544e3be4f0669cb9c5f5d900537f65fed11dc632e0939d1dedcb0d880243 2c15071e4d18cb440f22ce910f64d010fb4b9421ec240755d986e1e38fb7671a
1247 2560 -512 4096 -1 2 -1 e7e78239985e718c9e589df18fe0d45acacfae90014bbddda78ae38d7043928f a46bd25d4c0c387025971412b62bd9ff40b9ec86306b5d5fd8b97da486319507
1248 2560 512 -1536 1 0 0 5249544e3be4f0669cb9c5f5d900537f65fed11dc632e0939d1dedcb0d880243 2c15071e4d18cb440f22ce910f64d010fb4b9421ec240755d986e1e38fb7671a
1249 2560 512 -1536 -1 0 0 5249544e3be4f0669cb9c5f5d900537f65fed11dc632e0939d1dedcb0d880243 2c15071e4d18cb440f22ce910f64d010fb4b9421ec240755d986e1e38fb7671a
1250 2560 512 -1536 0 1 0 5249544e3be4f0669cb9c5f5d900537f65fed11dc632e0939d1dedcb0d880243 2c15071e4d18cb440f22ce910f64d010fb4b9421ec240755d986e1e38fb7671a
1251 2560 512 -1536 0 -1 0 5249544e3be4f0669cb9c5f5d900537f65fed11dc632e0939d1dedcb0d880243 2c15071e4d18cb440f22ce910f64d010fb4b9421ec240755d986e1e38fb7671a
1252 2560 512 -1536 1 1 0 5249544e3be4f0669cb9c5f5d900537f65fed11dc632e0939d1dedcb0d880243 2c15071e4d18cb440f22ce910f64d010fb4b9421ec240755d986e1e38fb7671a
1253 2560 512 -1536 1 -1 0 5249544e3be4f0669cb9c5f5d900537f65fed11dc632e0939d1dedcb0d880243 2c15071e4d18cb440f22ce910f64d010fb4b9421ec240755d986e1e38fb7671a
1254 2560 512 -1536 2 1 -1 5249544e3be4f0669cb9c5f5d900537f65fed11dc632e0939d1dedcb0d880243 2c15071e4d18cb440f22ce910f64d010fb4b9421ec240755d986e1e38fb7671a
1255 2560 512 -1536 -1 2 -1 5249544e3be4f0669cb9c5f5d900537f65fed11dc632e0939d1dedcb0d880243 2c15071e4d18cb440f22ce910f64d010fb4b9421ec240755d986e1e38fb7671a
1256 2560 512 -512 1 0 0 5249544e3be4f0669cb9c5f5d900537f65fed11dc632e0939d1dedcb0d880243 2c15071e4d18cb440f22ce910f64d010fb4b9421ec240755d986e1e38fb7671a
1257 2560 512 -512 -1 0 0 a37804d77e9afe787e92eb98fd4d20ef03335046dc17972b227249a51f2162be aca6b207d53941338c58e66e16afd188f32410d1c4376c5842d515b4635331b7
1258 2560 512 -512 0 1 0 b351915ece4b8646be35aa9e96212db25fe645a6e6b6a925408320e9426bda09 6831401a8e3d23f760d86578d9af144235c1756670424c31d5665f8b598460ed
1259 2560 512 -512 0 -1 0 5249544e3be4f0669cb9c5f5d900537f65fed11dc632e0939d1dedcb0d880243 2c15071e4d18cb440f22ce910f64d010fb4b9421ec240755d986e1e38fb7671a
1260 2560 512 -512 1 1 0 5249544e3be4f0669cb9c5f5d900537f65fed11dc632e0939d1dedcb0d880243 2c15071e4d18cb440f22ce910f64d010fb4b9421ec240755d986e1e38fb7671a
1261 2560 512 -512 1 -1 0 5249544e3be4f0669cb9c5f5d900537f65fed11dc632e0939d1dedcb0d880243 2c15071e4d18cb440f22ce910f64d010fb4b9421ec240755d986e1e38fb7671a
1262 2560 512 -512 2 1 -1 5249544e3be4f0669cb9c5f5d900537f65fed11dc632e0939d1dedcb0d880243 2c15071e4d18cb440f22ce910f64d010fb4b9421ec240755d986e1e38fb7671a
1263 2560 512 -512 -1 2 -1 5249544e3be4f0669cb9c5f5d900537f65fed11dc632e0939d1dedcb0d880243 2c15071e4d18cb440f22ce910f64d010fb4b9421ec240755d986e1e38fb7671a
1264 2560 512 512 1 0 0 7f2b4ae05bd1f9347bc9c16f4a7f3d63d8520951c0d103fb5c5eaa0e3780a3dc ec648d5bdf3928233a2f6ba4dc32854a470af2804ae74efdd32fab06233ab768
1265 2560 512 512 -1 0 0 2e4736308b59df6dc1b49b04b890f46ebf7bd68edeff65b6fdfbd4692e08cd33 45274d810856fc077d12103edc804c83f62b0d333495d877f7e60f7ce4066f48
1266 2560 512 512 0 1 0 0c2a987a8d000b70e87b2243fb180fc0a6fe94c6ba417fa6c50f4cbf9606d90e 3aa956126eeff4bc3c57c048643408d031618babe7745232154026b259cc0213
1267 2560 512 512 0 -1 0 443a9003c6b508a1f50f164eb8f7dea1b6789c0652ac66a08bb9a9b3f001d429 d45324417560c204aadb054b75190ed119dacfe49777778006f29c05266afa5e
1268 2560 512 512 1 1 0 6ae9987d2a394fd5abc6795b2226eaf79ffdbdc7fb4a47429ee758602eb0590e fd73b246a6b34d1028ea6e8bd96850234d9b7ad5d2b88677f086cc660592d50b
1269 2560 512 512 1 -1 0 cc68375819a3a1c932e0d5f72bf453aa0d42bee5fa8271b9e38b215231c633dc 8918a8b2afb7c7e6e03b321dd22fa27fc18c419edaef4c0d437bdc88883f235b
1270 2560 512 512 2 1 -1 9fcc4d37376cb3f2513fac469a1a35bf505823d0ce47ae9209e8ee4ea568e042 09fced6caa668bbc1c360dfb7aa82f7a6c6e40123bc08b03f81d089c590702e4
1271 2560 512 512 -1 2 -1 acd8ce1a9ce5508383ea9c89c1f153bc0d5054474b715164949a7704d73b4f87 827fb60b255b023d8919b82b2e84b49ded9054659cba8eb774303cc1e9c90790
1272 2560 512 1536 1 0 0 5dc55c189e7a34ed86b8ed6cf5f59e2b7754a17f3ae6f3b977774d231ed6a5fe a67b660e5199e6cacb0646ec6202ed3bcaa607506ae352486ee739c27ea4b7a4
1273 2560 512 1536 -1 0 0 cf0424c1b7507a771e95db77079811953e717ecadeb45e4694dc4a18206336dc 747b9104a88c82fe68bc95863c2a5bbc5093a28128419f16477bbc53aa96a5fb
1274 2560 512 1536 0 1 0 06f8e749bfefdfa99c6477d6a97c83b6eee57f0d33de5d35a57b6d55d4801a17 76e42d99053ec740a27889d93d343b7771d2c74f5e218f0846b5830e011b8c1e
1275 2560 512 1536 0 -1 0 7b3c2423ffdc2a6af80db9d4e69b7ea020e83c9fe12f3a529db2270194712683 953100ed0da5ace117e56638866a07105e98c100883607da4313342061906e20
1276 2560 512 1536 1 1 0 5fdc88156e66d637efb92c2be9e9d311f4037acd3f1bc8f7ddea4b1ae541c6f9 a9c005fd4396a52345013d6986503935c3811986982e2b9b5de036dee07b4c19
1277 2560 512 1536 1 -1 0 5017e51dfe58e48b6cf9b9514b87cff128254e7e4f5cbc82d257c46f1b5a3311 35c21c483ebde13e69df67b1720dafd8ae259068aa0a9db1cf6de8a8c36cac71
1278 2560 512 1536 2 1 -1 b5f2f77a9c52a148492ed0961bc9d5ea3a09daeff61ccd5c8e7db5607d0b3599 1add1693cf86ae774b3febf11a9d9c1e7a28f84b5c59711fa9a6b1b6108b9ec4
1279 2560 512 1536 -1 2 -1 26b72b9ecdc7ec8e4de1c29923056dfbe7159a8e67a758cd08fdf463fde38804 60abc9e5c885a8592a74024c25b3976a00ae9a09f26efd31606299a08305b9be
1280 2560 512 2560 1 0 0 769840af908b65e25f309376eade60fc0b677fde0bd3cb9f36ddd9f4c356647e 2753c649e15d6e06c8204bfbe2ec9aa88bf1f8ec79805ace04ef235e9d40a590
1281 2560 512 2560 -1 0 0 a7ab607ac3cfa7156e816673a58f3529739c7b987b812a9372b7eb87ac269c64 edb70c059407e94cba9a4c01d57511bf632a15e5b4902d5e0f6769afaa74b21e
1282 2560 512 2560 0 1 0 d9dc26c6fccebcb6b0c8fe3443984c88f039e6bc00db43abf860154ae22a72b3 a8408b2ea723612aaa247fa87ac8e4ac58fcec1200c0d646dfbb80477a7e33fb
1283 2560 512 2560 0 -1 0 fc2fbea96193b71329a506a2030eda07b0350dca63ff8c0ad0c14ebcfa315373 588a58e6012cf6bde62b17f4137fad8c71d4c9ec3b1b6aec137a494b4097468f
1284 2560 512 2560 1 1 0 91efc8cfbbe06f385553a26a6db20cd25aa26e60f145268229ff3e0ee7bf3487 06a0ec420f2c3394f974b7686e16d8228a08a92936a9a72838f3446253bd8965
1285 2560 512 2560 1 -1 0 76843c28887cac939ddc21468f570dc772677f51b5ed70218b148ce74480f1aa 12b3f8438d51073a1d4d1eba7f8df550bfe7b815be75edbe4146ab3c997827fc
1286 2560 512 2560 2 1 -1 d19d116389ee30d0d1774093c38198000c8ec502eb1887fadf65d5c1d1c26351 31d170dedfd27a1212b87c56ed6b005303e4927c287ae4391a9ce27ddf6529b8
1287 2560 512 2560 -1 2 -1 0a63ee3424b8212440cd6f3e54ba806d46fa12262f84fb10b831f360c3a8d3bf 60abc9e5c885a8592a74024c25b3976a00ae9a09f26efd31606299a08305b9be
1288 2560 512 4096 1 0 0 5249544e3be4f0669cb9c5f5d900537f65fed11dc632e0939d1dedcb0d880243 2c15071e4d18cb440f22ce910f64d010fb4b9421ec240755d986e1e38fb7671a
1289 2560 512 4096 -1 0 0 5249544e3be4f0669cb9c5f5d900537f65fed11dc632e0939d1dedcb0d880243 2c15071e4d18cb440f22ce910f64d010fb4b9421ec240755d986e1e38fb7671a
1290 2560 512 4096 0 1 0 5249544e3be4f0669cb9c5f5d900537f65fed11dc632e0939d1dedcb0d880243 2c15071e4d18cb440f22ce910f64d010fb4b9421ec240755d986e1e38fb7671a
1291 2560 512 4096 0 -1 0 5249544e3be4f0669cb9c5f5d900537f65fed11dc632e0939d1dedcb0d880243 2c15071e4d18cb440f22ce910f64d010fb4b9421ec240755d986e1e38fb7671a
1292 2560 512 4096 1 1 0 5249544e3be4f0669cb9c5f5d900537f65fed11dc632e0939d1dedcb0d880243 2c15071e4d18cb440f22ce910f64d010fb4b9421ec240755d986e1e38fb7671a
1293 2560 512 4096 1 -1 0 5249544e3be4f0669cb9c5f5d900537f65fed11dc632e0939d1dedcb0d880243 2c15071e4d18cb440f22ce910f64d010fb4b9421ec240755d986e1e38fb7671a
1294 2560 512 4096 2 1 -1 5249544e3be4f0669cb9c5f5d900537f65fed11dc632e0939d1dedcb0d880243 2c15071e4d18cb440f22ce910f64d010fb4b9421ec240755d986e1e38fb7671a
1295 2560 512 4096 -1 2 -1 2f1405d7ba0cb6c55bd1c0c8575bfdf4642a3d69249973de9880f79ce3d74254 4ae0859d834c9683423dba159f7292be81947306501b19ad9bb2ee3fecefe2cc
1296 2560 1536 -1536 1 0 0 5249544e3be4f0669cb9c5f5d900537f65fed11dc632e0939d1dedcb0d880243 2c15071e4d18cb440f22ce910f64d010fb4b9421ec240755d986e1e38fb7671a
1297 2560 1536 -1536 -1 0 0 5249544e3be4f0669cb9c5f5d900537f65fed11dc632e0939d1dedcb0d880243 2c15071e4d18cb440f22ce910f64d010fb4b9421ec240755d986e1e38fb7671a
1298 2560 1536 -1536 0 1 0 5249544e3be4f0669cb9c5f5d900537f65fed11dc632e0939d1dedcb0d880243 2c15071e4d18cb440f22ce910f64d010fb4b9421ec240755d986e1e38fb7671a
1299 2560 1536 -1536 0 -1 0 5249544e3be4f0669cb9c5f5d900537f65fed11dc632e0939d1dedcb0d880243 2c15071e4d18cb440f22ce910f64d010fb4b9421ec240755d986e1e38fb7671a
1300 2560 1536 -1536 1 1 0 5249544e3be4f0669cb9c5f5d900537f65fed11dc632e0939d1dedcb0d880243 2c15071e4d18cb440f22ce910f64d010fb4b9421ec240755d986e1e38fb7671a
1301 2560 1536 -1536 1 -1 0 5249544e3be4f0669cb9c5f5d900537f65fed11dc632e0939d1dedcb0d880243 2c15071e4d18cb440f22ce910f64d010fb4b9421ec240755d986e1e38fb7671a
1302 2560 1536 -1536 2 1 -1 5249544e3be4f0669cb9c5f5d900537f65fed11dc632e0939d1dedcb0d880243 2c15071e4d18cb440f22ce910f64d010fb4b9421ec240755d986e1e38fb7671a
1303 2560 1536 -1536 -1 2 -1 5249544e3be4f0669cb9c5f5d900537f65fed11dc632e0939d1dedcb0d880243 2c15071e4d18cb440f22ce910f64d010fb4b9421ec240755d986e1e38fb7671a
1304 2560 1536 -512 1 0 0 5249544e3be4f0669cb9c5f5d900537f65fed11dc632e0939d1dedcb0d880243 2c15071e4d18cb440f22ce910f64d010fb4b9421ec240755d986e1e38fb7671a
1305 2560 1536 -512 -1 0 0 1f6d7d3198432050d638f49f377c6ea4ecd456eabfa65b9e32d9e6f458c92c57 fb25815e411832c5087e015a3b9ea9ab4921ca0d8e8ade3d70cbe52793089ea1
1306 2560 1536 -512 0 1 0 5249544e3be4f0669cb9c5f5d900537f65fed11dc632e0939d1dedcb0d880243 2c15071e4d18cb440f22ce910f64d010fb4b9421ec240755d986e1e38fb7671a
1307 2560 1536 -512 0 -1 0 5249544e3be4f0669cb9c5f5d900537f65fed11dc632e0939d1dedcb0d880243 2c15071e4d18cb440f22ce910f64d010fb4b9421ec240755d986e1e38fb7671a
1308 2560 1536 -512 1 1 0 5249544e3be4f0669cb9c5f5d900537f65fed11dc632e0939d1dedcb0d880243 2c15071e4d18cb440f22ce910f64d010fb4b9421ec240755d986e1e38fb7671a
1309 2560 1536 -512 1 -1 0 5249544e3be4f0669cb9c5f5d900537f65fed11dc632e0939d1dedcb0d880243 2c15071e4d18cb440f22ce910f64d010fb4b9421ec240755d986e1e38fb7671a
1310 2560 1536 -512 2 1 -1 5249544e3be4f0669cb9c5f5d900537f65fed11dc632e0939d1dedcb0d880243 2c15071e4d18cb440f22ce910f64d010fb4b9421ec240755d986e1e38fb7671a
1311 2560 1536 -512 -1 2 -1 5249544e3be4f0669cb9c5f5d900537f65fed11dc632e0939d1dedcb0d880243 2c15071e4d18cb440f22ce910f64d010fb4b9421ec240755d986e1e38fb7671a
1312 2560 1536 512 1 0 0 5034235ba68578c19956964e0e755af65366758a251ec9ef14fd6b07e9e9baa8 1bf7ab5821809066935a2e807a1a474bd6ae525067dec752a5db2af4edb44fee
1313 2560 1536 512 -1 0 0 9da857b3fe5e2f6a44db839c2fece7c65e4b833256f3f6a515879a893b8a0e13 f33c8cd82ece3538d5d61e431cf5d0d26d8547283d8cfa5f77737b7ca10215f7
1314 2560 1536 512 0 1 0 d24d66c2470d0ff8cdb246d3f3043a77d8312adc6e53271e1653fcf7032a16b1 d1b1ff19e32f98816181ba441d75064b82a6b85ec191b4880b6a926f45a31c7a
1315 2560 1536 512 0 -1 0 de7368ded1392080ca375ba04ae9ac6a4150021a40338d025ba05c4a4accc674 643dfdc0f3deec164dda4d3c72b7d251d68267aa8ef6477386a40d8baf8d1afa
1316 2560 1536 512 1 1 0 c6f9f2f037edd89c271b6fbb04fb14f474261f3103ecc45e6d6cea0c157c1367 ebe4e175436f2089bcd7f345c20da0f143b930339e90868c40222f8ab28df507
1317 2560 1536 512 1 -1 0 f7c0db7d5e8a2142869e54d443cbad0595336d754ae42f63fd5ced9e6904eeac e5613ff28a2c359d5d985b8e10cd0fc3d370e6804b271bed97722b8fcc21dbfb
1318 2560 1536 512 2 1 -1 9a22fb8214f53d8e3a2db8a9e3ba387082356dcc611ea1afc5d819e66c92e82c 4b716d618cba97fe251c253bf16ddfffebc6cc9780d77be924f115b3dc1def06
1319 2560 1536 512 -1 2 -1 b2493fab2690b713ddf114c5161e67d6f99ef2f8ac6206aaa021397d00b705c4 bf44c2a7a9f7f071f1a3849594900a3c85a7b0100c87b015fb4a3947d935a6bb
1320 2560 1536 1536 1 0 0 2abd48ab993652f6d16519fe8dbb2aec01c67cacb7ce530895dbce82fe1cff6c 5c591151839f5b68dc99362c8f78030a572942d18c0389e90421f9a6e73bb547
1321 2560 1536 1536 -1 0 0 3f06019da52ff6639c56b1a4602ba7efe7b43a2127b138898518a6540f018052 953100ed0da5ace117e56638866a07105e98c100883607da4313342061906e20
1322 2560 1536 1536 0 1 0 8a999acababc91be74cfe87ab59cc3aa60f76d7c44c8a377d27079327e5304ce 8d59fd2b66e295ef7d87df66100d905580937360f0b58530f695ead410bbf02b
1323 2560 1536 1536 0 -1 0 f397503b36b10cce5dab6c08b6382e2e0b0534c90c539fcc5c3a6f0f98686090 fc34c047a2b8d3a182fa1dd3a0eed98c970c802672c2aaa49a5f3eb7e941970f
1324 2560 1536 1536 1 1 0 c2c0a1ae26ad7c966481317c7c5f55e273819e402512b53da6a09686cb654d76 1459cff6827ee7b96d7eda881936710f72591a35f2ead7faa38a8e4d2499ba05
1325 2560 1536 1536 1 -1 0 5017e51dfe58e48b6cf9b9514b87cff128254e7e4f5cbc82d257c46f1b5a3311 42ef24f70970f3810123f4850cba30699dd8fb4a187d90fe2859e4658d910227
1326 2560 1536 1536 2 1 -1 9e653af48ad62db56e29d13cf27dea8a75f6000f0f40c1bd5f99ca2ecf04f4ea e721739cd57f7d48e31509d226acd1de2d9a618c1b8fdaeed0d66613216a6190
1327 2560 1536 1536 -1 2 -1 5f82838d65f27570a98d4ec0fa39f524bf9ac7995a06a1faa73b6c0be7de8bdb 072d91a19f036aca6c01984e417362ae60f99b21bfcb46f5c64853ad6be56dad
1328 2560 1536 2560 1 0 0 b225b54a6a35ea775d0c73a9d38fc75128deeec68fcfa2883a6a93500c6399dd 92ab3e5f14d50de3226d4e4fc45da607027f1cd0cfb9e068f9956a11061e019f
1329 2560 1536 2560 -1 0 0 e87a6cdc1efcafe36105c2caf0ecc5a236c9365f65a3971ae596898242612453 dc49d14162506dffd53aa698820cb0444d8cf93a9db054cb8639859366742a53
1330 2560 1536 2560 0 1 0 721d75ee63cb38f3ce1e7850df2afd4c4aea411c19874cbdda90016097862070 25fe5882087d75246821bda3f9891ccb898380acf61812e8b4e5603e668938b2
1331 2560 1536 2560 0 -1 0 3d52e1e58217ccfb88390a90970a6845798d7bd615c97095e3aa6388116b7ebd beb42e6c0b6067befa446cc85d238e690cd990da050984728b811f23bfb66adb
1332 2560 1536 2560 1 1 0 15216c6c3ab2fe229c9f4f05116b14d06290c5c7a92b5d4ca362fe1a7b97acee cc912a4071150e4f8587f369c5d3ad87a930d11ed73aa4d3680a1fa553481ad0
1333 2560 1536 2560 1 -1 0 da0221773e4da701478e54f045d94e7788824c05219ed4853836ade71a6eac71 4bc46400d1628b0335ada2eac93d5851f68f8a4f59ac66024e76de1124997c68
1334 2560 1536 2560 2 1 -1 60d0859ad4abf86447dd8b7cf8c777ad3c9a84202b4bcf63636bb4cab7641a5c e9ac565207fbb86cf10bcf341b87e4b9007b76ae04c3de6481725f8e16d39d94
1335 2560 1536 2560 -1 2 -1 d044917dfc63ab49a078fa24672c9ea844b1f8fe266e21f0fac7eaacd1868e5c 4024273d30b9c66396c4d4799e73d667bca403ff084b3b6221c3d7ec5e8155f4
1336 2560 1536 4096 1 0 0 5249544e3be4f0669cb9c5f5d900537f65fed11dc632e0939d1dedcb0d880243 2c15071e4d18cb440f22ce910f64d010fb4b9421ec240755d986e1e38fb7671a
1337 2560 1536 4096 -1 0 0 5249544e3be4f0669cb9c5f5d900537f65fed11dc632e0939d1dedcb0d880243 2c15071e4d18cb440f22ce910f64d010fb4b9421ec240755d986e1e38fb7671a
1338 2560 1536 4096 0 1 0 5249544e3be4f0669cb9c5f5d900537f65fed11dc632e0939d1dedcb0d880243 2c15071e4d18cb440f22ce910f64d010fb4b9421ec240755d986e1e38fb7671a
1339 2560 1536 4096 0 -1 0 5249544e3be4f0669cb9c5f5d900537f65fed11dc632e0939d1dedcb0d880243 2c15071e4d18cb440f22ce910f64d010fb4b9421ec240755d986e1e38fb7671a
1340 2560 1536 4096 1 1 0 5249544e3be4f0669cb9c5f5d900537f65fed11dc632e0939d1dedcb0d880243 2c15071e4d18cb440f22ce910f64d010fb4b9421ec240755d986e1e38fb7671a
1341 2560 1536 4096 1 -1 0 5249544e3be4f0669cb9c5f5d900537f65fed11dc632e0939d1dedcb0d880243 2c15071e4d18cb440f22ce910f64d010fb4b9421ec240755d986e1e38fb7671a
1342 2560 1536 4096 2 1 -1 5249544e3be4f0669cb9c5f5d900537f65fed11dc632e0939d1dedcb0d880243 2c15071e4d18cb440f22ce910f64d010fb4b9421ec240755d986e1e38fb7671a
1343 2560 1536 4096 -1 2 -1 4ada1957c7be308a8e832fccd797d37b4708fed0d7e90235688afe6ce2698842 17630906d8bae63371176f212585efe23b3736830ab55044eac9f5c254192dda
1344 2560 2560 -1536 1 0 0 5249544e3be4f0669cb9c5f5d900537f65fed11dc632e0939d1dedcb0d880243 2c15071e4d18cb440f22ce910f64d010fb4b9421ec240755d986e1e38fb7671a
1345 2560 2560 -1536 -1 0 0 5249544e3be4f0669cb9c5f5d900537f65fed11dc632e0939d1dedcb0d880243 2c15071e4d18cb440f22ce910f64d010fb4b9421ec240755d986e1e38fb7671a
1346 2560 2560 -1536 0 1 0 5249544e3be4f0669cb9c5f5d900537f65fed11dc632e0939d1dedcb0d880243 2c15071e4d18cb440f22ce910f64d010fb4b9421ec240755d986e1e38fb7671a
1347 2560 2560 -1536 0 -1 0 5249544e3be4f0669cb9c5f5d900537f65fed11dc632e0939d1dedcb0d880243 2c15071e4d18cb440f22ce910f64d010fb4b9421ec240755d986e1e38fb7671a
1348 2560 2560 -1536 1 1 0 5249544e3be4f0669cb9c5f5d900537f65fed11dc632e0939d1dedcb0d880243 2c15071e4d18cb440f22ce910f64d010fb4b9421ec240755d986e1e38fb7671a
1349 2560 2560 -1536 1 -1 0 5249544e3be4f0669cb9c5f5d900537f65fed11dc632e0939d1dedcb0d880243 2c15071e4d18cb440f22ce910f64d010fb4b9421ec240755d986e1e38fb7671a
1350 2560 2560 -1536 2 1 -1 5249544e3be4f0669cb9c5f5d900537f65fed11dc632e0939d1dedcb0d880243 2c15071e4d18cb440f22ce910f64d010fb4b9421ec240755d986e1e38fb7671a
1351 2560 2560 -1536 -1 2 -1 5249544e3be4f0669cb9c5f5d900537f65fed11dc632e0939d1dedcb0d880243 2c15071e4d18cb440f22ce910f64d010fb4b9421ec240755d986e1e38fb7671a
1352 2560 2560 -512 1 0 0 5249544e3be4f0669cb9c5f5d900537f65fed11dc632e0939d1dedcb0d880243 2c15071e4d18cb440f22ce910f64d010fb4b9421ec240755d986e1e38fb7671a
1353 2560 2560 -512 -1 0 0 d5acd50642ee24d95eaba2cda758ead6124e5f2586ef9cee8456e4721c8e1086 6831401a8e3d23f760d86578d9af144235c1756670424c31d5665f8b598460ed
1354 2560 2560 -512 0 1 0 5249544e3be4f0669cb9c5f5d900537f65fed11dc632e0939d1dedcb0d880243 2c15071e4d18cb440f22ce910f64d010fb4b9421ec240755d986e1e38fb7671a
1355 2560 2560 -512 0 -1 0 3346fea7522a4dd7644f4074eb49e58dd377e8eab28f59fad4b7f2c88f48adbb aca6b207d53941338c58e66e16afd188f32410d1c4376c5842d515b4635331b7
1356 2560 2560 -512 1 1 0 5249544e3be4f0669cb9c5f5d900537f65fed11dc632e0939d1dedcb0d880243 2c15071e4d18cb440f22ce910f64d010fb4b9421ec240755d986e1e38fb7671a
1357 2560 2560 -512 1 -1 0 5249544e3be4f0669cb9c5f5d900537f65fed11dc632e0939d1dedcb0d880243 2c15071e4d18cb440f22ce910f64d010fb4b9421ec240755d986e1e38fb7671a
1358 2560 2560 -512 2 1 -1 5249544e3be4f0669cb9c5f5d900537f65fed11dc632e0939d1dedcb0d880243 2c15071e4d18cb440f22ce910f64d010fb4b9421ec240755d986e1e38fb7671a
1359 2560 2560 -512 -1 2 -1 5249544e3be4f0669cb9c5f5d900537f65fed11dc632e0939d1dedcb0d880243 2c15071e4d18cb440f22ce910f64d010fb4b9421ec240755d986e1e38fb7671a
1360 2560 2560 512 1 0 0 2002796bddc4cb525166413e0bbdb51a8b98f2e5b11e64134698bbe9d2b7468e fe8c9a0728e2f577b8c1445d8f91b912b17fa5762be9ae8c43b49591701e2985
1361 2560 2560 512 -1 0 0 3ee206c00ddd868f11492acb17c0eb26bb782fc89b819993cbe6d285668d4a7f a6d51cac9d6033f145621b6034d89a8d75312ea6f71760fe2be581c13be01125
1362 2560 2560 512 0 1 0 2ee9bcc94eeb6794d8bccd89e5e579578b098faf2b0ec5a103590312415b4712 9d7fb55e0932e8f17282ca2f88d73cb7476e46d0694f45325e93a291e4b2a8f8
1363 2560 2560 512 0 -1 0 9360b208553b3cb6c221e6337ec4c0bd5f663f3661bca7e2129ed2da8aa58b0a 0638d2fb5116288580ddc92526221aa1459306eda15b3ba9909dc96c1eb6d88e
1364 2560 2560 512 1 1 0 ceb67c4fdcdeca1d844b7cb2febb88f85d4e71f74a210181c61921bdafdd12eb d79d7b97f980e49dfebf9986c826a09781b97f6ff16f574008ea2f5ad50cc6cd
1365 2560 2560 512 1 -1 0 db9f1c84b4d562595a9ec197b45533281cdad84b28b3e0d6a4ccc93549efd8c4 fd0f340c81251eec1110e95d149a38e3be261cb59d0035717cd5552651b60e19
1366 2560 2560 512 2 1 -1 d19d116389ee30d0d1774093c38198000c8ec502eb1887fadf65d5c1d1c26351 31d170dedfd27a1212b87c56ed6b005303e4927c287ae4391a9ce27ddf6529b8
1367 2560 2560 512 -1 2 -1 b02c8d6ced98f8591245576b4507f06c0e3d7e81dc57ab7dcddb82d812cb64e4 16c1b7cf412e581643196015b99be9eba8a16ee3b4654473c75255662c24a879
1368 2560 2560 1536 1 0 0 2002796bddc4cb525166413e0bbdb51a8b98f2e5b11e64134698bbe9d2b7468e f58d59e99c4e2fb23d1f294b33933b02e39e4a7239f11ec950654775d9e1a573
1369 2560 2560 1536 -1 0 0 4c31b8521a6f2ef32ec6825af7673900cece0aed38ee02cfd0fe9d6445b84ede 0606a916c041e61fe782894d78e1e5f88d2a47e65f5425744e7718a2249d8b6a
1370 2560 2560 1536 0 1 0 4b541ddf30c7e928867fae83b0eaeabdd8412027fce5459bd4137aa33e444bec d2acc3cbbf51a59c4820b42179fb3e64137f3665515b4e503a082eed211a3cc1
1371 2560 2560 1536 0 -1 0 0404c0e29b9ed4d779402863e3efb8e61a4cfa171959ce3b7d8a67ab6a923573 94dfd20797d6a94ad7f84f718c3e1f0c27dcb31025cfc7ab60d0447bc55c09af
1372 2560 2560 1536 1 1 0 69ad79fed78a2bce821ac9ed87c3633b7640930298a0db6c86f39eb86def511c 6813ab4ad85f670c9db3a845b99c03169f05ae5e8f41587caca15570d8ce4379
1373 2560 2560 1536 1 -1 0 5017e51dfe58e48b6cf9b9514b87cff128254e7e4f5cbc82d257c46f1b5a3311 fce0d02615af7854e123aa42e17c351b6fc39bdd2e11e96b70eaf6af1d7fd97b
1374 2560 2560 1536 2 1 -1 d19d116389ee30d0d1774093c38198000c8ec502eb1887fadf65d5c1d1c26351 31d170dedfd27a1212b87c56ed6b005303e4927c287ae4391a9ce27ddf6529b8
1375 2560 2560 1536 -1 2 -1 4abe7fc0dc1ebcce7e151b8f88f59fb09a01d26949ac6381068ea77dfbd9aca2 60abc9e5c885a8592a74024c25b3976a00ae9a09f26efd31606299a08305b9be
1376 2560 2560 2560 1 0 0 7f2a44ce4ca3de6025c5da78c8fe50310a10aa67f5f1f3aa7ead0270f69c8a3e c9d6b1d213da17d173bdbdf71cb1cb20505613bce76fdea4e2f5bc236f03d278
1377 2560 2560 2560 -1 0 0 3f06019da52ff6639c56b1a4602ba7efe7b43a2127b138898518a6540f018052 eaf004e12d843cfe24f0781146263db43eedbc43371c67261621dab90a33e4b4
1378 2560 2560 2560 0 1 0 2ee9bcc94eeb6794d8bccd89e5e579578b098faf2b0ec5a103590312415b4712 4fa10634c5aef5953ee5287335f8e522b5b2b8ed549823aaa686370e9d7195fb
1379 2560 2560 2560 0 -1 0 696f7fae38a9c6bd2f3e6bb3632fbbc7301380e4f8277d2d0e04c2cfe3ddb60c c50d2286a89759eeb97a11c63f688d3e3557383a6018284875c5d8311d20cda9
1380 2560 2560 2560 1 1 0 ceb67c4fdcdeca1d844b7cb2febb88f85d4e71f74a210181c61921bdafdd12eb d79d7b97f980e49dfebf9986c826a09781b97f6ff16f574008ea2f5ad50cc6cd
1381 2560 2560 2560 1 -1 0 5017e51dfe58e48b6cf9b9514b87cff128254e7e4f5cbc82d257c46f1b5a3311 35c21c483ebde13e69df67b1720dafd8ae259068aa0a9db1cf6de8a8c36cac71
1382 2560 2560 2560 2 1 -1 d19d116389ee30d0d1774093c38198000c8ec502eb1887fadf65d5c1d1c26351 31d170dedfd27a1212b87c56ed6b005303e4927c287ae4391a9ce27ddf6529b8
1383 2560 2560 2560 -1 2 -1 36ca1d3738d3b72c2caf4ba5dfabe30f911310cfce7ac92d4d8fab3e54cdf70e 60abc9e5c885a8592a74024c25b3976a00ae9a09f26efd31606299a08305b9be
1384 2560 2560 4096 1 0 0 5249544e3be4f0669cb9c5f5d900537f65fed11dc632e0939d1dedcb0d880243 2c15071e4d18cb440f22ce910f64d010fb4b9421ec240755d986e1e38fb7671a
1385 2560 2560 4096 -1 0 0 5249544e3be4f0669cb9c5f5d900537f65fed11dc632e0939d1dedcb0d880243 2c15071e4d18cb440f22ce910f64d010fb4b9421ec240755d986e1e38fb7671a
1386 2560 2560 4096 0 1 0 5249544e3be4f0669cb9c5f5d900537f65fed11dc632e0939d1dedcb0d880243 2c15071e4d18cb440f22ce910f64d010fb4b9421ec240755d986e1e38fb7671a
1387 2560 2560 4096 0 -1 0 5249544e3be4f0669cb9c5f5d900537f65fed11dc632e0939d1dedcb0d880243 2c15071e4d18cb440f22ce910f64d010fb4b9421ec240755d986e1e38fb7671a
1388 2560 2560 4096 1 1 0 5249544e3be4f0669cb9c5f5d900537f65fed11dc632e0939d1dedcb0d880243 2c15071e4d18cb440f22ce910f64d010fb4b9421ec240755d986e1e38fb7671a
1389 2560 2560 4096 1 -1 0 5249544e3be4f0669cb9c5f5d900537f65fed11dc632e0939d1dedcb0d880243 2c15071e4d18cb440f22ce910f64d010fb4b9421ec240755d986e1e38fb7671a
1390 2560 2560 4096 2 1 -1 5249544e3be4f0669cb9c5f5d900537f65fed11dc632e0939d1dedcb0d880243 2c15071e4d18cb440f22ce910f64d010fb4b9421ec240755d986e1e38fb7671a
1391 2560 2560 4096 -1 2 -1 5249544e3be4f0669cb9c5f5d900537f65fed11dc632e0939d1dedcb0d880243 2c15071e4d18cb440f22ce910f64d010fb4b9421ec240755d986e1e38fb7671a
1392 2560 4096 -1536 1 0 0 5249544e3be4f0669cb9c5f5d900537f65fed11dc632e0939d1dedcb0d880243 2c15071e4d18cb440f22ce910f64d010fb4b9421ec240755d986e1e38fb7671a
1393 2560 4096 -1536 -1 0 0 5249544e3be4f0669cb9c5f5d900537f65fed11dc632e0939d1dedcb0d880243 2c15071e4d18cb440f22ce910f64d010fb4b9421ec240755d986e1e38fb7671a
1394 2560 4096 -1536 0 1 0 5249544e3be4f0669cb9c5f5d900537f65fed11dc632e0939d1dedcb0d880243 2c15071e4d18cb440f22ce910f64d010fb4b9421ec240755d986e1e38fb7671a
1395 2560 4096 -1536 0 -1 0 5249544e3be4f0669cb9c5f5d900537f65fed11dc632e0939d1dedcb0d880243 2c15071e4d18cb440f22ce910f64d010fb4b9421ec240755d986e1e38fb7671a
1396 2560 4096 -1536 1 1 0 5249544e3be4f0669cb9c5f5d900537f65fed11dc632e0939d1dedcb0d880243 2c15071e4d18cb440f22ce910f64d010fb4b9421ec240755d986e1e38fb7671a
1397 2560 4096 -1536 1 -1 0 5249544e3be4f0669cb9c5f5d900537f65fed11dc632e0939d1dedcb0d880243 2c15071e4d18cb440f22ce910f64d010fb4b9421ec240755d986e1e38fb7671a
1398 2560 4096 -1536 2 1 -1 5249544e3be4f0669cb9c5f5d900537f65fed11dc632e0939d1dedcb0d880243 2c15071e4d18cb440f22ce910f64d010fb4b9421ec240755d986e1e38fb7671a
1399 2560 4096 -1536 -1 2 -1 5249544e3be4f0669cb9c5f5d900537f65fed11dc632e0939d1dedcb0d880243 2c15071e4d18cb440f22ce910f64d010fb4b9421ec240755d986e1e38fb7671a
1400 2560 4096 -512 1 0 0 5249544e3be4f0669cb9c5f5d900537f65fed11dc632e0939d1dedcb0d880243 2c15071e4d18cb440f22ce910f64d010fb4b9421ec240755d986e1e38fb7671a
1401 2560 4096 -512 -1 0 0 5249544e3be4f0669cb9c5f5d900537f65fed11dc632e0939d1dedcb0d880243 2c15071e4d18cb440f22ce910f64d010fb4b9421ec240755d986e1e38fb7671a
1402 2560 4096 -512 0 1 0 5249544e3be4f0669cb9c5f5d900537f65fed11dc632e0939d1dedcb0d880243 2c15071e4d18cb440f22ce910f64d010fb4b9421ec240755d986e1e38fb7671a
1403 2560 4096 -512 0 -1 0 b96397ba4d709b00c22eb1d5dd9850aeec3ba9787eed48bca3607ff3f78f0670 39ffa2f9d5272abc9f78442755ca177e8cb44d3469f100767c8bffb17c16428c
1404 2560 4096 -512 1 1 0 5249544e3be4f0669cb9c5f5d900537f65fed11dc632e0939d1dedcb0d880243 2c15071e4d18cb440f22ce910f64d010fb4b9421ec240755d986e1e38fb7671a
1405 2560 4096 -512 1 -1 0 5249544e3be4f0669cb9c5f5d900537f65fed11dc632e0939d1dedcb0d880243 2c15071e4d18cb440f22ce910f64d010fb4b9421ec240755d986e1e38fb7671a
1406 2560 4096 -512 2 1 -1 5249544e3be4f0669cb9c5f5d900537f65fed11dc632e0939d1dedcb0d880243 2c15071e4d18cb440f22ce910f64d010fb4b9421ec240755d986e1e38fb7671a
1407 2560 4096 -512 -1 2 -1 5249544e3be4f0669cb9c5f5d900537f65fed11dc632e0939d1dedcb0d880243 2c15071e4d18cb440f22ce910f64d010fb4b9421ec240755d986e1e38fb7671a
1408 2560 4096 512 1 0 0 5249544e3be4f0669cb9c5f5d900537f65fed11dc632e0939d1dedcb0d880243 2c15071e4d18cb440f22ce910f64d010fb4b9421ec240755d986e1e38fb7671a
1409 2560 4096 512 -1 0 0 5249544e3be4f0669cb9c5f5d900537f65fed11dc632e0939d1dedcb0d880243 2c15071e4d18cb440f22ce910f64d010fb4b9421ec240755d986e1e38fb7671a
1410 2560 4096 512 0 1 0 5249544e3be4f0669cb9c5f5d900537f65fed11dc632e0939d1dedcb0d880243 2c15071e4d18cb440f22ce910f64d010fb4b9421ec240755d986e1e38fb7671a
1411 2560 4096 512 0 -1 0 de2315fd7c01039154b02f7e227fda21eea7a0ef9a4d167f2c95f69bdd6daad3 58ff9cc3a370b73242b7612c47e87fe7aa544fd19cd2e0a7fb97026ec9a5190b
1412 2560 4096 512 1 1 0 5249544e3be4f0669cb9c5f5d900537f65fed11dc632e0939d1dedcb0d880243 2c15071e4d18cb440f22ce910f64d010fb4b9421ec240755d986e1e38fb7671a
1413 2560 4096 512 1 -1 0 5249544e3be4f0669cb9c5f5d900537f65fed11dc632e0939d1dedcb0d880243 2c15071e4d18cb440f22ce910f64d010fb4b9421ec240755d986e1e38fb7671a
1414 2560 4096 512 2 1 -1 5249544e3be4f0669cb9c5f5d900537f65fed11dc632e0939d1dedcb0d880243 2c15071e4d18cb440f22ce910f64d010fb4b9421ec240755d986e1e38fb7671a
1415 2560 4096 512 -1 2 -1 5249544e3be4f0669cb9c5f5d900537f65fed11dc632e0939d1dedcb0d880243 2c15071e4d18cb440f22ce910f64d010fb4b9421ec240755d986e1e38fb7671a
1416 2560 4096 1536 1 0 0 5249544e3be4f0669cb9c5f5d900537f65fed11dc632e0939d1dedcb0d880243 2c15071e4d18cb440f22ce910f64d010fb4b9421ec240755d986e1e38fb7671a
1417 2560 4096 1536 -1 0 0 5249544e3be4f0669cb9c5f5d900537f65fed11dc632e0939d1dedcb0d880243 2c15071e4d18cb440f22ce910f64d010fb4b9421ec240755d986e1e38fb7671a
1418 2560 4096 1536 0 1 0 5249544e3be4f0669cb9c5f5d900537f65fed11dc632e0939d1dedcb0d880243 2c15071e4d18cb440f22ce910f64d010fb4b9421ec240755d986e1e38fb7671a
1419 2560 4096 1536 0 -1 0 04f13de556e4daab20691357423e56f4850b801fafed3077e04e322331207841 8c67920588e929d8c98e4f17f5358441fc8ad7b8980fd13b9bd76b833f0fc23f
1420 2560 4096 1536 1 1 0 5249544e3be4f0669cb9c5f5d900537f65fed11dc632e0939d1dedcb0d880243 2c15071e4d18cb440f22ce910f64d010fb4b9421ec240755d986e1e38fb7671a
1421 2560 4096 1536 1 -1 0 5249544e3be4f0669cb9c5f5d900537f65fed11dc632e0939d1dedcb0d880243 2c15071e4d18cb440f22ce910f64d010fb4b9421ec240755d986e1e38fb7671a
1422 2560 4096 1536 2 1 -1 5249544e3be4f0669cb9c5f5d900537f65fed11dc632e0939d1dedcb0d880243 2c15071e4d18cb440f22ce910f64d010fb4b9421ec240755d986e1e38fb7671a
1423 2560 4096 1536 -1 2 -1 5249544e3be4f0669cb9c5f5d900537f65fed11dc632e0939d1dedcb0d880243 2c15071e4d18cb440f22ce910f64d010fb4b9421ec240755d986e1e38fb7671a
1424 2560 4096 2560 1 0 0 5249544e3be4f0669cb9c5f5d900537f65fed11dc632e0939d1dedcb0d880243 2c15071e4d18cb440f22ce910f64d010fb4b9421ec240755d986e1e38fb7671a
1425 2560 4096 2560 -1 0 0 5249544e3be4f0669cb9c5f5d900537f65fed11dc632e0939d1dedcb0d880243 2c15071e4d18cb440f22ce910f64d010fb4b9421ec240755d986e1e38fb7671a
1426 2560 4096 2560 0 1 0 5249544e3be4f0669cb9c5f5d900537f65fed11dc632e0939d1dedcb0d880243 2c15071e4d18cb440f22ce910f64d010fb4b9421ec240755d986e1e38fb7671a
1427 2560 4096 2560 0 -1 0 6ae9a5052264f83f44b40323261e814812a1ee236514dec8e7c22ddd4ea59dea 6ee14de52be76cc840cdd30dcc2ab49e0c8efda0fde8135d7205cae993c8449f
1428 2560 4096 2560 1 1 0 5249544e3be4f0669cb9c5f5d900537f65fed11dc632e0939d1dedcb0d880243 2c15071e4d18cb440f22ce910f64d010fb4b9421ec240755d986e1e38fb7671a
1429 2560 4096 2560 1 -1 0 5249544e3be4f0669cb9c5f5d900537f65fed11dc632e0939d1dedcb0d880243 2c15071e4d18cb440f22ce910f64d010fb4b9421ec240755d986e1e38fb7671a
1430 2560 4096 2560 2 1 -1 5249544e3be4f0669cb9c5f5d900537f65fed11dc632e0939d1dedcb0d880243 2c15071e4d18cb440f22ce910f64d010fb4b9421ec240755d986e1e38fb7671a
1431 2560 4096 2560 -1 2 -1 5249544e3be4f0669cb9c5f5d900537f65fed11dc632e0939d1dedcb0d880243 2c15071e4d18cb440f22ce910f64d010fb4b9421ec240755d986e1e38fb7671a
1432 2560 4096 4096 1 0 0 5249544e3be4f0669cb9c5f5d900537f65fed11dc632e0939d1dedcb0d880243 2c15071e4d18cb440f22ce910f64d010fb4b9421ec240755d986e1e38fb7671a
1433 2560 4096 4096 -1 0 0 5249544e3be4f0669cb9c5f5d900537f65fed11dc632e0939d1dedcb0d880243 2c15071e4d18cb440f22ce910f64d010fb4b9421ec240755d986e1e38fb7671a
1434 2560 4096 4096 0 1 0 5249544e3be4f0669cb9c5f5d900537f65fed11dc632e0939d1dedcb0d880243 2c15071e4d18cb440f22ce910f64d010fb4b9421ec240755d986e1e38fb7671a
1435 2560 4096 4096 0 -1 0 5249544e3be4f0669cb9c5f5d900537f65fed11dc632e0939d1dedcb0d880243 2c15071e4d18cb440f22ce910f64d010fb4b9421ec240755d986e1e38fb7671a
1436 2560 4096 4096 1 1 0 5249544e3be4f0669cb9c5f5d900537f65fed11dc632e0939d1dedcb0d880243 2c15071e4d18cb440f22ce910f64d010fb4b9421ec240755d986e1e38fb7671a
1437 2560 4096 4096 1 -1 0 5249544e3be4f0669cb9c5f5d900537f65fed11dc632e0939d1dedcb0d880243 2c15071e4d18cb440f22ce910f64d010fb4b9421ec240755d986e1e38fb7671a
1438 2560 4096 4096 2 1 -1 5249544e3be4f0669cb9c5f5d900537f65fed11dc632e0939d1dedcb0d880243 2c15071e4d18cb440f22ce910f64d010fb4b9421ec240755d986e1e38fb7671a
1439 2560 4096 4096 -1 2 -1 5249544e3be4f0669cb9c5f5d900537f65fed11dc632e0939d1dedcb0d880243 2c15071e4d18cb440f22ce910f64d010fb4b9421ec240755d986e1e38fb7671a
1440 4096 -1536 -1536 1 0 0 5249544e3be4f0669cb9c5f5d900537f65fed11dc632e0939d1dedcb0d880243 2c15071e4d18cb440f22ce910f64d010fb4b9421ec240755d986e1e38fb7671a
1441 4096 -1536 -1536 -1 0 0 5249544e3be4f0669cb9c5f5d900537f65fed11dc632e0939d1dedcb0d880243 2c15071e4d18cb440f22ce910f64d010fb4b9421ec240755d986e1e38fb7671a
1442 4096 -1536 -1536 0 1 0 5249544e3be4f0669cb9c5f5d900537f65fed11dc632e0939d1dedcb0d880243 2c15071e4d18cb440f22ce910f64d010fb4b9421ec240755d986e1e38fb7671a
1443 4096 -1536 -1536 0 -1 0 5249544e3be4f0669cb9c5f5d900537f65fed11dc632e0939d1dedcb0d880243 2c15071e4d18cb440f22ce910f64d010fb4b9421ec240755d986e1e38fb7671a
1444 4096 -1536 -1536 1 1 0 5249544e3be4f0669cb9c5f5d900537f65fed11dc632e0939d1dedcb0d880243 2c15071e4d18cb440f22ce910f64d010fb4b9421ec240755d986e1e38fb7671a
1445 4096 -1536 -1536 1 -1 0 5249544e3be4f0669cb9c5f5d900537f65fed11dc632e0939d1dedcb0d880243 2c15071e4d18cb440f22ce910f64d010fb4b9421ec240755d986e1e38fb7671a
1446 4096 -1536 -1536 2 1 -1 5249544e3be4f0669cb9c5f5d900537f65fed11dc632e0939d1dedcb0d880243 2c15071e4d18cb440f22ce910f64d010fb4b9421ec240755d986e1e38fb7671a
1447 4096 -1536 -1536 -1 2 -1 5249544e3be4f0669cb9c5f5d900537f65fed11dc632e0939d1dedcb0d880243 2c15071e4d18cb440f22ce910f64d010fb4b9421ec240755d986e1e38fb7671a
1448 4096 -1536 -512 1 0 0 5249544e3be4f0669cb9c5f5d900537f65fed11dc632e0939d1dedcb0d880243 2c15071e4d18cb440f22ce910f64d010fb4b9421ec240755d986e1e38fb7671a
1449 4096 -1536 -512 -1 0 0 5249544e3be4f0669cb9c5f5d900537f65fed11dc632e0939d1dedcb0d880243 2c15071e4d18cb440f22ce910f64d010fb4b9421ec240755d986e1e38fb7671a
1450 4096 -1536 -512 0 1 0 eeab8afa2519c73307ef6dc92b5f90d2b5f3c2dffc245ae3faef5b0d37573353 91d5db27899eb43a915f092b63dbe7d48e78c15fde06ceef9fec99a5787c0c7c
1451 4096 -1536 -512 0 -1 0 5249544e3be4f0669cb9c5f5d900537f65fed11dc632e0939d1dedcb0d880243 2c15071e4d18cb440f22ce910f64d010fb4b9421ec240755d986e1e38fb7671a
1452 4096 -1536 -512 1 1 0 5249544e3be4f0669cb9c5f5d900537f65fed11dc632e0939d1dedcb0d880243 2c15071e4d18cb440f22ce910f64d010fb4b9421ec240755d986e1e38fb7671a
1453 4096 -1536 -512 1 -1 0 5249544e3be4f0669cb9c5f5d900537f65fed11dc632e0939d1dedcb0d880243 2c15071e4d18cb440f22ce910f64d010fb4b9421ec240755d986e1e38fb7671a
1454 4096 -1536 -512 2 1 -1 5249544e3be4f0669cb9c5f5d900537f65fed11dc632e0939d1dedcb0d880243 2c15071e4d18cb440f22ce910f64d010fb4b9421ec240755d986e1e38fb7671a
1455 4096 -1536 -512 -1 2 -1 5249544e3be4f0669cb9c5f5d900537f65fed11dc632e0939d1dedcb0d880243 2c15071e4d18cb440f22ce910f64d010fb4b9421ec240755d986e1e38fb7671a
1456 4096 -1536 512 1 0 0 5249544e3be4f0669cb9c5f5d900537f65fed11dc632e0939d1dedcb0d880243 2c15071e4d18cb440f22ce910f64d010fb4b9421ec240755d986e1e38fb7671a
1457 4096 -1536 512 -1 0 0 5249544e3be4f0669cb9c5f5d900537f65fed11dc632e0939d1dedcb0d880243 2c15071e4d18cb440f22ce910f64d010fb4b9421ec240755d986e1e38fb7671a
1458 4096 -1536 512 0 1 0 1086ec9257a654d3f27437ca59f61788dfe76e4131140cea400cd661bc4418d1 4ab44ca7ee5f023514ad9d4bbc38562b636c25a800c4b30b8e7b9ff247d0f072
1459 4096 -1536 512 0 -1 0 5249544e3be4f0669cb9c5f5d900537f65fed11dc632e0939d1dedcb0d880243 2c15071e4d18cb440f22ce910f64d010fb4b9421ec240755d986e1e38fb7671a
1460 4096 -1536 512 1 1 0 5249544e3be4f0669cb9c5f5d900537f65fed11dc632e0939d1dedcb0d880243 2c15071e4d18cb440f22ce910f64d010fb4b9421ec240755d986e1e38fb7671a
1461 4096 -1536 512 1 -1 0 5249544e3be4f0669cb9c5f5d900537f65fed11dc632e0939d1dedcb0d880243 2c15071e4d18cb440f22ce910f64d010fb4b9421ec240755d986e1e38fb7671a
1462 4096 -1536 512 2 1 -1 5249544e3be4f0669cb9c5f5d900537f65fed11dc632e0939d1dedcb0d880243 2c15071e4d18cb440f22ce910f64d010fb4b9421ec240755d986e1e38fb7671a
1463 4096 -1536 512 -1 2 -1 f82b154de54b2f9a7d94c1f6b66b214a3f2231e0d930f557b1e8dd6ddd4444f9 3e5364b5599be8324201171b827f37a7fb2d9764cfdac0cd8798806819774d27
1464 4096 -1536 1536 1 0 0 5249544e3be4f0669cb9c5f5d900537f65fed11dc632e0939d1dedcb0d880243 2c15071e4d18cb440f22ce910f64d010fb4b9421ec240755d986e1e38fb7671a
1465 4096 -1536 1536 -1 0 0 5249544e3be4f0669cb9c5f5d900537f65fed11dc632e0939d1dedcb0d880243 2c15071e4d18cb440f22ce910f64d010fb4b9421ec240755d986e1e38fb7671a
1466 4096 -1536 1536 0 1 0 2377076dfa8c7e41cb1b5d463e67e5638e4d6540fcc6da8b64fe21caa3d0e1d8 9264609a952cbb0c4ff35d147be5fcf936c56bdc5b682d6bc430531dfed78e20
1467 4096 -1536 1536 0 -1 0 5249544e3be4f0669cb9c5f5d900537f65fed11dc632e0939d1dedcb0d880243 2c15071e4d18cb440f22ce910f64d010fb4b9421ec240755d986e1e38fb7671a
1468 4096 -1536 1536 1 1 0 5249544e3be4f0669cb9c5f5d900537f65fed11dc632e0939d1dedcb0d880243 2c15071e4d18cb440f22ce910f64d010fb4b9421ec240755d986e1e38fb7671a
1469 4096 -1536 1536 1 -1 0 5249544e3be4f0669cb9c5f5d900537f65fed11dc632e0939d1dedcb0d880243 2c15071e4d18cb440f22ce910f64d010fb4b9421ec240755d986e1e38fb7671a
1470 4096 -1536 1536 2 1 -1 5249544e3be4f0669cb9c5f5d900537f65fed11dc632e0939d1dedcb0d880243 2c15071e4d18cb440f22ce910f64d010fb4b9421ec240755d986e1e38fb7671a
1471 4096 -1536 1536 -1 2 -1 8f95d9de0a7730c47e12ec48375baf2f6ead13834fd7af731720f694b3c5125b 013b261a79d78f1050d8940baab829ae950264cd424e41745712f79b80bfa328
1472 4096 -1536 2560 1 0 0 5249544e3be4f0669cb9c5f5d900537f65fed11dc632e0939d1dedcb0d880243 2c15071e4d18cb440f22ce910f64d010fb4b9421ec240755d986e1e38fb7671a
1473 4096 -1536 2560 -1 0 0 5249544e3be4f0669cb9c5f5d900537f65fed11dc632e0939d1dedcb0d880243 2c15071e4d18cb440f22ce910f64d010fb4b9421ec240755d986e1e38fb7671a
1474 4096 -1536 2560 0 1 0 3d06ab2eee2b2a08ce8dee50b6f922e9ffa2ba1b64f0d03a22056e95bba77e8c 40d5d14666c72d5c031890c49cc0f1ab41850fa432e5af126df1839d3e7c088f
1475 4096 -1536 2560 0 -1 0 5249544e3be4f0669cb9c5f5d900537f65fed11dc632e0939d1dedcb0d880243 2c15071e4d18cb440f22ce910f64d010fb4b9421ec240755d986e1e38fb7671a
1476 4096 -1536 2560 1 1 0 5249544e3be4f0669cb9c5f5d900537f65fed11dc632e0939d1dedcb0d880243 2c15071e4d18cb440f22ce910f64d010fb4b9421ec240755d986e1e38fb7671a
1477 4096 -1536 2560 1 -1 0 5249544e3be4f0669cb9c5f5d900537f65fed11dc632e0939d1dedcb0d880243 2c15071e4d18cb440f22ce910f64d010fb4b9421ec240755d986e1e38fb7671a
1478 4096 -1536 2560 2 1 -1 5249544e3be4f0669cb9c5f5d900537f65fed11dc632e0939d1dedcb0d880243 2c15071e4d18cb440f22ce910f64d010fb4b9421ec240755d986e1e38fb7671a
1479 4096 -1536 2560 -1 2 -1 7eb9e169f23f78aed1fe81ff185ef78ef6233dbafe8576a60cb6949e087d9993 b5ee4cf052227f4768ae527e90c14e419dd86ba004ba42153c83cc48fbdcdd74
1480 4096 -1536 4096 1 0 0 5249544e3be4f0669cb9c5f5d900537f65fed11dc632e0939d1dedcb0d880243 2c15071e4d18cb440f22ce910f64d010fb4b9421ec240755d986e1e38fb7671a
1481 4096 -1536 4096 -1 0 0 5249544e3be4f0669cb9c5f5d900537f65fed11dc632e0939d1dedcb0d880243 2c15071e4d18cb440f22ce910f64d010fb4b9421ec240755d986e1e38fb7671a
1482 4096 -1536 4096 0 1 0 0da88089288e8dfc4fa0d2a2577e9439da4784a71388156c525e64b81ef5541c a373381343230612c3281481c075122c05b69b3cf9759c156347ee41d6a248cd
1483 4096 -1536 4096 0 -1 0 5249544e3be4f0669cb9c5f5d900537f65fed11dc632e0939d1dedcb0d880243 2c15071e4d18cb440f22ce910f64d010fb4b9421ec240755d986e1e38fb7671a
1484 4096 -1536 4096 1 1 0 5249544e3be4f0669cb9c5f5d900537f65fed11dc632e0939d1dedcb0d880243 2c15071e4d18cb440f22ce910f64d010fb4b9421ec240755d986e1e38fb7671a
1485 4096 -1536 4096 1 -1 0 5249544e3be4f0669cb9c5f5d900537f65fed11dc632e0939d1dedcb0d880243 2c15071e4d18cb440f22ce910f64d010fb4b9421ec240755d986e1e38fb7671a
1486 4096 -1536 4096 2 1 -1 5249544e3be4f0669cb9c5f5d900537f65fed11dc632e0939d1dedcb0d880243 2c15071e4d18cb440f22ce910f64d010fb4b9421ec240755d986e1e38fb7671a
1487 4096 -1536 4096 -1 2 -1 8676e539e07585d189f337beff04d523a7099ecb82231c7a204927acd05a4f14 2c59cde278313b0c8775a18ad70baad42018b9e6a1cc95e8e6784f704ec1f60d
1488 4096 -512 -1536 1 0 0 5249544e3be4f0669cb9c5f5d900537f65fed11dc632e0939d1dedcb0d880243 2c15071e4d18cb440f22ce910f64d010fb4b9421ec240755d986e1e38fb7671a
1489 4096 -512 -1536 -1 0 0 5249544e3be4f0669cb9c5f5d900537f65fed11dc632e0939d1dedcb0d880243 2c15071e4d18cb440f22ce910f64d010fb4b9421ec240755d986e1e38fb7671a
1490 4096 -512 -1536 0 1 0 5249544e3be4f0669cb9c5f5d900537f65fed11dc632e0939d1dedcb0d880243 2c15071e4d18cb440f22ce910f64d010fb4b9421ec240755d986e1e38fb7671a
1491 4096 -512 -1536 0 -1 0 5249544e3be4f0669cb9c5f5d900537f65fed11dc632e0939d1dedcb0d880243 2c15071e4d18cb440f22ce910f64d010fb4b9421ec240755d986e1e38fb7671a
1492 4096 -512 -1536 1 1 0 5249544e3be4f0669cb9c5f5d900537f65fed11dc632e0939d1dedcb0d880243 2c15071e4d18cb440f22ce910f64d010fb4b9421ec240755d986e1e38fb7671a
1493 4096 -512 -1536 1 -1 0 5249544e3be4f0669cb9c5f5d900537f65fed11dc632e0939d1dedcb0d880243 2c15071e4d18cb440f22ce910f64d010fb4b9421ec240755d986e1e38fb7671a
1494 4096 -512 -1536 2 1 -1 5249544e3be4f0669cb9c5f5d900537f65fed11dc632e0939d1dedcb0d880243 2c15071e4d18cb440f22ce910f64d010fb4b9421ec240755d986e1e38fb7671a
1495 4096 -512 -1536 -1 2 -1 5249544e3be4f0669cb9c5f5d900537f65fed11dc632e0939d1dedcb0d880243 2c15071e4d18cb440f22ce910f64d010fb4b9421ec240755d986e1e38fb7671a
1496 4096 -512 -512 1 0 0 5249544e3be4f0669cb9c5f5d900537f65fed11dc632e0939d1dedcb0d880243 2c15071e4d18cb440f22ce910f64d010fb4b9421ec240755d986e1e38fb7671a
1497 4096 -512 -512 -1 0 0 d9081ea2963624c252180073ffc700a4bec20325fe1d67150e5f85e6fe492158 f79228882f8d9880a9f705222fabfce7dcfb9885ccefd85e7cfa93c2ac9ff483
1498 4096 -512 -512 0 1 0 1350866ac415f710f81451067eb6196951d1cb3fcf799e9da2e6cf02042e660d ce6cc8f2e03124b083b810faae5323c7d95d2a8b468723d84a97ad33518055f3
1499 4096 -512 -512 0 -1 0 5249544e3be4f0669cb9c5f5d900537f65fed11dc632e0939d1dedcb0d880243 2c15071e4d18cb440f22ce910f64d010fb4b9421ec240755d986e1e38fb7671a
1500 4096 -512 -512 1 1 0 5249544e3be4f0669cb9c5f5d900537f65fed11dc632e0939d1dedcb0d880243 2c15071e4d18cb440f22ce910f64d010fb4b9421ec240755d986e1e38fb7671a
1501 4096 -512 -512 1 -1 0 5249544e3be4f0669cb9c5f5d900537f65fed11dc632e0939d1dedcb0d880243 2c15071e4d18cb440f22ce910f64d010fb4b9421ec240755d986e1e38fb7671a
1502 4096 -512 -512 2 1 -1 5249544e3be4f0669cb9c5f5d900537f65fed11dc632e0939d1dedcb0d880243 2c15071e4d18cb440f22ce910f64d010fb4b9421ec240755d986e1e38fb7671a
1503 4096 -512 -512 -1 2 -1 5249544e3be4f0669cb9c5f5d900537f65fed11dc632e0939d1dedcb0d880243 2c15071e4d18cb440f22ce910f64d010fb4b9421ec240755d986e1e38fb7671a
1504 4096 -512 512 1 0 0 5249544e3be4f0669cb9c5f5d900537f65fed11dc632e0939d1dedcb0d880243 2c15071e4d18cb440f22ce910f64d010fb4b9421ec240755d986e1e38fb7671a
1505 4096 -512 512 -1 0 0 7d50abda334dc627d39834710148821e4fe9b51b9fa4c32e7f44d2f1372b4aeb fb4c56e41120400be8f0d69e9a8e186edd837de8e68de419d94b9249539f3603
1506 4096 -512 512 0 1 0 39aa7fb5e6375e9851bce2ec13cfaa8d9bab5a6b4a2c24d583800e00ff88eb39 90ab702a11b036a03629417c2a534c023a0254cd75b5902b891101644229875d
1507 4096 -512 512 0 -1 0 5249544e3be4f0669cb9c5f5d900537f65fed11dc632e0939d1dedcb0d880243 2c15071e4d18cb440f22ce910f64d010fb4b9421ec240755d986e1e38fb7671a
1508 4096 -512 512 1 1 0 5249544e3be4f0669cb9c5f5d900537f65fed11dc632e0939d1dedcb0d880243 2c15071e4d18cb440f22ce910f64d010fb4b9421ec240755d986e1e38fb7671a
1509 4096 -512 512 1 -1 0 5249544e3be4f0669cb9c5f5d900537f65fed11dc632e0939d1dedcb0d880243 2c15071e4d18cb440f22ce910f64d010fb4b9421ec240755d986e1e38fb7671a
1510 4096 -512 512 2 1 -1 5249544e3be4f0669cb9c5f5d900537f65fed11dc632e0939d1dedcb0d880243 2c15071e4d18cb440f22ce910f64d010fb4b9421ec240755d986e1e38fb7671a
1511 4096 -512 512 -1 2 -1 d82d02c75ddb5ac33ea7390ccd6464f921c88ae9d9c77ec12f6385504619f7b6 15f5a06ac481427fac8ad1cd35163f8dabbc3870fa415657afd5327fab3744f1
1512 4096 -512 1536 1 0 0 5249544e3be4f0669cb9c5f5d900537f65fed11dc632e0939d1dedcb0d880243 2c15071e4d18cb440f22ce910f64d010fb4b9421ec240755d986e1e38fb7671a
1513 4096 -512 1536 -1 0 0 4fdd99b13dbea9c6d54a0057aa2b8ecbe42f2d4097c0cd324d8078561b8b84f7 75a522fa8c17cace7a9d3f30df8756283552ca2dba409627ca89171d4a70b600
1514 4096 -512 1536 0 1 0 ec34ec0c2ce7f5a4ecf1173b0062731ddf3f53f76016d0ebe864021b75f19c79 3baa7327764821bd784f20029f5402a309c0a26d841f0385900d56661ad70bd2
1515 4096 -512 1536 0 -1 0 5249544e3be4f0669cb9c5f5d900537f65fed11dc632e0939d1dedcb0d880243 2c15071e4d18cb440f22ce910f64d010fb4b9421ec240755d986e1e38fb7671a
1516 4096 -512 1536 1 1 0 5249544e3be4f0669cb9c5f5d900537f65fed11dc632e0939d1dedcb0d880243 2c15071e4d18cb440f22ce910f64d010fb4b9421ec240755d986e1e38fb7671a
1517 4096 -512 1536 1 -1 0 5249544e3be4f0669cb9c5f5d900537f65fed11dc632e0939d1dedcb0d880243 2c15071e4d18cb440f22ce910f64d010fb4b9421ec240755d986e1e38fb7671a
1518 4096 -512 1536 2 1 -1 5249544e3be4f0669cb9c5f5d900537f65fed11dc632e0939d1dedcb0d880243 2c15071e4d18cb440f22ce910f64d010fb4b9421ec240755d986e1e38fb7671a
1519 4096 -512 1536 -1 2 -1 b6e33e1e47caa7ba7d1d848aecf7c25ddb01ea3a4c958a3b60682821f15e145a a882a4dffbad64f2439434f1856a8832e7df15c428faa3179214057dee79a7e1
1520 4096 -512 2560 1 0 0 5249544e3be4f0669cb9c5f5d900537f65fed11dc632e0939d1dedcb0d880243 2c15071e4d18cb440f22ce910f64d010fb4b9421ec240755d986e1e38fb7671a
1521 4096 -512 2560 -1 0 0 ef0e52ee7e95ab7eadc2b127ef9ff1d3c9ac9aa68b0635a59f1693a5aa39ce9b eb1ae557507ddc678c66726f8f3eb62ec93362465b4680903f378a9a041f4786
1522 4096 -512 2560 0 1 0 b20097c8a3d23becab3a6b8d341c1a94f3bd6abc08b154a0a8f93c4dbc570249 34873c8d06744b0e660235114b32b3dc0a2f469a43ce256d0b4ac500444ee433
1523 4096 -512 2560 0 -1 0 5249544e3be4f0669cb9c5f5d900537f65fed11dc632e0939d1dedcb0d880243 2c15071e4d18cb440f22ce910f64d010fb4b9421ec240755d986e1e38fb7671a
1524 4096 -512 2560 1 1 0 5249544e3be4f0669cb9c5f5d900537f65fed11dc632e0939d1dedcb0d880243 2c15071e4d18cb440f22ce910f64d010fb4b9421ec240755d986e1e38fb7671a
1525 4096 -512 2560 1 -1 0 5249544e3be4f0669cb9c5f5d900537f65fed11dc632e0939d1dedcb0d880243 2c15071e4d18cb440f22ce910f64d010fb4b9421ec240755d986e1e38fb7671a
1526 4096 -512 2560 2 1 -1 5249544e3be4f0669cb9c5f5d900537f65fed11dc632e0939d1dedcb0d880243 2c15071e4d18cb440f22ce910f64d010fb4b9421ec240755d986e1e38fb7671a
1527 4096 -512 2560 -1 2 -1 402fd721364ae56e295861eb49b992400d33887d899d429ad06ae16a7bb53f64 8a272b4634624e070492bbbff99a8c8010ae8c7e56892947bf8f14167a308453
1528 4096 -512 4096 1 0 0 5249544e3be4f0669cb9c5f5d900537f65fed11dc632e0939d1dedcb0d880243 2c15071e4d18cb440f22ce910f64d010fb4b9421ec240755d986e1e38fb7671a
1529 4096 -512 4096 -1 0 0 5249544e3be4f0669cb9c5f5d900537f65fed11dc632e0939d1dedcb0d880243 2c15071e4d18cb440f22ce910f64d010fb4b9421ec240755d986e1e38fb7671a
1530 4096 -512 4096 0 1 0 5249544e3be4f0669cb9c5f5d900537f65fed11dc632e0939d1dedcb0d880243 2c15071e4d18cb440f22ce910f64d010fb4b9421ec240755d986e1e38fb7671a
1531 4096 -512 4096 0 -1 0 5249544e3be4f0669cb9c5f5d900537f65fed11dc632e0939d1dedcb0d880243 2c15071e4d18cb440f22ce910f64d010fb4b9421ec240755d986e1e38fb7671a
1532 4096 -512 4096 1 1 0 5249544e3be4f0669cb9c5f5d900537f65fed11dc632e0939d1dedcb0d880243 2c15071e4d18cb440f22ce910f64d010fb4b9421ec240755d986e1e38fb7671a
1533 4096 -512 4096 1 -1 0 5249544e3be4f0669cb9c5f5d900537f65fed11dc632e0939d1dedcb0d880243 2c15071e4d18cb440f22ce910f64d010fb4b9421ec240755d986e1e38fb7671a
1534 4096 -512 4096 2 1 -1 5249544e3be4f0669cb9c5f5d900537f65fed11dc632e0939d1dedcb0d880243 2c15071e4d18cb440f22ce910f64d010fb4b9421ec240755d986e1e38fb7671a
1535 4096 -512 4096 -1 2 -1 08d4a1e85cd76ef52f05eacc86c22b87d45938a9f02a976867d16fc5849dc439 8a5993cf8a1ad029a3003e955198f24ca7e11e7693c6c8344619d3d0b2682807
1536 4096 512 -1536 1 0 0 5249544e3be4f0669cb9c5f5d900537f65fed11dc632e0939d1dedcb0d880243 2c15071e4d18cb440f22ce910f64d010fb4b9421ec240755d986e1e38fb7671a
1537 4096 512 -1536 -1 0 0 5249544e3be4f0669cb9c5f5d900537f65fed11dc632e0939d1dedcb0d880243 2c15071e4d18cb440f22ce910f64d010fb4b9421ec240755d986e1e38fb7671a
1538 4096 512 -1536 0 1 0 5249544e3be4f0669cb9c5f5d900537f65fed11dc632e0939d1dedcb0d880243 2c15071e4d18cb440f22ce910f64d010fb4b9421ec240755d986e1e38fb7671a
1539 4096 512 -1536 0 -1 0 5249544e3be4f0669cb9c5f5d900537f65fed11dc632e0939d1dedcb0d880243 2c15071e4d18cb440f22ce910f64d010fb4b9421ec240755d986e1e38fb7671a
1540 4096 512 -1536 1 1 0 5249544e3be4f0669cb9c5f5d900537f65fed11dc632e0939d1dedcb0d880243 2c15071e4d18cb440f22ce910f64d010fb4b9421ec240755d986e1e38fb7671a
1541 4096 512 -1536 1 -1 0 5249544e3be4f0669cb9c5f5d900537f65fed11dc632e0939d1dedcb0d880243 2c15071e4d18cb440f22ce910f64d010fb4b9421ec240755d986e1e38fb7671a
1542 4096 512 -1536 2 1 -1 5249544e3be4f0669cb9c5f5d900537f65fed11dc632e0939d1dedcb0d880243 2c15071e4d18cb440f22ce910f64d010fb4b9421ec240755d986e1e38fb7671a
1543 4096 512 -1536 -1 2 -1 5249544e3be4f0669cb9c5f5d900537f65fed11dc632e0939d1dedcb0d880243 2c15071e4d18cb440f22ce910f64d010fb4b9421ec240755d986e1e38fb7671a
1544 4096 512 -512 1 0 0 5249544e3be4f0669cb9c5f5d900537f65fed11dc632e0939d1dedcb0d880243 2c15071e4d18cb440f22ce910f64d010fb4b9421ec240755d986e1e38fb7671a
1545 4096 512 -512 -1 0 0 20790a766b92c5e9b08a03e4f7dabb8ca7d26abb7d3a6fb6863c97a86d54039e 39ffa2f9d5272abc9f78442755ca177e8cb44d3469f100767c8bffb17c16428c
1546 4096 512 -512 0 1 0 5249544e3be4f0669cb9c5f5d900537f65fed11dc632e0939d1dedcb0d880243 2c15071e4d18cb440f22ce910f64d010fb4b9421ec240755d986e1e38fb7671a
1547 4096 512 -512 0 -1 0 5249544e3be4f0669cb9c5f5d900537f65fed11dc632e0939d1dedcb0d880243 2c15071e4d18cb440f22ce910f64d010fb4b9421ec240755d986e1e38fb7671a
1548 4096 512 -512 1 1 0 5249544e3be4f0669cb9c5f5d900537f65fed11dc632e0939d1dedcb0d880243 2c15071e4d18cb440f22ce910f64d010fb4b9421ec240755d986e1e38fb7671a
1549 4096 512 -512 1 -1 0 5249544e3be4f0669cb9c5f5d900537f65fed11dc632e0939d1dedcb0d880243 2c15071e4d18cb440f22ce910f64d010fb4b9421ec240755d986e1e38fb7671a
1550 4096 512 -512 2 1 -1 5249544e3be4f0669cb9c5f5d900537f65fed11dc632e0939d1dedcb0d880243 2c15071e4d18cb440f22ce910f64d010fb4b9421ec240755d986e1e38fb7671a
1551 4096 512 -512 -1 2 -1 5249544e3be4f0669cb9c5f5d900537f65fed11dc632e0939d1dedcb0d880243 2c15071e4d18cb440f22ce910f64d010fb4b9421ec240755d986e1e38fb7671a
1552 4096 512 512 1 0 0 5249544e3be4f0669cb9c5f5d900537f65fed11dc632e0939d1dedcb0d880243 2c15071e4d18cb440f22ce910f64d010fb4b9421ec240755d986e1e38fb7671a
1553 4096 512 512 -1 0 0 94bbc8f823e46f9f280129ec81a853a3c8081222f6faf47a80a685eaef02f48a 125d3e544cf9798273b390fa0c75ae100b34bbb0e956b34c78f873eb91fa5a0f
1554 4096 512 512 0 1 0 5249544e3be4f0669cb9c5f5d900537f65fed11dc632e0939d1dedcb0d880243 2c15071e4d18cb440f22ce910f64d010fb4b9421ec240755d986e1e38fb7671a
1555 4096 512 512 0 -1 0 5249544e3be4f0669cb9c5f5d900537f65fed11dc632e0939d1dedcb0d880243 2c15071e4d18cb440f22ce910f64d010fb4b9421ec240755d986e1e38fb7671a
1556 4096 512 512 1 1 0 5249544e3be4f0669cb9c5f5d900537f65fed11dc632e0939d1dedcb0d880243 2c15071e4d18cb440f22ce910f64d010fb4b9421ec240755d986e1e38fb7671a
1557 4096 512 512 1 -1 0 5249544e3be4f0669cb9c5f5d900537f65fed11dc632e0939d1dedcb0d880243 2c15071e4d18cb440f22ce910f64d010fb4b9421ec240755d986e1e38fb7671a
1558 4096 512 512 2 1 -1 5249544e3be4f0669cb9c5f5d900537f65fed11dc632e0939d1dedcb0d880243 2c15071e4d18cb440f22ce910f64d010fb4b9421ec240755d986e1e38fb7671a
1559 4096 512 512 -1 2 -1 e6048fc90c695a43465a0da268f6ed18f45a0568dc451aed76820d929235ac62 d56b54d9e288eb53f18e70e6f6b5384490de21270480c9af8250659a877f3e2f
1560 4096 512 1536 1 0 0 5249544e3be4f0669cb9c5f5d900537f65fed11dc632e0939d1dedcb0d880243 2c15071e4d18cb440f22ce910f64d010fb4b9421ec240755d986e1e38fb7671a
1561 4096 512 1536 -1 0 0 ae4bd21aa0f4ed20d63c31f9e1bfd46ec83d95c9c00c81e04795c14e35524ee5 453a28e6c857e09bc76e27ab6b1373129fe8d92eb1ba54b0ce38608aa7dba0c3
1562 4096 512 1536 0 1 0 5249544e3be4f0669cb9c5f5d900537f65fed11dc632e0939d1dedcb0d880243 2c15071e4d18cb440f22ce910f64d010fb4b9421ec240755d986e1e38fb7671a
1563 4096 512 1536 0 -1 0 5249544e3be4f0669cb9c5f5d900537f65fed11dc632e0939d1dedcb0d880243 2c15071e4d18cb440f22ce910f64d010fb4b9421ec240755d986e1e38fb7671a
1564 4096 512 1536 1 1 0 5249544e3be4f0669cb9c5f5d900537f65fed11dc632e0939d1dedcb0d880243 2c15071e4d18cb440f22ce910f64d010fb4b9421ec240755d986e1e38fb7671a
1565 4096 512 1536 1 -1 0 5249544e3be4f0669cb9c5f5d900537f65fed11dc632e0939d1dedcb0d880243 2c15071e4d18cb440f22ce910f64d010fb4b9421ec240755d986e1e38fb7671a
1566 4096 512 1536 2 1 -1 5249544e3be4f0669cb9c5f5d900537f65fed11dc632e0939d1dedcb0d880243 2c15071e4d18cb440f22ce910f64d010fb4b9421ec240755d986e1e38fb7671a
1567 4096 512 1536 -1 2 -1 1cff1ff3b120f4f3e3227720d4d5945066447a9d48d80261ba1796a4cce60592 520ee07a8603824e06c6409c43950450f47bc9e5cbf3cf12f87b51c75d9208fa
1568 4096 512 2560 1 0 0 5249544e3be4f0669cb9c5f5d900537f65fed11dc632e0939d1dedcb0d880243 2c15071e4d18cb440f22ce910f64d010fb4b9421ec240755d986e1e38fb7671a
1569 4096 512 2560 -1 0 0 f81a93f0b8295cab1e64d38426e1ff9b059cc0062087d15ad31c1b19b77f3f7d 0db5dc6905e578f0c78c47c63a5673883fbd7e701094aec1b1cec15f9cf487b6
1570 4096 512 2560 0 1 0 5249544e3be4f0669cb9c5f5d900537f65fed11dc632e0939d1dedcb0d880243 2c15071e4d18cb440f22ce910f64d010fb4b9421ec240755d986e1e38fb7671a
1571 4096 512 2560 0 -1 0 5249544e3be4f0669cb9c5f5d900537f65fed11dc632e0939d1dedcb0d880243 2c15071e4d18cb440f22ce910f64d010fb4b9421ec240755d986e1e38fb7671a
1572 4096 512 2560 1 1 0 5249544e3be4f0669cb9c5f5d900537f65fed11dc632e0939d1dedcb0d880243 2c15071e4d18cb440f22ce910f64d010fb4b9421ec240755d986e1e38fb7671a
1573 4096 512 2560 1 -1 0 5249544e3be4f0669cb9c5f5d900537f65fed11dc632e0939d1dedcb0d880243 2c15071e4d18cb440f22ce910f64d010fb4b9421ec240755d986e1e38fb7671a
1574 4096 512 2560 2 1 -1 5249544e3be4f0669cb9c5f5d900537f65fed11dc632e0939d1dedcb0d880243 2c15071e4d18cb440f22ce910f64d010fb4b9421ec240755d986e1e38fb7671a
1575 4096 512 2560 -1 2 -1 aa37b11dcd6d3f5b94017e03ae2239dd27ed52a59d643aaeaab13d09a444aa36 4441d364b11ad10e822ec9c62bfb8c5e011dfe363f7dde1cb244f49fe405a876
1576 4096 512 4096 1 0 0 5249544e3be4f0669cb9c5f5d900537f65fed11dc632e0939d1dedcb0d880243 2c15071e4d18cb440f22ce910f64d010fb4b9421ec240755d986e1e38fb7671a
1577 4096 512 4096 -1 0 0 5249544e3be4f0669cb9c5f5d900537f65fed11dc632e0939d1dedcb0d880243 2c15071e4d18cb440f22ce910f64d010fb4b9421ec240755d986e1e38fb7671a
1578 4096 512 4096 0 1 0 5249544e3be4f0669cb9c5f5d900537f65fed11dc632e0939d1dedcb0d880243 2c15071e4d18cb440f22ce910f64d010fb4b9421ec240755d986e1e38fb7671a
1579 4096 512 4096 0 -1 0 5249544e3be4f0669cb9c5f5d900537f65fed11dc632e0939d1dedcb0d880243 2c15071e4d18cb440f22ce910f64d010fb4b9421ec240755d986e1e38fb7671a
1580 4096 512 4096 1 1 0 5249544e3be4f0669cb9c5f5d900537f65fed11dc632e0939d1dedcb0d880243 2c15071e4d18cb440f22ce910f64d010fb4b9421ec240755d986e1e38fb7671a
1581 4096 512 4096 1 -1 0 5249544e3be4f0669cb9c5f5d900537f65fed11dc632e0939d1dedcb0d880243 2c15071e4d18cb440f22ce910f64d010fb4b9421ec240755d986e1e38fb7671a
1582 4096 512 4096 2 1 -1 5249544e3be4f0669cb9c5f5d900537f65fed11dc632e0939d1dedcb0d880243 2c15071e4d18cb440f22ce910f64d010fb4b9421ec240755d986e1e38fb7671a
1583 4096 512 4096 -1 2 -1 6fa1fb50f5eaea8679a4a8be9f140873b2c9b32076cb553f85752b2fb9cfa040 a511c3c58277740067c699a8abe183e43d659cd5da3951d70208a9ab42791bfd
1584 4096 1536 -1536 1 0 0 5249544e3be4f0669cb9c5f5d900537f65fed11dc632e0939d1dedcb0d880243 2c15071e4d18cb440f22ce910f64d010fb4b9421ec240755d986e1e38fb7671a
1585 4096 1536 -1536 -1 0 0 5249544e3be4f0669cb9c5f5d900537f65fed11dc632e0939d1dedcb0d880243 2c15071e4d18cb440f22ce910f64d010fb4b9421ec240755d986e1e38fb7671a
1586 4096 1536 -1536 0 1 0 5249544e3be4f0669cb9c5f5d900537f65fed11dc632e0939d1dedcb0d880243 2c15071e4d18cb440f22ce910f64d010fb4b9421ec240755d986e1e38fb7671a
1587 4096 1536 -1536 0 -1 0 5249544e3be4f0669cb9c5f5d900537f65fed11dc632e0939d1dedcb0d880243 2c15071e4d18cb440f22ce910f64d010fb4b9421ec240755d986e1e38fb7671a
1588 4096 1536 -1536 1 1 0 5249544e3be4f0669cb9c5f5d900537f65fed11dc632e0939d1dedcb0d880243 2c15071e4d18cb440f22ce910f64d010fb4b9421ec240755d986e1e38fb7671a
1589 4096 1536 -1536 1 -1 0 5249544e3be4f0669cb9c5f5d900537f65fed11dc632e0939d1dedcb0d880243 2c15071e4d18cb440f22ce910f64d010fb4b9421ec240755d986e1e38fb7671a
1590 4096 1536 -1536 2 1 -1 5249544e3be4f0669cb9c5f5d900537f65fed11dc632e0939d1dedcb0d880243 2c15071e4d18cb440f22ce910f64d010fb4b9421ec240755d986e1e38fb7671a
1591 4096 1536 -1536 -1 2 -1 5249544e3be4f0669cb9c5f5d900537f65fed11dc632e0939d1dedcb0d880243 2c15071e4d18cb440f22ce910f64d010fb4b9421ec240755d986e1e38fb7671a
1592 4096 1536 -512 1 0 0 5249544e3be4f0669cb9c5f5d900537f65fed11dc632e0939d1dedcb0d880243 2c15071e4d18cb440f22ce910f64d010fb4b9421ec240755d986e1e38fb7671a
1593 4096 1536 -512 -1 0 0 26172f5d7fd8bbb978c77723b3e8126bd569636578778b8c4bf9660afcfd7f85 7ccba126385317635e79fbf0c2924346379dec7904959005bf37a360d5abfe35
1594 4096 1536 -512 0 1 0 5249544e3be4f0669cb9c5f5d900537f65fed11dc632e0939d1dedcb0d880243 2c15071e4d18cb440f22ce910f64d010fb4b9421ec240755d986e1e38fb7671a
1595 4096 1536 -512 0 -1 0 5249544e3be4f0669cb9c5f5d900537f65fed11dc632e0939d1dedcb0d880243 2c15071e4d18cb440f22ce910f64d010fb4b9421ec240755d986e1e38fb7671a
1596 4096 1536 -512 1 1 0 5249544e3be4f0669cb9c5f5d900537f65fed11dc632e0939d1dedcb0d880243 2c15071e4d18cb440f22ce910f64d010fb4b9421ec240755d986e1e38fb7671a
1597 4096 1536 -512 1 -1 0 5249544e3be4f0669cb9c5f5d900537f65fed11dc632e0939d1dedcb0d880243 2c15071e4d18cb440f22ce910f64d010fb4b9421ec240755d986e1e38fb7671a
1598 4096 1536 -512 2 1 -1 5249544e3be4f0669cb9c5f5d900537f65fed11dc632e0939d1dedcb0d880243 2c15071e4d18cb440f22ce910f64d010fb4b9421ec240755d986e1e38fb7671a
1599 4096 1536 -512 -1 2 -1 5249544e3be4f0669cb9c5f5d900537f65fed11dc632e0939d1dedcb0d880243 2c15071e4d18cb440f22ce910f64d010fb4b9421ec240755d986e1e38fb7671a
1600 4096 1536 512 1 0 0 5249544e3be4f0669cb9c5f5d900537f65fed11dc632e0939d1dedcb0d880243 2c15071e4d18cb440f22ce910f64d010fb4b9421ec240755d986e1e38fb7671a
1601 4096 1536 512 -1 0 0 bf885ea929ab3bf66358050d81b19f5c7eb25dda85b06d2be37eb1dfe6938c19 2016363e6e0f9ecf3dffd9e011ed649bdb6815148aa52e253daea970475707db
1602 4096 1536 512 0 1 0 5249544e3be4f0669cb9c5f5d900537f65fed11dc632e0939d1dedcb0d880243 2c15071e4d18cb440f22ce910f64d010fb4b9421ec240755d986e1e38fb7671a
1603 4096 1536 512 0 -1 0 5249544e3be4f0669cb9c5f5d900537f65fed11dc632e0939d1dedcb0d880243 2c15071e4d18cb440f22ce910f64d010fb4b9421ec240755d986e1e38fb7671a
1604 4096 1536 512 1 1 0 5249544e3be4f0669cb9c5f5d900537f65fed11dc632e0939d1dedcb0d880243 2c15071e4d18cb440f22ce910f64d010fb4b9421ec240755d986e1e38fb7671a
1605 4096 1536 512 1 -1 0 5249544e3be4f0669cb9c5f5d900537f65fed11dc632e0939d1dedcb0d880243 2c15071e4d18cb440f22ce910f64d010fb4b9421ec240755d986e1e38fb7671a
1606 4096 1536 512 2 1 -1 5249544e3be4f0669cb9c5f5d900537f65fed11dc632e0939d1dedcb0d880243 2c15071e4d18cb440f22ce910f64d010fb4b9421ec240755d986e1e38fb7671a
1607 4096 1536 512 -1 2 -1 668d73bf75ab78dafc32e2bb81a6e171800193d8add347b9bb7abfabb75644fc a6b59378776765bab7ab1b51e47e6f670e9c2bc141088e5a5664e604c92f8175
1608 4096 1536 1536 1 0 0 5249544e3be4f0669cb9c5f5d900537f65fed11dc632e0939d1dedcb0d880243 2c15071e4d18cb440f22ce910f64d010fb4b9421ec240755d986e1e38fb7671a
1609 4096 1536 1536 -1 0 0 8b0b6494e9c617e01394d819d37bf7bec071e3b620c5ec3185fd8bd76231623d 3e573a04957cc4d6d39145f0944e0b0dc9f60af99dba467b198069d7c94550eb
1610 4096 1536 1536 0 1 0 5249544e3be4f0669cb9c5f5d900537f65fed11dc632e0939d1dedcb0d880243 2c15071e4d18cb440f22ce910f64d010fb4b9421ec240755d986e1e38fb7671a
1611 4096 1536 1536 0 -1 0 5249544e3be4f0669cb9c5f5d900537f65fed11dc632e0939d1dedcb0d880243 2c15071e4d18cb440f22ce910f64d010fb4b9421ec240755d986e1e38fb7671a
1612 4096 1536 1536 1 1 0 5249544e3be4f0669cb9c5f5d900537f65fed11dc632e0939d1dedcb0d880243 2c15071e4d18cb440f22ce910f64d010fb4b9421ec240755d986e1e38fb7671a
1613 4096 1536 1536 1 -1 0 5249544e3be4f0669cb9c5f5d900537f65fed11dc632e0939d1dedcb0d880243 2c15071e4d18cb440f22ce910f64d010fb4b9421ec240755d986e1e38fb7671a
1614 4096 1536 1536 2 1 -1 5249544e3be4f0669cb9c5f5d900537f65fed11dc632e0939d1dedcb0d880243 2c15071e4d18cb440f22ce910f64d010fb4b9421ec240755d986e1e38fb7671a
1615 4096 1536 1536 -1 2 -1 24e2afcc9cb6d1fa710fb31dd279fe62fb32420796b7e9905e214ec34c04057b 4a000c01908edadf12d3674c299408dac8c5011ce2adfbde46f607248ba97429
1616 4096 1536 2560 1 0 0 5249544e3be4f0669cb9c5f5d900537f65fed11dc632e0939d1dedcb0d880243 2c15071e4d18cb440f22ce910f64d010fb4b9421ec240755d986e1e38fb7671a
1617 4096 1536 2560 -1 0 0 1e25823f68ef8bb817db369c4540bbeecdd2c869d0ca88cb70eb5cb285882486 d775a2092dc532b58a49bb0d04b0aa3a563801a0ae6a4416dcaab029b6e5a82a
1618 4096 1536 2560 0 1 0 5249544e3be4f0669cb9c5f5d900537f65fed11dc632e0939d1dedcb0d880243 2c15071e4d18cb440f22ce910f64d010fb4b9421ec240755d986e1e38fb7671a
1619 4096 1536 2560 0 -1 0 5249544e3be4f0669cb9c5f5d900537f65fed11dc632e0939d1dedcb0d880243 2c15071e4d18cb440f22ce910f64d010fb4b9421ec240755d986e1e38fb7671a
1620 4096 1536 2560 1 1 0 5249544e3be4f0669cb9c5f5d900537f65fed11dc632e0939d1dedcb0d880243 2c15071e4d18cb440f22ce910f64d010fb4b9421ec240755d986e1e38fb7671a
1621 4096 1536 2560 1 -1 0 5249544e3be4f0669cb9c5f5d900537f65fed11dc632e0939d1dedcb0d880243 2c15071e4d18cb440f22ce910f64d010fb4b9421ec240755d986e1e38fb7671a
1622 4096 1536 2560 2 1 -1 5249544e3be4f0669cb9c5f5d900537f65fed11dc632e0939d1dedcb0d880243 2c15071e4d18cb440f22ce910f64d010fb4b9421ec240755d986e1e38fb7671a
1623 4096 1536 2560 -1 2 -1 1aadc94e18116d79a9475f64c934c40f7f807dbe23807a95534a2c0399be3ec5 d3856ef3756b6e7fa4906e2c62c48ea3b916be362d220b618e3bf8ffd1ab87fd
1624 4096 1536 4096 1 0 0 5249544e3be4f0669cb9c5f5d900537f65fed11dc632e0939d1dedcb0d880243 2c15071e4d18cb440f22ce910f64d010fb4b9421ec240755d986e1e38fb7671a
1625 4096 1536 4096 -1 0 0 5249544e3be4f0669cb9c5f5d900537f65fed11dc632e0939d1dedcb0d880243 2c15071e4d18cb440f22ce910f64d010fb4b9421ec240755d986e1e38fb7671a
1626 4096 1536 4096 0 1 0 5249544e3be4f0669cb9c5f5d900537f65fed11dc632e0939d1dedcb0d880243 2c15071e4d18cb440f22ce910f64d010fb4b9421ec240755d986e1e38fb7671a
1627 4096 1536 4096 0 -1 0 5249544e3be4f0669cb9c5f5d900537f65fed11dc632e0939d1dedcb0d880243 2c15071e4d18cb440f22ce910f64d010fb4b9421ec240755d986e1e38fb7671a
1628 4096 1536 4096 1 1 0 5249544e3be4f0669cb9c5f5d900537f65fed11dc632e0939d1dedcb0d880243 2c15071e4d18cb440f22ce910f64d010fb4b9421ec240755d986e1e38fb7671a
1629 4096 1536 4096 1 -1 0 5249544e3be4f0669cb9c5f5d900537f65fed11dc632e0939d1dedcb0d880243 2c15071e4d18cb440f22ce910f64d010fb4b9421ec240755d986e1e38fb7671a
1630 4096 1536 4096 2 1 -1 5249544e3be4f0669cb9c5f5d900537f65fed11dc632e0939d1dedcb0d880243 2c15071e4d18cb440f22ce910f64d010fb4b9421ec240755d986e1e38fb7671a
1631 4096 1536 4096 -1 2 -1 b70e44bdee041287a4b2bd9c695413b2d210e847babcf2d626cbe1f59b8f1956 bacc1f42411ca8c9686313d39a761729c866c551bcde1f0f75b413347af07e90
1632 4096 2560 -1536 1 0 0 5249544e3be4f0669cb9c5f5d900537f65fed11dc632e0939d1dedcb0d880243 2c15071e4d18cb440f22ce910f64d010fb4b9421ec240755d986e1e38fb7671a
1633 4096 2560 -1536 -1 0 0 5249544e3be4f0669cb9c5f5d900537f65fed11dc632e0939d1dedcb0d880243 2c15071e4d18cb440f22ce910f64d010fb4b9421ec240755d986e1e38fb7671a
1634 4096 2560 -1536 0 1 0 5249544e3be4f0669cb9c5f5d900537f65fed11dc632e0939d1dedcb0d880243 2c15071e4d18cb440f22ce910f64d010fb4b9421ec240755d986e1e38fb7671a
1635 4096 2560 -1536 0 -1 0 5249544e3be4f0669cb9c5f5d900537f65fed11dc632e0939d1dedcb0d880243 2c15071e4d18cb440f22ce910f64d010fb4b9421ec240755d986e1e38fb7671a
1636 4096 2560 -1536 1 1 0 5249544e3be4f0669cb9c5f5d900537f65fed11dc632e0939d1dedcb0d880243 2c15071e4d18cb440f22ce910f64d010fb4b9421ec240755d986e1e38fb7671a
1637 4096 2560 -1536 1 -1 0 5249544e3be4f0669cb9c5f5d900537f65fed11dc632e0939d1dedcb0d880243 2c15071e4d18cb440f22ce910f64d010fb4b9421ec240755d986e1e38fb7671a
1638 4096 2560 -1536 2 1 -1 5249544e3be4f0669cb9c5f5d900537f65fed11dc632e0939d1dedcb0d880243 2c15071e4d18cb440f22ce910f64d010fb4b9421ec240755d986e1e38fb7671a
1639 4096 2560 -1536 -1 2 -1 5249544e3be4f0669cb9c5f5d900537f65fed11dc632e0939d1dedcb0d880243 2c15071e4d18cb440f22ce910f64d010fb4b9421ec240755d986e1e38fb7671a
1640 4096 2560 -512 1 0 0 5249544e3be4f0669cb9c5f5d900537f65fed11dc632e0939d1dedcb0d880243 2c15071e4d18cb440f22ce910f64d010fb4b9421ec240755d986e1e38fb7671a
1641 4096 2560 -512 -1 0 0 61587cb7def95a95f35c955ac3a6b5279198cf47055119f4d8b187120522a8da e4db9c72fcd787e4c72e8ac5277f0c9507e8a3b8dab1ab4a169c6e8d0aba545a
1642 4096 2560 -512 0 1 0 5249544e3be4f0669cb9c5f5d900537f65fed11dc632e0939d1dedcb0d880243 2c15071e4d18cb440f22ce910f64d010fb4b9421ec240755d986e1e38fb7671a
1643 4096 2560 -512 0 -1 0 5249544e3be4f0669cb9c5f5d900537f65fed11dc632e0939d1dedcb0d880243 2c15071e4d18cb440f22ce910f64d010fb4b9421ec240755d986e1e38fb7671a
1644 4096 2560 -512 1 1 0 5249544e3be4f0669cb9c5f5d900537f65fed11dc632e0939d1dedcb0d880243 2c15071e4d18cb440f22ce910f64d010fb4b9421ec240755d986e1e38fb7671a
1645 4096 2560 -512 1 -1 0 5249544e3be4f0669cb9c5f5d900537f65fed11dc632e0939d1dedcb0d880243 2c15071e4d18cb440f22ce910f64d010fb4b9421ec240755d986e1e38fb7671a
1646 4096 2560 -512 2 1 -1 5249544e3be4f0669cb9c5f5d900537f65fed11dc632e0939d1dedcb0d880243 2c15071e4d18cb440f22ce910f64d010fb4b9421ec240755d986e1e38fb7671a
1647 4096 2560 -512 -1 2 -1 5249544e3be4f0669cb9c5f5d900537f65fed11dc632e0939d1dedcb0d880243 2c15071e4d18cb440f22ce910f64d010fb4b9421ec240755d986e1e38fb7671a
1648 4096 2560 512 1 0 0 5249544e3be4f0669cb9c5f5d900537f65fed11dc632e0939d1dedcb0d880243 2c15071e4d18cb440f22ce910f64d010fb4b9421ec240755d986e1e38fb7671a
1649 4096 2560 512 -1 0 0 d71a112eb14dab2a75d8fdc4e336a4ecf5af3d426ceb82f291ff075281ce8e93 16f2794c63ac244e153c55b16d77bd381df72fc7e43faf1acfe482a381aaf51f
1650 4096 2560 512 0 1 0 5249544e3be4f0669cb9c5f5d900537f65fed11dc632e0939d1dedcb0d880243 2c15071e4d18cb440f22ce910f64d010fb4b9421ec240755d986e1e38fb7671a
1651 4096 2560 512 0 -1 0 5249544e3be4f0669cb9c5f5d900537f65fed11dc632e0939d1dedcb0d880243 2c15071e4d18cb440f22ce910f64d010fb4b9421ec240755d986e1e38fb7671a
1652 4096 2560 512 1 1 0 5249544e3be4f0669cb9c5f5d900537f65fed11dc632e0939d1dedcb0d880243 2c15071e4d18cb440f22ce910f64d010fb4b9421ec240755d986e1e38fb7671a
1653 4096 2560 512 1 -1 0 5249544e3be4f0669cb9c5f5d900537f65fed11dc632e0939d1dedcb0d880243 2c15071e4d18cb440f22ce910f64d010fb4b9421ec240755d986e1e38fb7671a
1654 4096 2560 512 2 1 -1 5249544e3be4f0669cb9c5f5d900537f65fed11dc632e0939d1dedcb0d880243 2c15071e4d18cb440f22ce910f64d010fb4b9421ec240755d986e1e38fb7671a
1655 4096 2560 512 -1 2 -1 5249544e3be4f0669cb9c5f5d900537f65fed11dc632e0939d1dedcb0d880243 2c15071e4d18cb440f22ce910f64d010fb4b9421ec240755d986e1e38fb7671a
1656 4096 2560 1536 1 0 0 5249544e3be4f0669cb9c5f5d900537f65fed11dc632e0939d1dedcb0d880243 2c15071e4d18cb440f22ce910f64d010fb4b9421ec240755d986e1e38fb7671a
1657 4096 2560 1536 -1 0 0 5e476891c59eb4b7b988fffd0e59f47f03a69b9e369803682977b8fa2c158a92 1851a551dee6545ceb1d7cf776ee9e0a0d6d2bd76e4f9490b96dbdf3045af51d
1658 4096 2560 1536 0 1 0 5249544e3be4f0669cb9c5f5d900537f65fed11dc632e0939d1dedcb0d880243 2c15071e4d18cb440f22ce910f64d010fb4b9421ec240755d986e1e38fb7671a
1659 4096 2560 1536 0 -1 0 5249544e3be4f0669cb9c5f5d900537f65fed11dc632e0939d1dedcb0d880243 2c15071e4d18cb440f22ce910f64d010fb4b9421ec240755d986e1e38fb7671a
1660 4096 2560 1536 1 1 0 5249544e3be4f0669cb9c5f5d900537f65fed11dc632e0939d1dedcb0d880243 2c15071e4d18cb440f22ce910f64d010fb4b9421ec240755d986e1e38fb7671a
1661 4096 2560 1536 1 -1 0 5249544e3be4f0669cb9c5f5d900537f65fed11dc632e0939d1dedcb0d880243 2c15071e4d18cb440f22ce910f64d010fb4b9421ec240755d986e1e38fb7671a
1662 4096 2560 1536 2 1 -1 5249544e3be4f0669cb9c5f5d900537f65fed11dc632e0939d1dedcb0d880243 2c15071e4d18cb440f22ce910f64d010fb4b9421ec240755d986e1e38fb7671a
1663 4096 2560 1536 -1 2 -1 5249544e3be4f0669cb9c5f5d900537f65fed11dc632e0939d1dedcb0d880243 2c15071e4d18cb440f22ce910f64d010fb4b9421ec240755d986e1e38fb7671a
1664 4096 2560 2560 1 0 0 5249544e3be4f0669cb9c5f5d900537f65fed11dc632e0939d1dedcb0d880243 2c15071e4d18cb440f22ce910f64d010fb4b9421ec240755d986e1e38fb7671a
1665 4096 2560 2560 -1 0 0 acdc6a0ab65c77281dd5c9a35a8565d386adac2bf3edc366a5243f758571a380 5d0f4f2ce2fee20c3872846d3edf6f0acafefdad3788968050cad56dce676f03
1666 4096 2560 2560 0 1 0 5249544e3be4f0669cb9c5f5d900537f65fed11dc632e0939d1dedcb0d880243 2c15071e4d18cb440f22ce910f64d010fb4b9421ec240755d986e1e38fb7671a
1667 4096 2560 2560 0 -1 0 5249544e3be4f0669cb9c5f5d900537f65fed11dc632e0939d1dedcb0d880243 2c15071e4d18cb440f22ce910f64d010fb4b9421ec240755d986e1e38fb7671a
1668 4096 2560 2560 1 1 0 5249544e3be4f0669cb9c5f5d900537f65fed11dc632e0939d1dedcb0d880243 2c15071e4d18cb440f22ce910f64d010fb4b9421ec240755d986e1e38fb7671a
1669 4096 2560 2560 1 -1 0 5249544e3be4f0669cb9c5f5d900537f65fed11dc632e0939d1dedcb0d880243 2c15071e4d18cb440f22ce910f64d010fb4b9421ec240755d986e1e38fb7671a
1670 4096 2560 2560 2 1 -1 5249544e3be4f0669cb9c5f5d900537f65fed11dc632e0939d1dedcb0d880243 2c15071e4d18cb440f22ce910f64d010fb4b9421ec240755d986e1e38fb7671a
1671 4096 2560 2560 -1 2 -1 5249544e3be4f0669cb9c5f5d900537f65fed11dc632e0939d1dedcb0d880243 2c15071e4d18cb440f22ce910f64d010fb4b9421ec240755d986e1e38fb7671a
1672 4096 2560 4096 1 0 0 5249544e3be4f0669cb9c5f5d900537f65fed11dc632e0939d1dedcb0d880243 2c15071e4d18cb440f22ce910f64d010fb4b9421ec240755d986e1e38fb7671a
1673 4096 2560 4096 -1 0 0 5249544e3be4f0669cb9c5f5d900537f65fed11dc632e0939d1dedcb0d880243 2c15071e4d18cb440f22ce910f64d010fb4b9421ec240755d986e1e38fb7671a
1674 4096 2560 4096 0 1 0 5249544e3be4f0669cb9c5f5d900537f65fed11dc632e0939d1dedcb0d880243 2c15071e4d18cb440f22ce910f64d010fb4b9421ec240755d986e1e38fb7671a
1675 4096 2560 4096 0 -1 0 5249544e3be4f0669cb9c5f5d900537f65fed11dc632e0939d1dedcb0d880243 2c15071e4d18cb440f22ce910f64d010fb4b9421ec240755d986e1e38fb7671a
1676 4096 2560 4096 1 1 0 5249544e3be4f0669cb9c5f5d900537f65fed11dc632e0939d1dedcb0d880243 2c15071e4d18cb440f22ce910f64d010fb4b9421ec240755d986e1e38fb7671a
1677 4096 2560 4096 1 -1 0 5249544e3be4f0669cb9c5f5d900537f65fed11dc632e0939d1dedcb0d880243 2c15071e4d18cb440f22ce910f64d010fb4b9421ec240755d986e1e38fb7671a
1678 4096 2560 4096 2 1 -1 5249544e3be4f0669cb9c5f5d900537f65fed11dc632e0939d1dedcb0d880243 2c15071e4d18cb440f22ce910f64d010fb4b9421ec240755d986e1e38fb7671a
1679 4096 2560 4096 -1 2 -1 5249544e3be4f0669cb9c5f5d900537f65fed11dc632e0939d1dedcb0d880243 2c15071e4d18cb440f22ce910f64d010fb4b9421ec240755d986e1e38fb7671a
1680 4096 4096 -1536 1 0 0 5249544e3be4f0669cb9c5f5d900537f65fed11dc632e0939d1dedcb0d880243 2c15071e4d18cb440f22ce910f64d010fb4b9421ec240755d986e1e38fb7671a
1681 4096 4096 -1536 -1 0 0 5249544e3be4f0669cb9c5f5d900537f65fed11dc632e0939d1dedcb0d880243 2c15071e4d18cb440f22ce910f64d010fb4b9421ec240755d986e1e38fb7671a
1682 4096 4096 -1536 0 1 0 5249544e3be4f0669cb9c5f5d900537f65fed11dc632e0939d1dedcb0d880243 2c15071e4d18cb440f22ce910f64d010fb4b9421ec240755d986e1e38fb7671a
1683 4096 4096 -1536 0 -1 0 5249544e3be4f0669cb9c5f5d900537f65fed11dc632e0939d1dedcb0d880243 2c15071e4d18cb440f22ce910f64d010fb4b9421ec240755d986e1e38fb7671a
1684 4096 4096 -1536 1 1 0 5249544e3be4f0669cb9c5f5d900537f65fed11dc632e0939d1dedcb0d880243 2c15071e4d18cb440f22ce910f64d010fb4b9421ec240755d986e1e38fb7671a
1685 4096 4096 -1536 1 -1 0 5249544e3be4f0669cb9c5f5d900537f65fed11dc632e0939d1dedcb0d880243 2c15071e4d18cb440f22ce910f64d010fb4b9421ec240755d986e1e38fb7671a
1686 4096 4096 -1536 2 1 -1 5249544e3be4f0669cb9c5f5d900537f65fed11dc632e0939d1dedcb0d880243 2c15071e4d18cb440f22ce910f64d010fb4b9421ec240755d986e1e38fb7671a
1687 4096 4096 -1536 -1 2 -1 5249544e3be4f0669cb9c5f5d900537f65fed11dc632e0939d1dedcb0d880243 2c15071e4d18cb440f22ce910f64d010fb4b9421ec240755d986e1e38fb7671a
1688 4096 4096 -512 1 0 0 5249544e3be4f0669cb9c5f5d900537f65fed11dc632e0939d1dedcb0d880243 2c15071e4d18cb440f22ce910f64d010fb4b9421ec240755d986e1e38fb7671a
1689 4096 4096 -512 -1 0 0 f8f57cab9471814df3303b3630d8bef5bce029933351c49e3b04d2e1a86f2379 d25f10946da706b207635301892a854b4cfbe6339d06f32dfc9f87bc90a1e21b
1690 4096 4096 -512 0 1 0 5249544e3be4f0669cb9c5f5d900537f65fed11dc632e0939d1dedcb0d880243 2c15071e4d18cb440f22ce910f64d010fb4b9421ec240755d986e1e38fb7671a
1691 4096 4096 -512 0 -1 0 9dcaee6c27a2f24fd2b35e3db2f95a3a2f0d0c3b95b9dce4c3b7c13a96a3f9c2 7d683bb907eea499a615f9537dde108d2eb3b05d250c82aa65e68b0193d5af67
1692 4096 4096 -512 1 1 0 5249544e3be4f0669cb9c5f5d900537f65fed11dc632e0939d1dedcb0d880243 2c15071e4d18cb440f22ce910f64d010fb4b9421ec240755d986e1e38fb7671a
1693 4096 4096 -512 1 -1 0 5249544e3be4f0669cb9c5f5d900537f65fed11dc632e0939d1dedcb0d880243 2c15071e4d18cb440f22ce910f64d010fb4b9421ec240755d986e1e38fb7671a
1694 4096 4096 -512 2 1 -1 5249544e3be4f0669cb9c5f5d900537f65fed11dc632e0939d1dedcb0d880243 2c15071e4d18cb440f22ce910f64d010fb4b9421ec240755d986e1e38fb7671a
1695 4096 4096 -512 -1 2 -1 5249544e3be4f0669cb9c5f5d900537f65fed11dc632e0939d1dedcb0d880243 2c15071e4d18cb440f22ce910f64d010fb4b9421ec240755d986e1e38fb7671a
1696 4096 4096 512 1 0 0 5249544e3be4f0669cb9c5f5d900537f65fed11dc632e0939d1dedcb0d880243 2c15071e4d18cb440f22ce910f64d010fb4b9421ec240755d986e1e38fb7671a
1697 4096 4096 512 -1 0 0 9d8a0e4816b6ff2db74d86f9091d7de58556847ab7c009b7f7b5db16ae06b3dc 2464a9fe7c78e1f2d3a614e9ce58be14985ef62b1efc83b62d159b11b1b555e7
1698 4096 4096 512 0 1 0 5249544e3be4f0669cb9c5f5d900537f65fed11dc632e0939d1dedcb0d880243 2c15071e4d18cb440f22ce910f64d010fb4b9421ec240755d986e1e38fb7671a
1699 4096 4096 512 0 -1 0 1bfadd103a58539998394cb4382afa6761f63608d6ef96839d2c680abbafdf79 9c0af62e5d8419ce113701f6ead5cd9a1e5499061cd11544ccece6dccd92a648
1700 4096 4096 512 1 1 0 5249544e3be4f0669cb9c5f5d900537f65fed11dc632e0939d1dedcb0d880243 2c15071e4d18cb440f22ce910f64d010fb4b9421ec240755d986e1e38fb7671a
1701 4096 4096 512 1 -1 0 5249544e3be4f0669cb9c5f5d900537f65fed11dc632e0939d1dedcb0d880243 2c15071e4d18cb440f22ce910f64d010fb4b9421ec240755d986e1e38fb7671a
1702 4096 4096 512 2 1 -1 5249544e3be4f0669cb9c5f5d900537f65fed11dc632e0939d1dedcb0d880243 2c15071e4d18cb440f22ce910f64d010fb4b9421ec240755d986e1e38fb7671a
1703 4096 4096 512 -1 2 -1 5249544e3be4f0669cb9c5f5d900537f65fed11dc632e0939d1dedcb0d880243 2c15071e4d18cb440f22ce910f64d010fb4b9421ec240755d986e1e38fb7671a
1704 4096 4096 1536 1 0 0 5249544e3be4f0669cb9c5f5d900537f65fed11dc632e0939d1dedcb0d880243 2c15071e4d18cb440f22ce910f64d010fb4b9421ec240755d986e1e38fb7671a
1705 4096 4096 1536 -1 0 0 5b2473d5c791f0fdc35a1eaa85dd72f4e5666c4414888babfa2b8d761d5d3410 36475254d117cb1ac582532a25f4f25bfd6ecd93bb9358a59f57f2ee9d3906ba
1706 4096 4096 1536 0 1 0 5249544e3be4f0669cb9c5f5d900537f65fed11dc632e0939d1dedcb0d880243 2c15071e4d18cb440f22ce910f64d010fb4b9421ec240755d986e1e38fb7671a
1707 4096 4096 1536 0 -1 0 df78267454d0a66a5ee2ef38c7190a8e79e817cd27811b6be8dd63a4cabe3b19 7177886b723985f92c5808fdbdfab3b7015dd411e4e982e6fb4112ce756fdb45
1708 4096 4096 1536 1 1 0 5249544e3be4f0669cb9c5f5d900537f65fed11dc632e0939d1dedcb0d880243 2c15071e4d18cb440f22ce910f64d010fb4b9421ec240755d986e1e38fb7671a
1709 4096 4096 1536 1 -1 0 5249544e3be4f0669cb9c5f5d900537f65fed11dc632e0939d1dedcb0d880243 2c15071e4d18cb440f22ce910f64d010fb4b9421ec240755d986e1e38fb7671a
1710 4096 4096 1536 2 1 -1 5249544e3be4f0669cb9c5f5d900537f65fed11dc632e0939d1dedcb0d880243 2c15071e4d18cb440f22ce910f64d010fb4b9421ec240755d986e1e38fb7671a
1711 4096 4096 1536 -1 2 -1 5249544e3be4f0669cb9c5f5d900537f65fed11dc632e0939d1dedcb0d880243 2c15071e4d18cb440f22ce910f64d010fb4b9421ec240755d986e1e38fb7671a
1712 4096 4096 2560 1 0 0 5249544e3be4f0669cb9c5f5d900537f65fed11dc632e0939d1dedcb0d880243 2c15071e4d18cb440f22ce910f64d010fb4b9421ec240755d986e1e38fb7671a
1713 4096 4096 2560 -1 0 0 ee4e482ef1fa162320b89a95908f98ff4cc17ecac368312e7cdfc59919f40ef1 5e75a49769548013748f9b2be3cfda1c10adf7dac43ca9e1dcd1b47d7b22a937
1714 4096 4096 2560 0 1 0 5249544e3be4f0669cb9c5f5d900537f65fed11dc632e0939d1dedcb0d880243 2c15071e4d18cb440f22ce910f64d010fb4b9421ec240755d986e1e38fb7671a
1715 4096 4096 2560 0 -1 0 e6a7d96b84a1652c0cc9d3b9ef2157bf110d5918f2809464ff448b52fb4df92c ce575b3feb814f3dab9631f3c53438577fbdf1134179319fb66b9e748d80fbd7
1716 4096 4096 2560 1 1 0 5249544e3be4f0669cb9c5f5d900537f65fed11dc632e0939d1dedcb0d880243 2c15071e4d18cb440f22ce910f64d010fb4b9421ec240755d986e1e38fb7671a
1717 4096 4096 2560 1 -1 0 5249544e3be4f0669cb9c5f5d900537f65fed11dc632e0939d1dedcb0d880243 2c15071e4d18cb440f22ce910f64d010fb4b9421ec240755d986e1e38fb7671a
1718 4096 4096 2560 2 1 -1 5249544e3be4f0669cb9c5f5d900537f65fed11dc632e0939d1dedcb0d880243 2c15071e4d18cb440f22ce910f64d010fb4b9421ec240755d986e1e38fb7671a
1719 4096 4096 2560 -1 2 -1 5249544e3be4f0669cb9c5f5d900537f65fed11dc632e0939d1dedcb0d880243 2c15071e4d18cb440f22ce910f64d010fb4b9421ec240755d986e1e38fb7671a
1720 4096 4096 4096 1 0 0 5249544e3be4f0669cb9c5f5d900537f65fed11dc632e0939d1dedcb0d880243 2c15071e4d18cb440f22ce910f64d010fb4b9421ec240755d986e1e38fb7671a
1721 4096 4096 4096 -1 0 0 5249544e3be4f0669cb9c5f5d900537f65fed11dc632e0939d1dedcb0d880243 2c15071e4d18cb440f22ce910f64d010fb4b9421ec240755d986e1e38fb7671a
1722 4096 4096 4096 0 1 0 5249544e3be4f0669cb9c5f5d900537f65fed11dc632e0939d1dedcb0d880243 2c15071e4d18cb440f22ce910f64d010fb4b9421ec240755d986e1e38fb7671a
1723 4096 4096 4096 0 -1 0 5249544e3be4f0669cb9c5f5d900537f65fed11dc632e0939d1dedcb0d880243 2c15071e4d18cb440f22ce910f64d010fb4b9421ec240755d986e1e38fb7671a
1724 4096 4096 4096 1 1 0 5249544e3be4f0669cb9c5f5d900537f65fed11dc632e0939d1dedcb0d880243 2c15071e4d18cb440f22ce910f64d010fb4b9421ec240755d986e1e38fb7671a
1725 4096 4096 4096 1 -1 0 5249544e3be4f0669cb9c5f5d900537f65fed11dc632e0939d1dedcb0d880243 2c15071e4d18cb440f22ce910f64d010fb4b9421ec240755d986e1e38fb7671a
1726 4096 4096 4096 2 1 -1 5249544e3be4f0669cb9c5f5d900537f65fed11dc632e0939d1dedcb0d880243 2c15071e4d18cb440f22ce910f64d010fb4b9421ec240755d986e1e38fb7671a
1727 4096 4096 4096 -1 2 -1 5249544e3be4f0669cb9c5f5d900537f65fed11dc632e0939d1dedcb0d880243 2c15071e4d18cb440f22ce910f64d010fb4b9421ec240755d986e1e38fb7671a
